date,SD_mean_clean,SD_mean_raw,station_id,station_name
2013-04-24,0.0,-0.6,05401007,Portillo
2013-04-25,0.0,-1.67,05401007,Portillo
2013-04-26,0.0,-18.29,05401007,Portillo
2013-04-27,0.0,-1.62,05401007,Portillo
2013-04-28,0.0,-1.12,05401007,Portillo
2013-04-29,0.0,-2.75,05401007,Portillo
2013-04-30,0.0,-1.62,05401007,Portillo
2013-05-01,0.0,-3.88,05401007,Portillo
2013-05-02,0.0,1.6666666666666666e+37,05401007,Portillo
2013-05-03,0.0,-14.54,05401007,Portillo
2013-05-04,0.0,-2.75,05401007,Portillo
2013-05-05,0.0,-0.83,05401007,Portillo
2013-05-06,0.0,-1.67,05401007,Portillo
2013-05-07,0.0,-1.5,05401007,Portillo
2013-05-08,0.0,-2.0,05401007,Portillo
2013-05-09,0.0,-0.42,05401007,Portillo
2013-05-10,0.0,-7.42,05401007,Portillo
2013-05-11,0.0,-0.38,05401007,Portillo
2013-05-12,0.0,-0.46,05401007,Portillo
2013-05-13,0.0,-0.38,05401007,Portillo
2013-05-14,0.0,-1.62,05401007,Portillo
2013-05-15,0.0,-4.0,05401007,Portillo
2013-05-16,0.0,-2.92,05401007,Portillo
2013-05-17,0.0,-11.29,05401007,Portillo
2013-05-18,0.0,4.1666666666666666e+36,05401007,Portillo
2013-05-19,0.0,-1.54,05401007,Portillo
2013-05-20,0.0,-3.62,05401007,Portillo
2013-05-21,0.0,-8.38,05401007,Portillo
2013-05-22,0.0,-6.14,05401007,Portillo
2013-05-23,0.0,-0.58,05401007,Portillo
2013-05-24,0.0,-4.09,05401007,Portillo
2013-05-25,0.0,-1.87,05401007,Portillo
2013-05-26,0.0,-5.46,05401007,Portillo
2013-05-27,0.0,4.1666666666666666e+36,05401007,Portillo
2013-05-28,0.0,-1.04,05401007,Portillo
2013-05-29,4.81,6.48,05401007,Portillo
2013-05-30,1.68,3.35,05401007,Portillo
2013-05-31,11.83,13.5,05401007,Portillo
2013-06-01,18.11,8.333333333333333e+36,05401007,Portillo
2013-06-02,16.29,4.1666666666666666e+36,05401007,Portillo
2013-06-03,13.46,15.12,05401007,Portillo
2013-06-04,11.94,13.5,05401007,Portillo
2013-06-05,10.15,11.58,05401007,Portillo
2013-06-06,8.67,10.33,05401007,Portillo
2013-06-07,7.33,8.71,05401007,Portillo
2013-06-08,7.06,8.46,05401007,Portillo
2013-06-09,6.17,7.83,05401007,Portillo
2013-06-10,5.47,6.83,05401007,Portillo
2013-06-11,4.61,6.0,05401007,Portillo
2013-06-12,3.97,5.33,05401007,Portillo
2013-06-13,3.76,5.09,05401007,Portillo
2013-06-14,3.24,4.62,05401007,Portillo
2013-06-15,2.77,4.33,05401007,Portillo
2013-06-16,2.08,3.75,05401007,Portillo
2013-06-17,1.1,2.74,05401007,Portillo
2013-06-18,1.33,2.75,05401007,Portillo
2013-06-19,1.33,2.67,05401007,Portillo
2013-06-20,0.96,2.62,05401007,Portillo
2013-06-21,0.54,2.21,05401007,Portillo
2013-06-22,,6.6666666666666665e+37,05401007,Portillo
2013-06-23,35.83,5e+37,05401007,Portillo
2013-06-24,35.29,8.333333333333333e+36,05401007,Portillo
2013-06-25,30.08,31.75,05401007,Portillo
2013-06-26,26.29,4.1666666666666666e+36,05401007,Portillo
2013-06-27,38.92,40.58,05401007,Portillo
2013-06-28,57.47,4.1666666666666666e+36,05401007,Portillo
2013-06-29,54.83,56.5,05401007,Portillo
2013-06-30,50.96,52.62,05401007,Portillo
2013-07-01,48.08,49.75,05401007,Portillo
2013-07-02,45.94,47.46,05401007,Portillo
2013-07-03,44.17,45.83,05401007,Portillo
2013-07-04,42.29,43.96,05401007,Portillo
2013-07-05,42.58,44.25,05401007,Portillo
2013-07-06,44.54,46.21,05401007,Portillo
2013-07-07,42.04,43.71,05401007,Portillo
2013-07-08,40.62,42.29,05401007,Portillo
2013-07-09,39.2,40.67,05401007,Portillo
2013-07-10,40.87,42.54,05401007,Portillo
2013-07-11,46.99,48.54,05401007,Portillo
2013-07-12,44.37,46.04,05401007,Portillo
2013-07-13,42.25,43.92,05401007,Portillo
2013-07-14,40.29,41.96,05401007,Portillo
2013-07-15,37.92,39.58,05401007,Portillo
2013-07-16,35.71,37.38,05401007,Portillo
2013-07-17,33.67,35.33,05401007,Portillo
2013-07-18,32.33,34.21,05401007,Portillo
2013-07-19,32.33,1.25e+37,05401007,Portillo
2013-07-20,33.23,2.0833333333333328e+37,05401007,Portillo
2013-07-21,32.61,34.25,05401007,Portillo
2013-07-22,31.76,32.96,05401007,Portillo
2013-07-23,31.65,32.42,05401007,Portillo
2013-07-24,30.29,31.96,05401007,Portillo
2013-07-25,29.06,30.42,05401007,Portillo
2013-07-26,28.33,30.08,05401007,Portillo
2013-07-27,27.55,29.08,05401007,Portillo
2013-07-28,25.94,27.5,05401007,Portillo
2013-07-29,23.25,24.92,05401007,Portillo
2013-07-30,21.03,22.58,05401007,Portillo
2013-07-31,20.12,21.67,05401007,Portillo
2013-08-01,19.46,21.12,05401007,Portillo
2013-08-02,17.42,19.08,05401007,Portillo
2013-08-03,17.04,18.71,05401007,Portillo
2013-08-04,16.54,18.21,05401007,Portillo
2013-08-05,14.58,16.25,05401007,Portillo
2013-08-06,13.75,8.333333333333333e+36,05401007,Portillo
2013-08-07,37.59,4.1666666666666666e+36,05401007,Portillo
2013-08-08,53.08,4.1666666666666666e+36,05401007,Portillo
2013-08-09,50.54,52.21,05401007,Portillo
2013-08-10,46.97,48.25,05401007,Portillo
2013-08-11,46.57,49.25,05401007,Portillo
2013-08-12,57.83,59.79,05401007,Portillo
2013-08-13,58.25,59.92,05401007,Portillo
2013-08-14,54.62,56.29,05401007,Portillo
2013-08-15,53.21,54.88,05401007,Portillo
2013-08-16,51.83,53.21,05401007,Portillo
2013-08-17,49.94,51.42,05401007,Portillo
2013-08-18,48.79,50.17,05401007,Portillo
2013-08-19,47.08,48.75,05401007,Portillo
2013-08-20,46.68,48.25,05401007,Portillo
2013-08-21,45.83,47.5,05401007,Portillo
2013-08-22,45.04,46.71,05401007,Portillo
2013-08-23,45.33,1.6666666666666666e+37,05401007,Portillo
2013-08-24,,7.083333333333332e+37,05401007,Portillo
2013-08-25,52.96,54.62,05401007,Portillo
2013-08-26,52.46,54.12,05401007,Portillo
2013-08-27,49.54,51.21,05401007,Portillo
2013-08-28,45.92,47.58,05401007,Portillo
2013-08-29,43.0,44.67,05401007,Portillo
2013-08-30,40.83,42.5,05401007,Portillo
2013-08-31,39.21,40.88,05401007,Portillo
2013-09-01,39.97,8.333333333333333e+36,05401007,Portillo
2013-09-02,42.23,1.6666666666666666e+37,05401007,Portillo
2013-09-03,44.33,46.0,05401007,Portillo
2013-09-04,40.79,42.46,05401007,Portillo
2013-09-05,40.02,41.46,05401007,Portillo
2013-09-06,43.79,4.583333333333333e+37,05401007,Portillo
2013-09-07,49.0,50.58,05401007,Portillo
2013-09-08,45.92,47.58,05401007,Portillo
2013-09-09,43.5,45.17,05401007,Portillo
2013-09-10,41.21,42.88,05401007,Portillo
2013-09-11,39.58,41.25,05401007,Portillo
2013-09-12,38.16,39.92,05401007,Portillo
2013-09-13,37.64,39.21,05401007,Portillo
2013-09-14,38.71,40.38,05401007,Portillo
2013-09-15,38.95,40.21,05401007,Portillo
2013-09-16,38.77,40.33,05401007,Portillo
2013-09-17,38.12,39.67,05401007,Portillo
2013-09-18,37.2,38.58,05401007,Portillo
2013-09-19,36.25,37.92,05401007,Portillo
2013-09-20,40.13,8.333333333333333e+36,05401007,Portillo
2013-09-21,54.95,8.333333333333333e+36,05401007,Portillo
2013-09-22,51.94,53.61,05401007,Portillo
2013-09-23,47.46,49.13,05401007,Portillo
2013-09-24,44.58,46.25,05401007,Portillo
2013-09-25,41.73,43.14,05401007,Portillo
2013-09-26,39.9,41.46,05401007,Portillo
2013-09-27,39.59,41.17,05401007,Portillo
2013-09-28,39.2,40.7,05401007,Portillo
2013-09-29,38.87,40.54,05401007,Portillo
2013-09-30,38.52,4.1666666666666666e+36,05401007,Portillo
2013-10-01,37.17,2.5e+37,05401007,Portillo
2013-10-02,38.21,39.88,05401007,Portillo
2013-10-03,38.68,40.21,05401007,Portillo
2013-10-04,36.29,37.96,05401007,Portillo
2013-10-05,32.29,33.96,05401007,Portillo
2013-10-06,28.88,30.54,05401007,Portillo
2013-10-07,25.17,26.83,05401007,Portillo
2013-10-08,23.62,25.29,05401007,Portillo
2013-10-09,22.17,23.83,05401007,Portillo
2013-10-10,18.67,20.33,05401007,Portillo
2013-10-11,15.79,17.46,05401007,Portillo
2013-10-12,12.16,13.83,05401007,Portillo
2013-10-13,8.88,10.55,05401007,Portillo
2013-10-14,3.33,5.0,05401007,Portillo
2013-10-15,0.0,-1.0,05401007,Portillo
2013-10-16,,-5.08,05401007,Portillo
2013-10-17,0.0,-6.08,05401007,Portillo
2013-10-18,0.0,-7.67,05401007,Portillo
2013-10-19,0.0,-17.53,05401007,Portillo
2013-10-20,0.0,-17.08,05401007,Portillo
2013-10-21,0.0,-9.48,05401007,Portillo
2013-10-22,0.0,-16.04,05401007,Portillo
2013-10-23,0.0,-6.67,05401007,Portillo
2013-10-24,0.0,-12.55,05401007,Portillo
2013-10-25,0.0,-15.43,05401007,Portillo
2013-10-26,0.0,-12.62,05401007,Portillo
2013-10-27,0.0,-22.46,05401007,Portillo
2013-10-28,0.0,-25.71,05401007,Portillo
2013-10-29,0.0,-19.52,05401007,Portillo
2013-10-30,0.0,-25.88,05401007,Portillo
2013-10-31,0.0,-29.38,05401007,Portillo
2013-11-01,0.0,-24.38,05401007,Portillo
2013-11-02,0.0,-16.29,05401007,Portillo
2013-11-03,0.0,-9.12,05401007,Portillo
2013-11-04,0.0,-19.88,05401007,Portillo
2013-11-05,0.0,-17.75,05401007,Portillo
2013-11-06,0.0,-29.46,05401007,Portillo
2013-11-07,0.0,-17.38,05401007,Portillo
2013-11-08,0.0,-15.04,05401007,Portillo
2013-11-09,0.0,-12.08,05401007,Portillo
2013-11-10,0.0,-22.27,05401007,Portillo
2013-11-11,0.0,-20.26,05401007,Portillo
2013-11-12,0.0,-20.88,05401007,Portillo
2013-11-13,0.0,-13.79,05401007,Portillo
2013-11-14,0.0,-21.91,05401007,Portillo
2013-11-15,0.0,-11.79,05401007,Portillo
2013-11-16,0.0,-23.54,05401007,Portillo
2013-11-17,0.0,-14.88,05401007,Portillo
2013-11-18,0.0,-19.79,05401007,Portillo
2013-11-19,0.0,-18.38,05401007,Portillo
2013-11-20,0.0,-18.26,05401007,Portillo
2013-11-21,0.0,-24.83,05401007,Portillo
2013-11-22,0.0,-21.21,05401007,Portillo
2013-11-23,0.0,-25.83,05401007,Portillo
2013-11-24,0.0,-25.62,05401007,Portillo
2013-11-25,0.0,-25.38,05401007,Portillo
2013-11-26,0.0,-17.12,05401007,Portillo
2013-11-27,0.0,-8.08,05401007,Portillo
2013-11-28,0.0,-4.0,05401007,Portillo
2013-11-29,0.0,-17.12,05401007,Portillo
2013-11-30,0.0,-16.21,05401007,Portillo
2013-12-01,0.0,-15.79,05401007,Portillo
2013-12-02,0.0,-11.33,05401007,Portillo
2013-12-03,0.0,-5.58,05401007,Portillo
2013-12-04,0.0,-11.71,05401007,Portillo
2013-12-05,0.0,-8.88,05401007,Portillo
2013-12-06,0.0,-21.93,05401007,Portillo
2013-12-07,0.0,-23.06,05401007,Portillo
2013-12-08,0.0,-30.61,05401007,Portillo
2013-12-09,0.0,-19.35,05401007,Portillo
2013-12-10,0.0,-25.0,05401007,Portillo
2013-12-11,,-13.92,05401007,Portillo
2013-12-12,0.0,-24.08,05401007,Portillo
2013-12-13,0.0,-22.42,05401007,Portillo
2013-12-14,,-21.79,05401007,Portillo
2013-12-15,0.0,-26.54,05401007,Portillo
2013-12-16,0.0,-30.42,05401007,Portillo
2013-12-17,0.0,-29.04,05401007,Portillo
2013-12-18,0.0,-30.29,05401007,Portillo
2013-12-19,0.0,-28.96,05401007,Portillo
2013-12-20,0.0,-27.88,05401007,Portillo
2013-12-21,0.0,-29.17,05401007,Portillo
2013-12-22,0.0,-23.0,05401007,Portillo
2013-12-23,0.0,-24.25,05401007,Portillo
2013-12-24,0.0,-27.67,05401007,Portillo
2013-12-25,0.0,-25.0,05401007,Portillo
2013-12-26,0.0,-10.7,05401007,Portillo
2013-12-27,0.0,-21.04,05401007,Portillo
2013-12-28,0.0,-18.79,05401007,Portillo
2013-12-29,0.0,-22.75,05401007,Portillo
2013-12-30,0.0,-18.5,05401007,Portillo
2013-12-31,0.0,-24.79,05401007,Portillo
2014-01-01,,-30.0,05401007,Portillo
2014-01-02,,-29.83,05401007,Portillo
2014-01-03,,-22.79,05401007,Portillo
2014-01-04,,-14.12,05401007,Portillo
2014-01-05,,-24.21,05401007,Portillo
2014-01-06,,-18.0,05401007,Portillo
2014-01-07,,-26.04,05401007,Portillo
2014-01-08,,-12.35,05401007,Portillo
2014-01-09,,-24.67,05401007,Portillo
2014-01-10,,-19.92,05401007,Portillo
2014-01-11,,-22.83,05401007,Portillo
2014-01-12,,-29.17,05401007,Portillo
2014-01-13,,-30.48,05401007,Portillo
2014-01-14,,-30.29,05401007,Portillo
2014-01-15,,-26.65,05401007,Portillo
2014-01-16,,-29.25,05401007,Portillo
2014-01-17,,-29.92,05401007,Portillo
2014-01-18,,-29.58,05401007,Portillo
2014-01-19,,-23.92,05401007,Portillo
2014-01-20,,-28.36,05401007,Portillo
2014-01-21,,-26.12,05401007,Portillo
2014-01-22,,-25.82,05401007,Portillo
2014-01-23,,-29.54,05401007,Portillo
2014-01-24,,-26.77,05401007,Portillo
2014-01-25,,-28.5,05401007,Portillo
2014-01-26,,-23.58,05401007,Portillo
2014-01-27,,-29.83,05401007,Portillo
2014-01-28,,-21.82,05401007,Portillo
2014-01-29,,-26.67,05401007,Portillo
2014-01-30,,-28.36,05401007,Portillo
2014-01-31,,-22.68,05401007,Portillo
2014-02-01,,-27.42,05401007,Portillo
2014-02-02,,-28.33,05401007,Portillo
2014-02-03,,-23.54,05401007,Portillo
2014-02-04,,-18.67,05401007,Portillo
2014-02-05,,-23.75,05401007,Portillo
2014-02-06,,-19.35,05401007,Portillo
2014-02-07,,-21.5,05401007,Portillo
2014-02-08,,-24.96,05401007,Portillo
2014-02-09,,-25.0,05401007,Portillo
2014-02-10,,-24.57,05401007,Portillo
2014-02-11,,-20.04,05401007,Portillo
2014-02-12,,-15.5,05401007,Portillo
2014-02-13,,-29.08,05401007,Portillo
2014-02-14,,-28.65,05401007,Portillo
2014-02-15,,-29.58,05401007,Portillo
2014-02-16,,-24.5,05401007,Portillo
2014-02-17,,-23.33,05401007,Portillo
2014-02-18,,-29.46,05401007,Portillo
2014-02-19,,-19.75,05401007,Portillo
2014-02-20,,-19.83,05401007,Portillo
2014-02-21,,-26.54,05401007,Portillo
2014-02-22,,-13.67,05401007,Portillo
2014-02-23,,-15.04,05401007,Portillo
2014-02-24,,-21.3,05401007,Portillo
2014-02-25,,-27.79,05401007,Portillo
2014-02-26,,-11.87,05401007,Portillo
2014-02-27,,-11.91,05401007,Portillo
2014-02-28,,-23.38,05401007,Portillo
2014-03-01,,-25.58,05401007,Portillo
2014-03-02,,-28.17,05401007,Portillo
2014-03-03,,-26.64,05401007,Portillo
2014-03-04,,-21.87,05401007,Portillo
2014-03-05,,-14.61,05401007,Portillo
2014-03-06,,-14.17,05401007,Portillo
2014-03-07,,-6.7,05401007,Portillo
2014-03-08,,-16.21,05401007,Portillo
2014-03-09,,-24.27,05401007,Portillo
2014-03-10,,-13.96,05401007,Portillo
2014-03-11,,-16.23,05401007,Portillo
2014-03-12,,-20.0,05401007,Portillo
2014-03-13,,-20.04,05401007,Portillo
2014-03-14,,-28.04,05401007,Portillo
2014-03-15,,-27.17,05401007,Portillo
2014-03-16,,-20.83,05401007,Portillo
2014-03-17,,-21.17,05401007,Portillo
2014-03-18,,-29.33,05401007,Portillo
2014-03-19,,-28.13,05401007,Portillo
2014-03-20,,-21.55,05401007,Portillo
2014-03-21,,-17.17,05401007,Portillo
2014-03-22,,-19.04,05401007,Portillo
2014-03-23,,-21.67,05401007,Portillo
2014-03-24,,-18.5,05401007,Portillo
2014-03-25,,-23.23,05401007,Portillo
2014-03-26,,-24.83,05401007,Portillo
2014-03-27,,-14.96,05401007,Portillo
2014-03-28,,-12.46,05401007,Portillo
2014-03-29,,-26.83,05401007,Portillo
2014-03-30,,-25.65,05401007,Portillo
2014-03-31,,-23.04,05401007,Portillo
2014-04-01,,-22.17,05401007,Portillo
2014-04-02,,-20.75,05401007,Portillo
2014-04-03,,-13.5,05401007,Portillo
2014-04-04,,-12.91,05401007,Portillo
2014-04-05,,-13.58,05401007,Portillo
2014-04-06,,-22.08,05401007,Portillo
2014-04-07,,-26.92,05401007,Portillo
2014-04-08,,-4.0,05401007,Portillo
2014-04-09,,2.5e+37,05401007,Portillo
2014-04-10,,5.833333333333334e+37,05401007,Portillo
2014-04-11,,4.1666666666666666e+36,05401007,Portillo
2014-04-12,,-7.88,05401007,Portillo
2014-04-13,,-0.42,05401007,Portillo
2014-04-14,,-5.5,05401007,Portillo
2014-04-15,,-3.29,05401007,Portillo
2014-04-16,,-18.71,05401007,Portillo
2014-04-17,,-10.08,05401007,Portillo
2014-04-18,,-8.92,05401007,Portillo
2014-04-19,,-7.83,05401007,Portillo
2014-04-20,,-7.92,05401007,Portillo
2014-04-21,,-3.0,05401007,Portillo
2014-04-22,,-1.58,05401007,Portillo
2014-04-23,,-3.12,05401007,Portillo
2014-04-24,,-10.38,05401007,Portillo
2014-04-25,,-11.38,05401007,Portillo
2014-04-26,,-7.67,05401007,Portillo
2014-04-27,,-5.25,05401007,Portillo
2014-04-28,,-1.54,05401007,Portillo
2014-04-29,,-0.25,05401007,Portillo
2014-04-30,,-4.12,05401007,Portillo
2014-05-01,,1.6666666666666666e+37,05401007,Portillo
2014-05-02,,8.333333333333333e+36,05401007,Portillo
2014-05-03,,-6.08,05401007,Portillo
2014-05-04,,-9.25,05401007,Portillo
2014-05-05,,-5.17,05401007,Portillo
2014-05-06,,-2.0,05401007,Portillo
2014-05-07,,-10.12,05401007,Portillo
2014-05-08,,-10.33,05401007,Portillo
2014-05-09,,-11.12,05401007,Portillo
2014-05-10,,-10.38,05401007,Portillo
2014-05-11,,-3.21,05401007,Portillo
2014-05-12,,-4.21,05401007,Portillo
2014-05-13,,-3.96,05401007,Portillo
2014-05-14,,-2.88,05401007,Portillo
2014-05-15,,-4.38,05401007,Portillo
2014-05-16,,-2.92,05401007,Portillo
2014-05-17,,-1.67,05401007,Portillo
2014-05-18,,-3.79,05401007,Portillo
2014-05-19,,-1.67,05401007,Portillo
2014-05-20,,-7.92,05401007,Portillo
2014-05-21,,1.6666666666666666e+37,05401007,Portillo
2014-05-22,,4.1666666666666666e+36,05401007,Portillo
2014-05-23,,-4.98,05401007,Portillo
2014-05-24,,-0.54,05401007,Portillo
2014-05-25,,-0.62,05401007,Portillo
2014-05-26,,-0.38,05401007,Portillo
2014-05-27,,-0.6,05401007,Portillo
2014-05-28,,-0.23,05401007,Portillo
2014-05-29,,-0.33,05401007,Portillo
2014-05-30,,-0.29,05401007,Portillo
2014-05-31,,-0.46,05401007,Portillo
2014-06-01,,-0.56,05401007,Portillo
2014-06-02,,-0.12,05401007,Portillo
2014-06-03,,-7.46,05401007,Portillo
2014-06-04,,-6.83,05401007,Portillo
2014-06-05,,-5.42,05401007,Portillo
2014-06-06,,-1.08,05401007,Portillo
2014-06-07,,2.5,05401007,Portillo
2014-06-08,,56.0,05401007,Portillo
2014-06-09,,27.25,05401007,Portillo
2014-06-10,,20.21,05401007,Portillo
2014-06-11,,82.46,05401007,Portillo
2014-06-12,,34.88,05401007,Portillo
2014-06-13,,35.21,05401007,Portillo
2014-06-14,,30.17,05401007,Portillo
2014-06-15,,27.04,05401007,Portillo
2014-06-16,,24.25,05401007,Portillo
2014-06-17,,22.0,05401007,Portillo
2014-06-18,,20.71,05401007,Portillo
2014-06-19,,19.38,05401007,Portillo
2014-06-20,,18.42,05401007,Portillo
2014-06-21,,17.67,05401007,Portillo
2014-06-22,,17.04,05401007,Portillo
2014-06-23,,15.42,05401007,Portillo
2014-06-24,,13.71,05401007,Portillo
2014-06-25,,13.54,05401007,Portillo
2014-06-26,,12.79,05401007,Portillo
2014-06-27,,13.79,05401007,Portillo
2014-06-28,,13.67,05401007,Portillo
2014-06-29,,13.38,05401007,Portillo
2014-06-30,,13.25,05401007,Portillo
2014-07-01,,12.79,05401007,Portillo
2014-07-02,,13.08,05401007,Portillo
2014-07-03,,12.5,05401007,Portillo
2014-07-04,,11.88,05401007,Portillo
2014-07-05,,13.04,05401007,Portillo
2014-07-06,,12.25,05401007,Portillo
2014-07-07,,12.33,05401007,Portillo
2014-07-08,,11.88,05401007,Portillo
2014-07-09,,11.67,05401007,Portillo
2014-07-10,,11.17,05401007,Portillo
2014-07-11,,11.42,05401007,Portillo
2014-07-12,,10.58,05401007,Portillo
2014-07-13,,10.79,05401007,Portillo
2014-07-14,,11.0,05401007,Portillo
2014-07-15,,10.83,05401007,Portillo
2014-07-16,,10.62,05401007,Portillo
2014-07-17,,10.92,05401007,Portillo
2014-07-18,,10.71,05401007,Portillo
2014-07-19,,9.62,05401007,Portillo
2014-07-20,,9.79,05401007,Portillo
2014-07-21,,9.71,05401007,Portillo
2014-07-22,,9.92,05401007,Portillo
2014-07-23,,10.75,05401007,Portillo
2014-07-24,,9.46,05401007,Portillo
2014-07-25,,9.83,05401007,Portillo
2014-07-26,,4.1666666666666666e+36,05401007,Portillo
2014-07-27,,2.916666666666667e+37,05401007,Portillo
2014-07-28,,13.58,05401007,Portillo
2014-07-29,,14.75,05401007,Portillo
2014-07-30,,1.6666666666666666e+37,05401007,Portillo
2014-07-31,,4.1666666666666666e+36,05401007,Portillo
2014-08-01,,21.33,05401007,Portillo
2014-08-02,,20.62,05401007,Portillo
2014-08-03,,17.25,05401007,Portillo
2014-08-04,,15.62,05401007,Portillo
2014-08-05,,15.5,05401007,Portillo
2014-08-06,,15.38,05401007,Portillo
2014-08-07,,14.42,05401007,Portillo
2014-08-08,,12.75,05401007,Portillo
2014-08-09,,10.92,05401007,Portillo
2014-08-10,,10.38,05401007,Portillo
2014-08-11,,9.42,05401007,Portillo
2014-08-12,,9.08,05401007,Portillo
2014-08-13,,8.04,05401007,Portillo
2014-08-14,,7.67,05401007,Portillo
2014-08-15,,6.0,05401007,Portillo
2014-08-16,,5.0,05401007,Portillo
2014-08-17,,2.92,05401007,Portillo
2014-08-18,,0.75,05401007,Portillo
2014-08-19,,-0.88,05401007,Portillo
2014-08-20,,-1.55,05401007,Portillo
2014-08-21,,-1.71,05401007,Portillo
2014-08-22,,-1.48,05401007,Portillo
2014-08-23,,-1.83,05401007,Portillo
2014-08-24,,0.38,05401007,Portillo
2014-08-25,,-0.83,05401007,Portillo
2014-08-26,,-0.92,05401007,Portillo
2014-08-27,,-1.25,05401007,Portillo
2014-08-28,,1.25e+37,05401007,Portillo
2014-08-29,,-0.79,05401007,Portillo
2014-08-30,,-0.83,05401007,Portillo
2014-08-31,,-0.25,05401007,Portillo
2014-09-01,,-1.08,05401007,Portillo
2014-09-02,,2.916666666666667e+37,05401007,Portillo
2014-09-03,,3.333333333333333e+37,05401007,Portillo
2014-09-04,,2.0833333333333328e+37,05401007,Portillo
2014-09-05,,1.25e+37,05401007,Portillo
2014-09-06,,1.6666666666666666e+37,05401007,Portillo
2014-09-07,,8.79,05401007,Portillo
2014-09-08,,6.29,05401007,Portillo
2014-09-09,,4.67,05401007,Portillo
2014-09-10,,3.96,05401007,Portillo
2014-09-11,,3.33,05401007,Portillo
2014-09-12,,2.17,05401007,Portillo
2014-09-13,,2.21,05401007,Portillo
2014-09-14,,2.83,05401007,Portillo
2014-09-15,,0.48,05401007,Portillo
2014-09-16,,-0.79,05401007,Portillo
2014-09-17,,-0.71,05401007,Portillo
2014-09-18,,-1.21,05401007,Portillo
2014-09-19,,-1.0,05401007,Portillo
2014-09-20,,-1.17,05401007,Portillo
2014-09-21,,-4.0,05401007,Portillo
2014-09-22,,8.333333333333333e+36,05401007,Portillo
2014-09-23,,1.25e+37,05401007,Portillo
2014-09-24,,-1.12,05401007,Portillo
2014-09-25,,4.1666666666666666e+36,05401007,Portillo
2014-09-26,,1.25e+37,05401007,Portillo
2014-09-27,,3.333333333333333e+37,05401007,Portillo
2014-09-28,,2.916666666666667e+37,05401007,Portillo
2014-09-29,,4.1666666666666666e+36,05401007,Portillo
2014-09-30,,4.1666666666666666e+36,05401007,Portillo
2014-10-01,,-6.5,05401007,Portillo
2014-10-02,,-6.96,05401007,Portillo
2014-10-03,,-18.0,05401007,Portillo
2014-10-04,,1.6666666666666666e+37,05401007,Portillo
2014-10-05,,4.1666666666666666e+36,05401007,Portillo
2014-10-06,,-6.91,05401007,Portillo
2014-10-07,,-15.46,05401007,Portillo
2014-10-08,,-11.57,05401007,Portillo
2014-10-09,,-8.04,05401007,Portillo
2014-10-10,,-10.0,05401007,Portillo
2014-10-11,,-7.71,05401007,Portillo
2014-10-12,,-5.25,05401007,Portillo
2014-10-13,,-6.71,05401007,Portillo
2014-10-14,,-3.92,05401007,Portillo
2014-10-15,,-6.5,05401007,Portillo
2014-10-16,,-2.79,05401007,Portillo
2014-10-17,,-6.33,05401007,Portillo
2014-10-18,,-10.48,05401007,Portillo
2014-10-19,,-10.25,05401007,Portillo
2014-10-20,,-8.96,05401007,Portillo
2014-10-21,,-15.58,05401007,Portillo
2014-10-22,,-24.08,05401007,Portillo
2014-10-23,,-27.45,05401007,Portillo
2014-10-24,,-12.92,05401007,Portillo
2014-10-25,,-16.78,05401007,Portillo
2014-10-26,,-28.75,05401007,Portillo
2014-10-27,,-22.67,05401007,Portillo
2014-10-28,,-22.71,05401007,Portillo
2014-10-29,,-23.54,05401007,Portillo
2014-10-30,,-13.21,05401007,Portillo
2014-10-31,,-3.83,05401007,Portillo
2014-11-01,,-1.42,05401007,Portillo
2014-11-02,,-3.79,05401007,Portillo
2014-11-03,,-6.5,05401007,Portillo
2014-11-04,,-5.08,05401007,Portillo
2014-11-05,,-1.46,05401007,Portillo
2014-11-06,,-0.29,05401007,Portillo
2014-11-07,,-5.33,05401007,Portillo
2014-11-08,,-4.04,05401007,Portillo
2014-11-09,,-16.32,05401007,Portillo
2014-11-10,,-21.12,05401007,Portillo
2014-11-11,,-18.46,05401007,Portillo
2014-11-12,,-10.39,05401007,Portillo
2014-11-13,,-7.71,05401007,Portillo
2014-11-14,,-14.35,05401007,Portillo
2014-11-15,,-26.62,05401007,Portillo
2014-11-16,,-28.83,05401007,Portillo
2014-11-17,,-28.77,05401007,Portillo
2014-11-18,,-27.3,05401007,Portillo
2014-11-19,,-16.9,05401007,Portillo
2014-11-20,,-9.3,05401007,Portillo
2014-11-21,,-4.62,05401007,Portillo
2014-11-22,,-5.12,05401007,Portillo
2014-11-23,,-9.17,05401007,Portillo
2014-11-24,,-5.12,05401007,Portillo
2014-11-25,,-7.54,05401007,Portillo
2014-11-26,,-0.46,05401007,Portillo
2014-11-27,,-10.08,05401007,Portillo
2014-11-28,,-11.17,05401007,Portillo
2014-11-29,,-25.88,05401007,Portillo
2014-11-30,,-19.18,05401007,Portillo
2014-12-01,,-0.38,05401007,Portillo
2014-12-02,,-9.0,05401007,Portillo
2014-12-03,,-11.58,05401007,Portillo
2014-12-04,,-13.0,05401007,Portillo
2014-12-05,,-27.54,05401007,Portillo
2014-12-06,,-23.79,05401007,Portillo
2014-12-07,,-12.79,05401007,Portillo
2014-12-08,,-19.0,05401007,Portillo
2014-12-09,,-25.04,05401007,Portillo
2014-12-10,,-27.33,05401007,Portillo
2014-12-11,,-27.0,05401007,Portillo
2014-12-12,,-23.12,05401007,Portillo
2014-12-13,,-19.67,05401007,Portillo
2014-12-14,,-18.71,05401007,Portillo
2014-12-15,,-14.5,05401007,Portillo
2014-12-16,,-14.88,05401007,Portillo
2014-12-17,,-14.83,05401007,Portillo
2014-12-18,,-13.83,05401007,Portillo
2014-12-19,,-24.71,05401007,Portillo
2014-12-20,,-15.92,05401007,Portillo
2014-12-21,,-10.04,05401007,Portillo
2014-12-22,,-3.04,05401007,Portillo
2014-12-23,,-7.88,05401007,Portillo
2014-12-24,,-21.21,05401007,Portillo
2014-12-25,,-24.46,05401007,Portillo
2014-12-26,,-18.3,05401007,Portillo
2014-12-27,,-22.38,05401007,Portillo
2014-12-28,,-12.88,05401007,Portillo
2014-12-29,,-29.75,05401007,Portillo
2014-12-30,,-28.61,05401007,Portillo
2014-12-31,,-27.46,05401007,Portillo
2015-01-01,,-19.35,05401007,Portillo
2015-01-02,,-18.83,05401007,Portillo
2015-01-03,,-18.92,05401007,Portillo
2015-01-04,,-26.5,05401007,Portillo
2015-01-05,,-24.17,05401007,Portillo
2015-01-06,,-23.74,05401007,Portillo
2015-01-07,,-26.42,05401007,Portillo
2015-01-08,,-21.04,05401007,Portillo
2015-01-09,,-12.75,05401007,Portillo
2015-01-10,,-23.83,05401007,Portillo
2015-01-11,,-22.88,05401007,Portillo
2015-01-12,,-27.79,05401007,Portillo
2015-01-13,,-24.71,05401007,Portillo
2015-01-14,,-19.08,05401007,Portillo
2015-01-15,,-30.33,05401007,Portillo
2015-01-16,,-20.33,05401007,Portillo
2015-01-17,,-25.22,05401007,Portillo
2015-01-18,,-10.25,05401007,Portillo
2015-01-19,,-21.21,05401007,Portillo
2015-01-20,,-25.38,05401007,Portillo
2015-01-21,,-21.21,05401007,Portillo
2015-01-22,,-22.38,05401007,Portillo
2015-01-23,,-23.92,05401007,Portillo
2015-01-24,,-27.79,05401007,Portillo
2015-01-25,,-30.08,05401007,Portillo
2015-01-26,,-28.96,05401007,Portillo
2015-01-27,,-27.62,05401007,Portillo
2015-01-28,,-29.75,05401007,Portillo
2015-01-29,,-28.91,05401007,Portillo
2015-01-30,,-17.46,05401007,Portillo
2015-01-31,,-12.75,05401007,Portillo
2015-02-01,,-12.71,05401007,Portillo
2015-02-02,,-23.57,05401007,Portillo
2015-02-03,,-25.04,05401007,Portillo
2015-02-04,,-16.62,05401007,Portillo
2015-02-05,,-6.67,05401007,Portillo
2015-02-06,,-8.29,05401007,Portillo
2015-02-07,,-21.54,05401007,Portillo
2015-02-08,,-30.12,05401007,Portillo
2015-02-09,,-28.46,05401007,Portillo
2015-02-10,,-28.67,05401007,Portillo
2015-02-11,,-28.96,05401007,Portillo
2015-02-12,,-23.83,05401007,Portillo
2015-02-13,,-26.39,05401007,Portillo
2015-02-14,,-15.32,05401007,Portillo
2015-02-15,,-17.54,05401007,Portillo
2015-02-16,,-13.48,05401007,Portillo
2015-02-17,,-22.39,05401007,Portillo
2015-02-18,,-30.0,05401007,Portillo
2015-02-19,,-16.86,05401007,Portillo
2015-02-20,,-17.0,05401007,Portillo
2015-02-21,,-21.12,05401007,Portillo
2015-02-22,,-17.58,05401007,Portillo
2015-02-23,,-23.88,05401007,Portillo
2015-02-24,,-28.62,05401007,Portillo
2015-02-25,,-25.0,05401007,Portillo
2015-02-26,,-27.58,05401007,Portillo
2015-02-27,,-27.67,05401007,Portillo
2015-02-28,,-27.22,05401007,Portillo
2015-03-01,,-22.46,05401007,Portillo
2015-03-02,,-14.9,05401007,Portillo
2015-03-03,,-29.89,05401007,Portillo
2015-03-04,,-18.25,05401007,Portillo
2015-03-05,,-10.12,05401007,Portillo
2015-03-06,,-19.91,05401007,Portillo
2015-03-07,,-23.57,05401007,Portillo
2015-03-08,,-30.0,05401007,Portillo
2015-03-09,,-30.58,05401007,Portillo
2015-03-10,,-22.71,05401007,Portillo
2015-03-11,,-19.54,05401007,Portillo
2015-03-12,,-22.62,05401007,Portillo
2015-03-13,,-26.04,05401007,Portillo
2015-03-14,,-16.29,05401007,Portillo
2015-03-15,,-3.12,05401007,Portillo
2015-03-16,,-7.62,05401007,Portillo
2015-03-17,,-5.33,05401007,Portillo
2015-03-18,,-15.38,05401007,Portillo
2015-03-19,,-17.58,05401007,Portillo
2015-03-20,,-16.0,05401007,Portillo
2015-03-21,,-18.71,05401007,Portillo
2015-03-22,,-20.75,05401007,Portillo
2015-03-23,,-17.17,05401007,Portillo
2015-03-24,,-21.29,05401007,Portillo
2015-03-25,,-26.79,05401007,Portillo
2015-03-26,,-25.25,05401007,Portillo
2015-03-27,,-17.42,05401007,Portillo
2015-03-28,,-19.79,05401007,Portillo
2015-03-29,,-29.46,05401007,Portillo
2015-03-30,,-27.96,05401007,Portillo
2015-03-31,,-2.83,05401007,Portillo
2015-04-01,,-12.54,05401007,Portillo
2015-04-02,,-12.55,05401007,Portillo
2015-04-03,,1.92,05401007,Portillo
2015-04-04,,2.21,05401007,Portillo
2015-04-05,,2.17,05401007,Portillo
2015-04-06,,1.71,05401007,Portillo
2015-04-07,,2.42,05401007,Portillo
2015-04-08,,2.33,05401007,Portillo
2015-04-09,,1.88,05401007,Portillo
2015-04-10,,1.67,05401007,Portillo
2015-04-11,,1.33,05401007,Portillo
2015-04-12,,1.75,05401007,Portillo
2015-04-13,,1.83,05401007,Portillo
2015-04-14,,2.12,05401007,Portillo
2015-04-15,,1.92,05401007,Portillo
2015-04-16,,2.5,05401007,Portillo
2015-04-17,,2.46,05401007,Portillo
2015-04-18,,1.96,05401007,Portillo
2015-04-19,,2.12,05401007,Portillo
2015-04-20,,2.54,05401007,Portillo
2015-04-21,,2.67,05401007,Portillo
2015-04-22,,2.5,05401007,Portillo
2015-04-23,,2.0,05401007,Portillo
2015-04-24,,1.67,05401007,Portillo
2015-04-25,,1.54,05401007,Portillo
2015-04-26,,1.62,05401007,Portillo
2015-04-27,,1.71,05401007,Portillo
2015-04-28,,1.83,05401007,Portillo
2015-04-29,,2.0,05401007,Portillo
2015-04-30,,1.96,05401007,Portillo
2015-05-01,,2.67,05401007,Portillo
2015-05-02,1.33,3.21,05401007,Portillo
2015-05-03,1.33,2.88,05401007,Portillo
2015-05-04,1.33,2.75,05401007,Portillo
2015-05-05,1.25,2.79,05401007,Portillo
2015-05-06,1.15,2.54,05401007,Portillo
2015-05-07,1.33,2.67,05401007,Portillo
2015-05-08,1.54,3.21,05401007,Portillo
2015-05-09,1.21,2.88,05401007,Portillo
2015-05-10,0.52,1.79,05401007,Portillo
2015-05-11,0.05,1.42,05401007,Portillo
2015-05-12,0.54,2.21,05401007,Portillo
2015-05-13,0.59,2.04,05401007,Portillo
2015-05-14,0.16,1.67,05401007,Portillo
2015-05-15,0.72,2.29,05401007,Portillo
2015-05-16,0.46,2.0,05401007,Portillo
2015-05-17,0.52,1.92,05401007,Portillo
2015-05-18,0.61,2.0,05401007,Portillo
2015-05-19,0.0,1.5,05401007,Portillo
2015-05-20,0.21,1.88,05401007,Portillo
2015-05-21,0.12,1.79,05401007,Portillo
2015-05-22,0.21,1.88,05401007,Portillo
2015-05-23,1.2,2.71,05401007,Portillo
2015-05-24,1.25,2.92,05401007,Portillo
2015-05-25,0.96,2.62,05401007,Portillo
2015-05-26,1.12,2.79,05401007,Portillo
2015-05-27,1.13,2.29,05401007,Portillo
2015-05-28,0.87,2.54,05401007,Portillo
2015-05-29,0.68,2.12,05401007,Portillo
2015-05-30,1.75,3.42,05401007,Portillo
2015-05-31,1.42,3.08,05401007,Portillo
2015-06-01,1.33,2.96,05401007,Portillo
2015-06-02,0.75,2.42,05401007,Portillo
2015-06-03,0.58,2.25,05401007,Portillo
2015-06-04,0.75,2.42,05401007,Portillo
2015-06-05,0.33,1.92,05401007,Portillo
2015-06-06,0.92,2.58,05401007,Portillo
2015-06-07,0.94,2.5,05401007,Portillo
2015-06-08,1.08,2.75,05401007,Portillo
2015-06-09,1.33,2.83,05401007,Portillo
2015-06-10,1.33,3.38,05401007,Portillo
2015-06-11,6.14,7.08,05401007,Portillo
2015-06-12,5.25,6.92,05401007,Portillo
2015-06-13,5.33,7.04,05401007,Portillo
2015-06-14,5.81,7.04,05401007,Portillo
2015-06-15,4.16,5.62,05401007,Portillo
2015-06-16,3.07,4.5,05401007,Portillo
2015-06-17,3.23,4.58,05401007,Portillo
2015-06-18,2.28,3.17,05401007,Portillo
2015-06-19,0.86,2.42,05401007,Portillo
2015-06-20,0.79,2.46,05401007,Portillo
2015-06-21,0.87,2.54,05401007,Portillo
2015-06-22,0.37,2.04,05401007,Portillo
2015-06-23,0.86,2.38,05401007,Portillo
2015-06-24,0.81,2.58,05401007,Portillo
2015-06-25,1.83,3.25,05401007,Portillo
2015-06-26,1.06,2.38,05401007,Portillo
2015-06-27,0.77,2.29,05401007,Portillo
2015-06-28,1.38,2.75,05401007,Portillo
2015-06-29,2.1,3.33,05401007,Portillo
2015-06-30,1.71,3.38,05401007,Portillo
2015-07-01,1.33,3.04,05401007,Portillo
2015-07-02,1.33,2.83,05401007,Portillo
2015-07-03,1.2,2.5,05401007,Portillo
2015-07-04,1.04,2.71,05401007,Portillo
2015-07-05,1.48,2.0833333333333328e+37,05401007,Portillo
2015-07-06,16.22,2.916666666666667e+37,05401007,Portillo
2015-07-07,16.53,2.916666666666667e+37,05401007,Portillo
2015-07-08,16.33,17.62,05401007,Portillo
2015-07-09,13.83,1.6666666666666666e+37,05401007,Portillo
2015-07-10,,6.25e+37,05401007,Portillo
2015-07-11,47.33,1.25e+37,05401007,Portillo
2015-07-12,74.86,2.0833333333333328e+37,05401007,Portillo
2015-07-13,88.71,3.333333333333333e+37,05401007,Portillo
2015-07-14,89.33,1.25e+37,05401007,Portillo
2015-07-15,83.83,8.333333333333333e+36,05401007,Portillo
2015-07-16,79.38,80.75,05401007,Portillo
2015-07-17,73.75,75.42,05401007,Portillo
2015-07-18,70.46,72.12,05401007,Portillo
2015-07-19,68.79,70.46,05401007,Portillo
2015-07-20,67.73,68.17,05401007,Portillo
2015-07-21,65.42,67.08,05401007,Portillo
2015-07-22,64.08,65.75,05401007,Portillo
2015-07-23,62.71,63.17,05401007,Portillo
2015-07-24,59.74,60.67,05401007,Portillo
2015-07-25,56.81,58.17,05401007,Portillo
2015-07-26,54.17,55.83,05401007,Portillo
2015-07-27,53.75,55.42,05401007,Portillo
2015-07-28,53.62,55.29,05401007,Portillo
2015-07-29,52.0,53.67,05401007,Portillo
2015-07-30,51.71,53.04,05401007,Portillo
2015-07-31,53.12,54.79,05401007,Portillo
2015-08-01,55.39,57.29,05401007,Portillo
2015-08-02,67.04,68.71,05401007,Portillo
2015-08-03,68.75,70.42,05401007,Portillo
2015-08-04,64.04,65.71,05401007,Portillo
2015-08-05,70.96,72.62,05401007,Portillo
2015-08-06,129.27,130.94,05401007,Portillo
2015-08-07,170.38,172.04,05401007,Portillo
2015-08-08,167.64,168.35,05401007,Portillo
2015-08-09,163.54,165.21,05401007,Portillo
2015-08-10,165.15,166.81,05401007,Portillo
2015-08-11,159.73,161.4,05401007,Portillo
2015-08-12,156.12,157.79,05401007,Portillo
2015-08-13,151.12,152.79,05401007,Portillo
2015-08-14,145.67,147.33,05401007,Portillo
2015-08-15,143.61,144.96,05401007,Portillo
2015-08-16,141.75,143.42,05401007,Portillo
2015-08-17,138.73,139.12,05401007,Portillo
2015-08-18,135.07,136.33,05401007,Portillo
2015-08-19,131.03,132.38,05401007,Portillo
2015-08-20,127.73,129.4,05401007,Portillo
2015-08-21,127.94,129.5,05401007,Portillo
2015-08-22,130.62,132.83,05401007,Portillo
2015-08-23,127.25,128.92,05401007,Portillo
2015-08-24,124.75,126.42,05401007,Portillo
2015-08-25,124.69,126.35,05401007,Portillo
2015-08-26,125.5,127.17,05401007,Portillo
2015-08-27,124.25,125.91,05401007,Portillo
2015-08-28,121.86,123.62,05401007,Portillo
2015-08-29,119.25,120.92,05401007,Portillo
2015-08-30,116.29,117.96,05401007,Portillo
2015-08-31,111.21,112.88,05401007,Portillo
2015-09-01,106.42,108.08,05401007,Portillo
2015-09-02,101.75,103.42,05401007,Portillo
2015-09-03,96.96,98.62,05401007,Portillo
2015-09-04,94.25,95.92,05401007,Portillo
2015-09-05,91.46,93.12,05401007,Portillo
2015-09-06,89.24,90.68,05401007,Portillo
2015-09-07,100.33,102.0,05401007,Portillo
2015-09-08,102.63,104.29,05401007,Portillo
2015-09-09,115.28,154.71,05401007,Portillo
2015-09-10,136.25,137.92,05401007,Portillo
2015-09-11,135.25,136.92,05401007,Portillo
2015-09-12,129.29,130.96,05401007,Portillo
2015-09-13,124.79,126.46,05401007,Portillo
2015-09-14,121.96,123.62,05401007,Portillo
2015-09-15,120.46,122.29,05401007,Portillo
2015-09-16,119.17,120.83,05401007,Portillo
2015-09-17,117.63,119.29,05401007,Portillo
2015-09-18,116.29,117.96,05401007,Portillo
2015-09-19,114.75,116.42,05401007,Portillo
2015-09-20,114.11,115.54,05401007,Portillo
2015-09-21,113.33,115.0,05401007,Portillo
2015-09-22,112.9,142.42,05401007,Portillo
2015-09-23,111.83,112.92,05401007,Portillo
2015-09-24,116.86,132.38,05401007,Portillo
2015-09-25,122.03,137.33,05401007,Portillo
2015-09-26,120.17,121.83,05401007,Portillo
2015-09-27,118.79,120.46,05401007,Portillo
2015-09-28,116.67,159.79,05401007,Portillo
2015-09-29,114.83,116.5,05401007,Portillo
2015-09-30,112.42,114.08,05401007,Portillo
2015-10-01,,216.17,05401007,Portillo
2015-10-02,115.67,117.33,05401007,Portillo
2015-10-03,110.5,112.17,05401007,Portillo
2015-10-04,110.29,111.96,05401007,Portillo
2015-10-05,109.33,111.08,05401007,Portillo
2015-10-06,119.05,161.88,05401007,Portillo
2015-10-07,124.29,125.58,05401007,Portillo
2015-10-08,125.04,126.71,05401007,Portillo
2015-10-09,122.5,124.17,05401007,Portillo
2015-10-10,118.71,120.38,05401007,Portillo
2015-10-11,114.79,116.46,05401007,Portillo
2015-10-12,112.57,128.0,05401007,Portillo
2015-10-13,,339.17,05401007,Portillo
2015-10-14,140.38,154.88,05401007,Portillo
2015-10-15,146.54,148.21,05401007,Portillo
2015-10-16,141.03,142.7,05401007,Portillo
2015-10-17,135.51,137.17,05401007,Portillo
2015-10-18,131.0,132.67,05401007,Portillo
2015-10-19,131.54,133.21,05401007,Portillo
2015-10-20,132.46,134.13,05401007,Portillo
2015-10-21,129.9,131.57,05401007,Portillo
2015-10-22,127.55,129.22,05401007,Portillo
2015-10-23,122.13,123.79,05401007,Portillo
2015-10-24,118.29,119.96,05401007,Portillo
2015-10-25,115.83,117.5,05401007,Portillo
2015-10-26,111.83,113.5,05401007,Portillo
2015-10-27,106.67,108.33,05401007,Portillo
2015-10-28,101.67,103.33,05401007,Portillo
2015-10-29,95.58,97.25,05401007,Portillo
2015-10-30,92.0,93.75,05401007,Portillo
2015-10-31,89.79,91.46,05401007,Portillo
2015-11-01,85.54,87.21,05401007,Portillo
2015-11-02,82.04,83.71,05401007,Portillo
2015-11-03,79.04,80.71,05401007,Portillo
2015-11-04,75.29,92.5,05401007,Portillo
2015-11-05,74.64,76.04,05401007,Portillo
2015-11-06,69.46,71.12,05401007,Portillo
2015-11-07,64.0,65.67,05401007,Portillo
2015-11-08,60.17,61.83,05401007,Portillo
2015-11-09,55.67,155.5,05401007,Portillo
2015-11-10,50.88,85.67,05401007,Portillo
2015-11-11,49.42,51.08,05401007,Portillo
2015-11-12,40.65,102.08,05401007,Portillo
2015-11-13,37.21,38.88,05401007,Portillo
2015-11-14,31.29,32.96,05401007,Portillo
2015-11-15,22.99,24.65,05401007,Portillo
2015-11-16,13.0,14.67,05401007,Portillo
2015-11-17,6.0,7.67,05401007,Portillo
2015-11-18,3.12,4.79,05401007,Portillo
2015-11-19,2.71,4.38,05401007,Portillo
2015-11-20,0.38,2.04,05401007,Portillo
2015-11-21,0.33,2.0,05401007,Portillo
2015-11-22,0.37,2.04,05401007,Portillo
2015-11-23,0.7,2.17,05401007,Portillo
2015-11-24,0.71,2.38,05401007,Portillo
2015-11-25,0.56,2.13,05401007,Portillo
2015-11-26,0.97,2.42,05401007,Portillo
2015-11-27,0.0,38.29,05401007,Portillo
2015-11-28,0.07,1.58,05401007,Portillo
2015-11-29,0.0,1.33,05401007,Portillo
2015-11-30,0.0,1.33,05401007,Portillo
2015-12-01,0.0,1.12,05401007,Portillo
2015-12-02,0.0,1.0,05401007,Portillo
2015-12-03,0.0,1.42,05401007,Portillo
2015-12-04,0.0,1.25,05401007,Portillo
2015-12-05,0.0,0.75,05401007,Portillo
2015-12-06,0.0,1.04,05401007,Portillo
2015-12-07,0.0,0.67,05401007,Portillo
2015-12-08,0.0,1.42,05401007,Portillo
2015-12-09,0.0,1.26,05401007,Portillo
2015-12-10,0.04,1.71,05401007,Portillo
2015-12-11,0.16,1.71,05401007,Portillo
2015-12-12,0.58,2.25,05401007,Portillo
2015-12-13,0.29,1.96,05401007,Portillo
2015-12-14,0.25,1.79,05401007,Portillo
2015-12-15,0.0,0.83,05401007,Portillo
2015-12-16,0.0,0.22,05401007,Portillo
2015-12-17,0.0,1.29,05401007,Portillo
2015-12-18,0.12,1.79,05401007,Portillo
2015-12-19,0.0,0.88,05401007,Portillo
2015-12-20,0.0,0.71,05401007,Portillo
2015-12-21,0.0,0.67,05401007,Portillo
2015-12-22,0.0,0.88,05401007,Portillo
2015-12-23,0.0,1.04,05401007,Portillo
2015-12-24,0.0,1.0,05401007,Portillo
2015-12-25,0.0,0.25,05401007,Portillo
2015-12-26,0.0,0.29,05401007,Portillo
2015-12-27,0.0,0.25,05401007,Portillo
2015-12-28,0.0,-0.21,05401007,Portillo
2015-12-29,0.0,1.62,05401007,Portillo
2015-12-30,0.0,1.04,05401007,Portillo
2015-12-31,0.0,1.0,05401007,Portillo
2016-01-01,0.0,1.0,05401007,Portillo
2016-01-02,0.0,1.29,05401007,Portillo
2016-01-03,0.0,1.38,05401007,Portillo
2016-01-04,0.0,1.29,05401007,Portillo
2016-01-05,0.0,1.17,05401007,Portillo
2016-01-06,0.0,1.13,05401007,Portillo
2016-01-07,0.0,0.48,05401007,Portillo
2016-01-08,0.0,1.04,05401007,Portillo
2016-01-09,0.0,1.17,05401007,Portillo
2016-01-10,0.0,1.0,05401007,Portillo
2016-01-11,0.0,1.38,05401007,Portillo
2016-01-12,0.0,1.67,05401007,Portillo
2016-01-13,0.0,1.58,05401007,Portillo
2016-01-14,0.02,1.46,05401007,Portillo
2016-01-15,0.0,1.42,05401007,Portillo
2016-01-16,0.0,1.29,05401007,Portillo
2016-01-17,0.0,1.25,05401007,Portillo
2016-01-18,0.0,1.04,05401007,Portillo
2016-01-19,0.0,0.12,05401007,Portillo
2016-01-20,0.0,0.13,05401007,Portillo
2016-01-21,0.0,0.04,05401007,Portillo
2016-01-22,0.0,0.17,05401007,Portillo
2016-01-23,0.0,0.04,05401007,Portillo
2016-01-24,0.0,0.58,05401007,Portillo
2016-01-25,0.0,1.09,05401007,Portillo
2016-01-26,0.0,1.05,05401007,Portillo
2016-01-27,0.0,0.67,05401007,Portillo
2016-01-28,0.0,-0.17,05401007,Portillo
2016-01-29,0.0,0.17,05401007,Portillo
2016-01-30,0.0,0.29,05401007,Portillo
2016-01-31,0.0,0.04,05401007,Portillo
2016-02-01,0.0,0.04,05401007,Portillo
2016-02-02,0.0,0.5,05401007,Portillo
2016-02-03,0.0,0.83,05401007,Portillo
2016-02-04,0.0,1.33,05401007,Portillo
2016-02-05,0.0,1.2,05401007,Portillo
2016-02-06,0.0,1.12,05401007,Portillo
2016-02-07,0.0,0.92,05401007,Portillo
2016-02-08,0.0,0.83,05401007,Portillo
2016-02-09,0.0,0.46,05401007,Portillo
2016-02-10,0.0,0.46,05401007,Portillo
2016-02-11,0.0,1.24,05401007,Portillo
2016-02-12,0.0,1.29,05401007,Portillo
2016-02-13,0.12,1.78,05401007,Portillo
2016-02-14,0.0,1.04,05401007,Portillo
2016-02-15,0.0,1.21,05401007,Portillo
2016-02-16,0.0,1.42,05401007,Portillo
2016-02-17,0.0,1.5,05401007,Portillo
2016-02-18,0.0,1.21,05401007,Portillo
2016-02-19,0.0,1.54,05401007,Portillo
2016-02-20,0.0,1.25,05401007,Portillo
2016-02-21,0.0,1.08,05401007,Portillo
2016-02-22,0.0,0.67,05401007,Portillo
2016-02-23,0.0,0.25,05401007,Portillo
2016-02-24,0.0,0.67,05401007,Portillo
2016-02-25,0.0,1.62,05401007,Portillo
2016-02-26,0.0,1.21,05401007,Portillo
2016-02-27,0.16,1.71,05401007,Portillo
2016-02-28,0.0,1.42,05401007,Portillo
2016-02-29,0.0,1.0,05401007,Portillo
2016-03-01,0.0,0.96,05401007,Portillo
2016-03-02,0.0,1.29,05401007,Portillo
2016-03-03,0.0,1.29,05401007,Portillo
2016-03-04,0.0,1.25,05401007,Portillo
2016-03-05,0.0,0.33,05401007,Portillo
2016-03-06,0.0,1.21,05401007,Portillo
2016-03-07,0.0,1.29,05401007,Portillo
2016-03-08,0.0,1.21,05401007,Portillo
2016-03-09,0.0,1.08,05401007,Portillo
2016-03-10,0.0,0.75,05401007,Portillo
2016-03-11,0.0,0.83,05401007,Portillo
2016-03-12,0.0,0.29,05401007,Portillo
2016-03-13,0.0,0.67,05401007,Portillo
2016-03-14,0.0,0.92,05401007,Portillo
2016-03-15,0.0,1.21,05401007,Portillo
2016-03-16,0.0,0.29,05401007,Portillo
2016-03-17,0.0,1.0,05401007,Portillo
2016-03-18,0.0,1.0,05401007,Portillo
2016-03-19,0.0,1.62,05401007,Portillo
2016-03-20,0.0,1.5,05401007,Portillo
2016-03-21,0.0,1.42,05401007,Portillo
2016-03-22,0.0,1.38,05401007,Portillo
2016-03-23,0.0,1.38,05401007,Portillo
2016-03-24,0.17,1.83,05401007,Portillo
2016-03-25,0.0,1.62,05401007,Portillo
2016-03-26,0.0,1.67,05401007,Portillo
2016-03-27,0.08,1.75,05401007,Portillo
2016-03-28,0.0,1.25,05401007,Portillo
2016-03-29,0.0,1.67,05401007,Portillo
2016-03-30,0.0,1.42,05401007,Portillo
2016-03-31,0.0,1.04,05401007,Portillo
2016-04-01,0.0,1.0,05401007,Portillo
2016-04-02,0.0,1.42,05401007,Portillo
2016-04-03,0.07,1.62,05401007,Portillo
2016-04-04,0.0,1.58,05401007,Portillo
2016-04-05,0.0,1.5,05401007,Portillo
2016-04-06,0.54,2.21,05401007,Portillo
2016-04-07,0.9,2.46,05401007,Portillo
2016-04-08,1.04,2.71,05401007,Portillo
2016-04-09,0.79,2.46,05401007,Portillo
2016-04-10,0.42,2.08,05401007,Portillo
2016-04-11,0.12,1.79,05401007,Portillo
2016-04-12,0.46,2.0,05401007,Portillo
2016-04-13,0.86,2.5e+37,05401007,Portillo
2016-04-14,0.78,1.25e+37,05401007,Portillo
2016-04-15,0.86,2.42,05401007,Portillo
2016-04-16,0.33,2.12,05401007,Portillo
2016-04-17,0.86,2.21,05401007,Portillo
2016-04-18,,2.916666666666667e+37,05401007,Portillo
2016-04-19,4.92,6.58,05401007,Portillo
2016-04-20,1.0,2.67,05401007,Portillo
2016-04-21,0.64,2.17,05401007,Portillo
2016-04-22,1.02,2.0833333333333328e+37,05401007,Portillo
2016-04-23,12.1,2.916666666666667e+37,05401007,Portillo
2016-04-24,12.51,4.1666666666666666e+36,05401007,Portillo
2016-04-25,12.72,4.1666666666666666e+36,05401007,Portillo
2016-04-26,7.46,9.12,05401007,Portillo
2016-04-27,5.99,7.54,05401007,Portillo
2016-04-28,3.93,5.6,05401007,Portillo
2016-04-29,2.08,3.75,05401007,Portillo
2016-04-30,0.37,2.04,05401007,Portillo
2016-05-01,0.67,4.1666666666666666e+36,05401007,Portillo
2016-05-02,,8.75e+37,05401007,Portillo
2016-05-03,13.23,1.6666666666666666e+37,05401007,Portillo
2016-05-04,7.46,9.12,05401007,Portillo
2016-05-05,3.98,3.7499999999999997e+37,05401007,Portillo
2016-05-06,4.78,2.0833333333333328e+37,05401007,Portillo
2016-05-07,1.33,1.6666666666666666e+37,05401007,Portillo
2016-05-08,2.79,4.46,05401007,Portillo
2016-05-09,2.62,4.29,05401007,Portillo
2016-05-10,1.5,3.17,05401007,Portillo
2016-05-11,0.0,3.333333333333333e+37,05401007,Portillo
2016-05-12,8.33,2.5e+37,05401007,Portillo
2016-05-13,5.68,7.04,05401007,Portillo
2016-05-14,,6.25e+37,05401007,Portillo
2016-05-15,2.98,2.916666666666667e+37,05401007,Portillo
2016-05-16,4.65,6.21,05401007,Portillo
2016-05-17,4.78,1.25e+37,05401007,Portillo
2016-05-18,4.69,4.1666666666666666e+36,05401007,Portillo
2016-05-19,,6.25e+37,05401007,Portillo
2016-05-20,9.56,2.5e+37,05401007,Portillo
2016-05-21,11.29,12.96,05401007,Portillo
2016-05-22,9.79,11.46,05401007,Portillo
2016-05-23,7.83,9.5,05401007,Portillo
2016-05-24,7.02,8.38,05401007,Portillo
2016-05-25,5.75,7.42,05401007,Portillo
2016-05-26,6.25,7.92,05401007,Portillo
2016-05-27,5.33,6.96,05401007,Portillo
2016-05-28,4.2,4.1666666666666666e+36,05401007,Portillo
2016-05-29,,9.166666666666666e+37,05401007,Portillo
2016-05-30,,5.833333333333334e+37,05401007,Portillo
2016-05-31,40.52,1.25e+37,05401007,Portillo
2016-06-01,48.93,2.5e+37,05401007,Portillo
2016-06-02,,6.6666666666666665e+37,05401007,Portillo
2016-06-03,,5.833333333333334e+37,05401007,Portillo
2016-06-04,170.0,2.5e+37,05401007,Portillo
2016-06-05,153.51,4.1666666666666666e+36,05401007,Portillo
2016-06-06,140.83,142.5,05401007,Portillo
2016-06-07,130.79,132.46,05401007,Portillo
2016-06-08,121.54,123.21,05401007,Portillo
2016-06-09,116.2,117.67,05401007,Portillo
2016-06-10,108.71,110.38,05401007,Portillo
2016-06-11,105.63,107.29,05401007,Portillo
2016-06-12,102.63,104.29,05401007,Portillo
2016-06-13,127.53,129.2,05401007,Portillo
2016-06-14,130.23,131.65,05401007,Portillo
2016-06-15,124.13,125.79,05401007,Portillo
2016-06-16,120.38,122.04,05401007,Portillo
2016-06-17,115.5,117.17,05401007,Portillo
2016-06-18,113.79,114.88,05401007,Portillo
2016-06-19,110.56,112.0,05401007,Portillo
2016-06-20,108.08,109.75,05401007,Portillo
2016-06-21,105.79,107.46,05401007,Portillo
2016-06-22,100.58,102.25,05401007,Portillo
2016-06-23,99.2,100.87,05401007,Portillo
2016-06-24,96.67,98.33,05401007,Portillo
2016-06-25,92.42,94.08,05401007,Portillo
2016-06-26,89.72,91.62,05401007,Portillo
2016-06-27,87.88,89.54,05401007,Portillo
2016-06-28,87.0,88.0,05401007,Portillo
2016-06-29,85.79,87.46,05401007,Portillo
2016-06-30,86.5,88.17,05401007,Portillo
2016-07-01,83.33,85.25,05401007,Portillo
2016-07-02,82.7,84.08,05401007,Portillo
2016-07-03,82.21,83.88,05401007,Portillo
2016-07-04,82.57,83.58,05401007,Portillo
2016-07-05,82.53,83.33,05401007,Portillo
2016-07-06,81.57,82.25,05401007,Portillo
2016-07-07,79.51,80.96,05401007,Portillo
2016-07-08,78.2,79.67,05401007,Portillo
2016-07-09,79.29,80.96,05401007,Portillo
2016-07-10,79.93,81.29,05401007,Portillo
2016-07-11,102.76,108.07,05401007,Portillo
2016-07-12,104.46,106.17,05401007,Portillo
2016-07-13,113.38,115.04,05401007,Portillo
2016-07-14,132.38,133.33,05401007,Portillo
2016-07-15,128.62,130.29,05401007,Portillo
2016-07-16,124.04,125.71,05401007,Portillo
2016-07-17,120.33,122.0,05401007,Portillo
2016-07-18,118.39,119.79,05401007,Portillo
2016-07-19,116.72,118.25,05401007,Portillo
2016-07-20,115.33,117.0,05401007,Portillo
2016-07-21,112.96,114.62,05401007,Portillo
2016-07-22,111.5,113.17,05401007,Portillo
2016-07-23,112.79,114.46,05401007,Portillo
2016-07-24,110.27,111.93,05401007,Portillo
2016-07-25,147.83,147.57,05401007,Portillo
2016-07-26,143.25,144.5,05401007,Portillo
2016-07-27,137.38,139.04,05401007,Portillo
2016-07-28,133.17,134.83,05401007,Portillo
2016-07-29,131.67,133.33,05401007,Portillo
2016-07-30,128.75,130.42,05401007,Portillo
2016-07-31,131.72,133.39,05401007,Portillo
2016-08-01,131.33,133.0,05401007,Portillo
2016-08-02,128.83,130.5,05401007,Portillo
2016-08-03,126.46,128.12,05401007,Portillo
2016-08-04,125.21,126.88,05401007,Portillo
2016-08-05,124.03,125.46,05401007,Portillo
2016-08-06,122.48,122.96,05401007,Portillo
2016-08-07,120.58,122.25,05401007,Portillo
2016-08-08,119.06,120.08,05401007,Portillo
2016-08-09,116.46,117.88,05401007,Portillo
2016-08-10,114.04,115.71,05401007,Portillo
2016-08-11,109.42,111.08,05401007,Portillo
2016-08-12,107.19,109.13,05401007,Portillo
2016-08-13,105.97,107.25,05401007,Portillo
2016-08-14,104.33,106.0,05401007,Portillo
2016-08-15,104.2,105.67,05401007,Portillo
2016-08-16,103.83,105.5,05401007,Portillo
2016-08-17,103.21,104.88,05401007,Portillo
2016-08-18,103.16,104.62,05401007,Portillo
2016-08-19,103.72,105.67,05401007,Portillo
2016-08-20,104.08,105.75,05401007,Portillo
2016-08-21,99.38,101.04,05401007,Portillo
2016-08-22,95.42,97.08,05401007,Portillo
2016-08-23,91.38,93.04,05401007,Portillo
2016-08-24,89.51,91.17,05401007,Portillo
2016-08-25,86.86,88.17,05401007,Portillo
2016-08-26,84.33,86.0,05401007,Portillo
2016-08-27,84.87,86.11,05401007,Portillo
2016-08-28,84.79,86.45,05401007,Portillo
2016-08-29,84.29,84.88,05401007,Portillo
2016-08-30,81.38,83.04,05401007,Portillo
2016-08-31,81.88,83.54,05401007,Portillo
2016-09-01,82.68,84.35,05401007,Portillo
2016-09-02,81.79,83.12,05401007,Portillo
2016-09-03,80.5,82.17,05401007,Portillo
2016-09-04,79.96,81.62,05401007,Portillo
2016-09-05,79.38,81.04,05401007,Portillo
2016-09-06,76.25,77.91,05401007,Portillo
2016-09-07,73.25,74.92,05401007,Portillo
2016-09-08,69.88,71.54,05401007,Portillo
2016-09-09,67.0,68.67,05401007,Portillo
2016-09-10,63.79,65.46,05401007,Portillo
2016-09-11,61.25,62.92,05401007,Portillo
2016-09-12,59.67,61.33,05401007,Portillo
2016-09-13,56.96,58.62,05401007,Portillo
2016-09-14,54.54,56.21,05401007,Portillo
2016-09-15,51.71,53.38,05401007,Portillo
2016-09-16,49.99,51.65,05401007,Portillo
2016-09-17,47.58,49.25,05401007,Portillo
2016-09-18,41.71,43.38,05401007,Portillo
2016-09-19,36.46,38.12,05401007,Portillo
2016-09-20,32.5,34.17,05401007,Portillo
2016-09-21,27.42,29.08,05401007,Portillo
2016-09-22,21.71,23.38,05401007,Portillo
2016-09-23,16.25,17.92,05401007,Portillo
2016-09-24,11.58,13.25,05401007,Portillo
2016-09-25,6.21,7.88,05401007,Portillo
2016-09-26,1.25,2.91,05401007,Portillo
2016-09-27,0.0,0.62,05401007,Portillo
2016-09-28,0.0,0.86,05401007,Portillo
2016-09-29,0.0,0.92,05401007,Portillo
2016-09-30,0.0,1.33,05401007,Portillo
2016-10-01,0.0,1.42,05401007,Portillo
2016-10-02,0.0,0.92,05401007,Portillo
2016-10-03,0.0,1.0,05401007,Portillo
2016-10-04,0.0,1.32,05401007,Portillo
2016-10-05,0.0,0.54,05401007,Portillo
2016-10-06,0.0,0.12,05401007,Portillo
2016-10-07,0.0,0.88,05401007,Portillo
2016-10-08,0.0,1.32,05401007,Portillo
2016-10-09,0.0,1.04,05401007,Portillo
2016-10-10,0.25,1.92,05401007,Portillo
2016-10-11,0.0,0.75,05401007,Portillo
2016-10-12,0.0,0.18,05401007,Portillo
2016-10-13,0.0,0.58,05401007,Portillo
2016-10-14,0.74,2.04,05401007,Portillo
2016-10-15,1.02,3.3,05401007,Portillo
2016-10-16,,11.67,05401007,Portillo
2016-10-17,4.27,5.94,05401007,Portillo
2016-10-18,0.69,2.78,05401007,Portillo
2016-10-19,0.0,0.96,05401007,Portillo
2016-10-20,0.0,1.42,05401007,Portillo
2016-10-21,0.0,1.08,05401007,Portillo
2016-10-22,0.0,0.75,05401007,Portillo
2016-10-23,0.0,0.25,05401007,Portillo
2016-10-24,0.0,-0.3,05401007,Portillo
2016-10-25,0.06,1.46,05401007,Portillo
2016-10-26,0.0,1.0,05401007,Portillo
2016-10-27,0.0,-0.38,05401007,Portillo
2016-10-28,0.0,-0.29,05401007,Portillo
2016-10-29,0.0,-0.5,05401007,Portillo
2016-10-30,0.0,1.04,05401007,Portillo
2016-10-31,0.93,2.12,05401007,Portillo
2016-11-01,0.0,1.62,05401007,Portillo
2016-11-02,0.0,1.29,05401007,Portillo
2016-11-03,0.0,0.67,05401007,Portillo
2016-11-04,0.0,-0.25,05401007,Portillo
2016-11-05,0.0,0.12,05401007,Portillo
2016-11-06,0.0,-0.04,05401007,Portillo
2016-11-07,0.0,0.04,05401007,Portillo
2016-11-08,0.0,-1.0,05401007,Portillo
2016-11-09,0.0,-0.92,05401007,Portillo
2016-11-10,0.0,0.08,05401007,Portillo
2016-11-11,0.0,-0.21,05401007,Portillo
2016-11-12,0.0,0.33,05401007,Portillo
2016-11-13,0.0,0.79,05401007,Portillo
2016-11-14,0.0,0.67,05401007,Portillo
2016-11-15,0.0,1.36,05401007,Portillo
2016-11-16,0.0,1.21,05401007,Portillo
2016-11-17,0.0,1.08,05401007,Portillo
2016-11-18,0.0,0.58,05401007,Portillo
2016-11-19,0.0,1.44,05401007,Portillo
2016-11-20,0.12,1.81,05401007,Portillo
2016-11-21,0.0,0.83,05401007,Portillo
2016-11-22,0.0,0.79,05401007,Portillo
2016-11-23,0.0,1.0,05401007,Portillo
2016-11-24,0.0,0.92,05401007,Portillo
2016-11-25,0.0,1.08,05401007,Portillo
2016-11-26,0.0,1.33,05401007,Portillo
2016-11-27,0.0,0.65,05401007,Portillo
2016-11-28,0.0,1.08,05401007,Portillo
2016-11-29,0.0,0.25,05401007,Portillo
2016-11-30,0.0,0.12,05401007,Portillo
2016-12-01,0.0,0.92,05401007,Portillo
2016-12-02,0.0,0.38,05401007,Portillo
2016-12-03,0.0,-0.12,05401007,Portillo
2016-12-04,0.0,-0.21,05401007,Portillo
2016-12-05,0.0,1.0,05401007,Portillo
2016-12-06,0.0,0.92,05401007,Portillo
2016-12-07,0.0,-0.04,05401007,Portillo
2016-12-08,0.0,0.04,05401007,Portillo
2016-12-09,0.33,2.0,05401007,Portillo
2016-12-10,0.0,1.62,05401007,Portillo
2016-12-11,0.0,0.29,05401007,Portillo
2016-12-12,0.0,0.5,05401007,Portillo
2016-12-13,0.0,0.92,05401007,Portillo
2016-12-14,0.0,0.58,05401007,Portillo
2016-12-15,0.0,0.08,05401007,Portillo
2016-12-16,0.0,0.83,05401007,Portillo
2016-12-17,0.0,0.54,05401007,Portillo
2016-12-18,0.0,0.54,05401007,Portillo
2016-12-19,0.0,1.0,05401007,Portillo
2016-12-20,0.0,0.92,05401007,Portillo
2016-12-21,0.0,1.42,05401007,Portillo
2016-12-22,0.0,1.21,05401007,Portillo
2016-12-23,0.0,1.25,05401007,Portillo
2016-12-24,0.0,1.04,05401007,Portillo
2016-12-25,0.0,1.52,05401007,Portillo
2016-12-26,0.2,1.86,05401007,Portillo
2016-12-27,0.0,1.48,05401007,Portillo
2016-12-28,0.0,0.81,05401007,Portillo
2016-12-29,0.0,0.75,05401007,Portillo
2016-12-30,0.0,0.96,05401007,Portillo
2016-12-31,0.0,0.71,05401007,Portillo
2017-01-01,0.0,1.28,05401007,Portillo
2017-01-02,0.0,1.17,05401007,Portillo
2017-01-03,0.0,1.08,05401007,Portillo
2017-01-04,0.0,0.5,05401007,Portillo
2017-01-05,0.0,0.54,05401007,Portillo
2017-01-06,0.0,0.75,05401007,Portillo
2017-01-07,0.0,0.38,05401007,Portillo
2017-01-08,0.0,0.2,05401007,Portillo
2017-01-09,0.0,0.39,05401007,Portillo
2017-01-10,0.0,0.32,05401007,Portillo
2017-01-11,0.0,-0.11,05401007,Portillo
2017-01-12,0.0,-1.04,05401007,Portillo
2017-01-13,0.0,-0.12,05401007,Portillo
2017-01-14,0.0,0.67,05401007,Portillo
2017-01-15,0.0,0.72,05401007,Portillo
2017-01-16,0.0,0.75,05401007,Portillo
2017-01-17,0.0,0.71,05401007,Portillo
2017-01-18,0.0,0.67,05401007,Portillo
2017-01-19,0.0,-0.12,05401007,Portillo
2017-01-20,0.0,-0.7,05401007,Portillo
2017-01-21,0.0,-0.46,05401007,Portillo
2017-01-22,0.0,-0.42,05401007,Portillo
2017-01-23,0.0,0.12,05401007,Portillo
2017-01-24,0.0,-0.12,05401007,Portillo
2017-01-25,0.0,-0.12,05401007,Portillo
2017-01-26,0.0,-0.23,05401007,Portillo
2017-01-27,0.0,0.21,05401007,Portillo
2017-01-28,0.0,0.12,05401007,Portillo
2017-01-29,0.0,-0.29,05401007,Portillo
2017-01-30,0.0,-0.04,05401007,Portillo
2017-01-31,0.0,0.58,05401007,Portillo
2017-02-01,0.0,0.67,05401007,Portillo
2017-02-02,0.0,0.54,05401007,Portillo
2017-02-03,0.0,1.33,05401007,Portillo
2017-02-04,0.0,1.22,05401007,Portillo
2017-02-05,0.0,1.29,05401007,Portillo
2017-02-06,0.0,-0.17,05401007,Portillo
2017-02-07,0.0,0.54,05401007,Portillo
2017-02-08,0.0,0.79,05401007,Portillo
2017-02-09,0.0,0.71,05401007,Portillo
2017-02-10,0.0,0.42,05401007,Portillo
2017-02-11,0.0,0.62,05401007,Portillo
2017-02-12,0.0,-0.04,05401007,Portillo
2017-02-13,0.0,-0.67,05401007,Portillo
2017-02-14,0.0,-0.25,05401007,Portillo
2017-02-15,0.0,0.04,05401007,Portillo
2017-02-16,0.0,0.12,05401007,Portillo
2017-02-17,0.0,0.71,05401007,Portillo
2017-02-18,0.0,1.21,05401007,Portillo
2017-02-19,0.0,0.42,05401007,Portillo
2017-02-20,0.0,-1.08,05401007,Portillo
2017-02-21,0.0,-0.83,05401007,Portillo
2017-02-22,0.0,-0.96,05401007,Portillo
2017-02-23,0.0,-1.88,05401007,Portillo
2017-02-24,0.0,-0.96,05401007,Portillo
2017-02-25,0.0,-0.08,05401007,Portillo
2017-02-26,0.0,0.0,05401007,Portillo
2017-02-27,0.0,0.29,05401007,Portillo
2017-02-28,0.0,0.46,05401007,Portillo
2017-03-01,0.0,0.75,05401007,Portillo
2017-03-02,0.0,0.38,05401007,Portillo
2017-03-03,0.0,0.81,05401007,Portillo
2017-03-04,0.0,0.54,05401007,Portillo
2017-03-05,0.0,1.16,05401007,Portillo
2017-03-06,0.0,0.88,05401007,Portillo
2017-03-07,0.0,1.12,05401007,Portillo
2017-03-08,0.0,1.08,05401007,Portillo
2017-03-09,0.33,1.64,05401007,Portillo
2017-03-10,0.0,1.46,05401007,Portillo
2017-03-11,0.0,1.35,05401007,Portillo
2017-03-12,0.0,1.12,05401007,Portillo
2017-03-13,0.0,0.48,05401007,Portillo
2017-03-14,0.0,0.76,05401007,Portillo
2017-03-15,0.29,1.71,05401007,Portillo
2017-03-16,0.0,0.79,05401007,Portillo
2017-03-17,0.0,1.08,05401007,Portillo
2017-03-18,0.0,0.62,05401007,Portillo
2017-03-19,0.0,0.54,05401007,Portillo
2017-03-20,0.0,1.33,05401007,Portillo
2017-03-21,0.0,0.88,05401007,Portillo
2017-03-22,0.0,0.64,05401007,Portillo
2017-03-23,0.0,1.04,05401007,Portillo
2017-03-24,0.0,0.76,05401007,Portillo
2017-03-25,0.0,1.04,05401007,Portillo
2017-03-26,0.05,1.38,05401007,Portillo
2017-03-27,0.0,1.29,05401007,Portillo
2017-03-28,0.0,1.26,05401007,Portillo
2017-03-29,0.33,1.76,05401007,Portillo
2017-03-30,0.53,1.84,05401007,Portillo
2017-03-31,0.0,1.73,05401007,Portillo
2017-04-01,0.33,1.68,05401007,Portillo
2017-04-02,0.42,1.92,05401007,Portillo
2017-04-03,0.0,1.44,05401007,Portillo
2017-04-04,0.33,1.96,05401007,Portillo
2017-04-05,0.29,1.75,05401007,Portillo
2017-04-06,0.17,1.83,05401007,Portillo
2017-04-07,0.96,2.62,05401007,Portillo
2017-04-08,1.56,3.04,05401007,Portillo
2017-04-09,1.25,2.79,05401007,Portillo
2017-04-10,0.04,1.71,05401007,Portillo
2017-04-11,0.0,1.19,05401007,Portillo
2017-04-12,0.0,0.88,05401007,Portillo
2017-04-13,0.33,1.62,05401007,Portillo
2017-04-14,0.08,1.77,05401007,Portillo
2017-04-15,0.33,2.0,05401007,Portillo
2017-04-16,0.0,1.0,05401007,Portillo
2017-04-17,0.0,1.29,05401007,Portillo
2017-04-18,0.0,1.56,05401007,Portillo
2017-04-19,0.62,2.32,05401007,Portillo
2017-04-20,0.99,2.75,05401007,Portillo
2017-04-21,0.0,1.58,05401007,Portillo
2017-04-22,0.33,1.58,05401007,Portillo
2017-04-23,0.2,1.75,05401007,Portillo
2017-04-24,1.47,3.0,05401007,Portillo
2017-04-25,1.2,2.42,05401007,Portillo
2017-04-26,0.79,2.46,05401007,Portillo
2017-04-27,0.55,2.0,05401007,Portillo
2017-04-28,0.43,1.5,05401007,Portillo
2017-04-29,0.13,1.42,05401007,Portillo
2017-04-30,0.0,1.29,05401007,Portillo
2017-05-01,0.02,1.42,05401007,Portillo
2017-05-02,0.37,2.04,05401007,Portillo
2017-05-03,0.29,1.67,05401007,Portillo
2017-05-04,0.11,1.5,05401007,Portillo
2017-05-05,0.29,1.42,05401007,Portillo
2017-05-06,0.0,1.5,05401007,Portillo
2017-05-07,1.2,2.75,05401007,Portillo
2017-05-08,1.2,2.71,05401007,Portillo
2017-05-09,1.04,2.71,05401007,Portillo
2017-05-10,0.68,2.25,05401007,Portillo
2017-05-11,20.58,22.25,05401007,Portillo
2017-05-12,46.73,48.4,05401007,Portillo
2017-05-13,34.53,36.88,05401007,Portillo
2017-05-14,34.13,35.8,05401007,Portillo
2017-05-15,30.56,31.54,05401007,Portillo
2017-05-16,28.14,28.62,05401007,Portillo
2017-05-17,24.75,26.42,05401007,Portillo
2017-05-18,28.9,31.12,05401007,Portillo
2017-05-19,29.65,31.32,05401007,Portillo
2017-05-20,30.67,31.29,05401007,Portillo
2017-05-21,28.71,30.38,05401007,Portillo
2017-05-22,27.74,29.04,05401007,Portillo
2017-05-23,25.16,26.82,05401007,Portillo
2017-05-24,,,05401007,Portillo
2017-05-25,54.83,56.5,05401007,Portillo
2017-05-26,51.18,52.43,05401007,Portillo
2017-05-27,46.99,48.33,05401007,Portillo
2017-05-28,43.16,44.54,05401007,Portillo
2017-05-29,40.81,42.48,05401007,Portillo
2017-05-30,39.62,40.25,05401007,Portillo
2017-05-31,37.61,38.58,05401007,Portillo
2017-06-01,35.55,37.22,05401007,Portillo
2017-06-02,34.29,35.95,05401007,Portillo
2017-06-03,36.38,36.92,05401007,Portillo
2017-06-04,35.52,36.58,05401007,Portillo
2017-06-05,34.96,36.62,05401007,Portillo
2017-06-06,35.24,36.17,05401007,Portillo
2017-06-07,35.73,38.7,05401007,Portillo
2017-06-08,49.77,51.43,05401007,Portillo
2017-06-09,48.42,50.08,05401007,Portillo
2017-06-10,45.97,46.96,05401007,Portillo
2017-06-11,45.29,45.96,05401007,Portillo
2017-06-12,44.21,45.88,05401007,Portillo
2017-06-13,43.83,45.5,05401007,Portillo
2017-06-14,42.62,43.62,05401007,Portillo
2017-06-15,42.25,43.91,05401007,Portillo
2017-06-16,41.88,42.65,05401007,Portillo
2017-06-17,68.7,71.22,05401007,Portillo
2017-06-18,67.54,69.32,05401007,Portillo
2017-06-19,65.68,67.12,05401007,Portillo
2017-06-20,62.96,64.62,05401007,Portillo
2017-06-21,59.58,61.25,05401007,Portillo
2017-06-22,61.07,62.06,05401007,Portillo
2017-06-23,73.67,75.65,05401007,Portillo
2017-06-24,71.5,73.17,05401007,Portillo
2017-06-25,69.88,71.54,05401007,Portillo
2017-06-26,69.02,70.57,05401007,Portillo
2017-06-27,70.13,70.53,05401007,Portillo
2017-06-28,67.06,68.25,05401007,Portillo
2017-06-29,66.03,67.08,05401007,Portillo
2017-06-30,63.59,65.0,05401007,Portillo
2017-07-01,62.04,63.71,05401007,Portillo
2017-07-02,60.37,62.04,05401007,Portillo
2017-07-03,59.33,61.0,05401007,Portillo
2017-07-04,63.33,64.88,05401007,Portillo
2017-07-05,66.67,68.33,05401007,Portillo
2017-07-06,64.65,66.32,05401007,Portillo
2017-07-07,68.52,70.19,05401007,Portillo
2017-07-08,66.54,68.21,05401007,Portillo
2017-07-09,65.72,67.29,05401007,Portillo
2017-07-10,63.99,65.5,05401007,Portillo
2017-07-11,63.38,65.04,05401007,Portillo
2017-07-12,62.33,64.04,05401007,Portillo
2017-07-13,58.54,60.21,05401007,Portillo
2017-07-14,57.79,59.46,05401007,Portillo
2017-07-15,65.14,66.81,05401007,Portillo
2017-07-16,66.62,68.29,05401007,Portillo
2017-07-17,57.55,58.71,05401007,Portillo
2017-07-18,56.1,56.75,05401007,Portillo
2017-07-19,54.2,55.21,05401007,Portillo
2017-07-20,52.98,53.46,05401007,Portillo
2017-07-21,50.7,51.71,05401007,Portillo
2017-07-22,48.37,50.04,05401007,Portillo
2017-07-23,52.67,54.33,05401007,Portillo
2017-07-24,60.17,61.83,05401007,Portillo
2017-07-25,58.04,59.71,05401007,Portillo
2017-07-26,55.58,57.25,05401007,Portillo
2017-07-27,53.46,54.83,05401007,Portillo
2017-07-28,52.38,53.67,05401007,Portillo
2017-07-29,52.0,53.67,05401007,Portillo
2017-07-30,52.17,53.83,05401007,Portillo
2017-07-31,51.75,53.42,05401007,Portillo
2017-08-01,51.87,53.54,05401007,Portillo
2017-08-02,50.87,52.54,05401007,Portillo
2017-08-03,49.29,50.43,05401007,Portillo
2017-08-04,46.42,48.08,05401007,Portillo
2017-08-05,45.97,47.42,05401007,Portillo
2017-08-06,45.62,47.29,05401007,Portillo
2017-08-07,45.54,47.21,05401007,Portillo
2017-08-08,44.25,45.92,05401007,Portillo
2017-08-09,43.47,45.0,05401007,Portillo
2017-08-10,47.16,48.11,05401007,Portillo
2017-08-11,50.42,52.09,05401007,Portillo
2017-08-12,51.27,52.94,05401007,Portillo
2017-08-13,53.42,55.0,05401007,Portillo
2017-08-14,51.58,52.09,05401007,Portillo
2017-08-15,51.15,52.46,05401007,Portillo
2017-08-16,50.07,51.38,05401007,Portillo
2017-08-17,47.97,49.04,05401007,Portillo
2017-08-18,46.62,48.29,05401007,Portillo
2017-08-19,61.95,62.7,05401007,Portillo
2017-08-20,56.71,58.38,05401007,Portillo
2017-08-21,51.33,53.0,05401007,Portillo
2017-08-22,49.59,51.12,05401007,Portillo
2017-08-23,49.81,1.25e+37,05401007,Portillo
2017-08-24,49.33,51.0,05401007,Portillo
2017-08-25,48.96,50.62,05401007,Portillo
2017-08-26,48.92,50.58,05401007,Portillo
2017-08-27,48.21,49.77,05401007,Portillo
2017-08-28,47.92,49.58,05401007,Portillo
2017-08-29,46.79,48.46,05401007,Portillo
2017-08-30,44.21,45.88,05401007,Portillo
2017-08-31,38.42,40.04,05401007,Portillo
2017-09-01,33.79,35.3,05401007,Portillo
2017-09-02,28.79,30.46,05401007,Portillo
2017-09-03,25.71,27.38,05401007,Portillo
2017-09-04,23.33,24.93,05401007,Portillo
2017-09-05,20.33,22.0,05401007,Portillo
2017-09-06,18.83,20.36,05401007,Portillo
2017-09-07,13.9,15.57,05401007,Portillo
2017-09-08,10.96,12.62,05401007,Portillo
2017-09-09,9.5,11.17,05401007,Portillo
2017-09-10,18.24,19.08,05401007,Portillo
2017-09-11,17.17,18.83,05401007,Portillo
2017-09-12,13.21,14.88,05401007,Portillo
2017-09-13,10.65,12.54,05401007,Portillo
2017-09-14,11.04,12.7,05401007,Portillo
2017-09-15,6.71,8.38,05401007,Portillo
2017-09-16,0.25,1.92,05401007,Portillo
2017-09-17,0.0,0.25,05401007,Portillo
2017-09-18,0.0,0.08,05401007,Portillo
2017-09-19,0.0,1.0,05401007,Portillo
2017-09-20,0.0,1.58,05401007,Portillo
2017-09-21,0.0,1.33,05401007,Portillo
2017-09-22,0.0,0.79,05401007,Portillo
2017-09-23,0.0,0.5,05401007,Portillo
2017-09-24,0.0,0.83,05401007,Portillo
2017-09-25,0.0,1.17,05401007,Portillo
2017-09-26,0.0,1.08,05401007,Portillo
2017-09-27,0.0,0.92,05401007,Portillo
2017-09-28,0.07,1.62,05401007,Portillo
2017-09-29,0.0,1.54,05401007,Portillo
2017-09-30,1.08,6.2,05401007,Portillo
2017-10-01,17.96,19.63,05401007,Portillo
2017-10-02,14.67,16.33,05401007,Portillo
2017-10-03,11.58,13.25,05401007,Portillo
2017-10-04,7.25,8.75,05401007,Portillo
2017-10-05,26.1,2.916666666666667e+37,05401007,Portillo
2017-10-06,23.52,1.25e+37,05401007,Portillo
2017-10-07,14.92,16.58,05401007,Portillo
2017-10-08,10.79,12.46,05401007,Portillo
2017-10-09,8.04,9.71,05401007,Portillo
2017-10-10,7.46,9.12,05401007,Portillo
2017-10-11,8.04,9.71,05401007,Portillo
2017-10-12,6.83,8.5,05401007,Portillo
2017-10-13,3.62,5.29,05401007,Portillo
2017-10-14,0.0,1.17,05401007,Portillo
2017-10-15,0.0,0.71,05401007,Portillo
2017-10-16,0.0,1.12,05401007,Portillo
2017-10-17,0.0,1.33,05401007,Portillo
2017-10-18,0.0,1.38,05401007,Portillo
2017-10-19,0.0,1.35,05401007,Portillo
2017-10-20,0.17,1.83,05401007,Portillo
2017-10-21,0.0,1.42,05401007,Portillo
2017-10-22,0.0,0.62,05401007,Portillo
2017-10-23,0.0,1.33,05401007,Portillo
2017-10-24,0.0,1.33,05401007,Portillo
2017-10-25,0.0,1.25,05401007,Portillo
2017-10-26,0.0,1.54,05401007,Portillo
2017-10-27,0.0,1.5,05401007,Portillo
2017-10-28,0.92,2.58,05401007,Portillo
2017-10-29,1.33,2.88,05401007,Portillo
2017-10-30,0.33,2.0,05401007,Portillo
2017-10-31,0.29,1.96,05401007,Portillo
2017-11-01,0.42,1.96,05401007,Portillo
2017-11-02,1.78,3.44,05401007,Portillo
2017-11-03,2.52,4.19,05401007,Portillo
2017-11-04,3.7,5.36,05401007,Portillo
2017-11-05,0.0,0.87,05401007,Portillo
2017-11-06,0.17,1.83,05401007,Portillo
2017-11-07,0.5,2.17,05401007,Portillo
2017-11-08,0.94,2.61,05401007,Portillo
2017-11-09,0.12,1.62,05401007,Portillo
2017-11-10,0.0,0.92,05401007,Portillo
2017-11-11,0.0,0.67,05401007,Portillo
2017-11-12,0.0,-0.62,05401007,Portillo
2017-11-13,0.0,-0.42,05401007,Portillo
2017-11-14,0.0,0.04,05401007,Portillo
2017-11-15,0.0,0.5,05401007,Portillo
2017-11-16,0.0,0.33,05401007,Portillo
2017-11-17,0.0,0.54,05401007,Portillo
2017-11-18,0.0,0.69,05401007,Portillo
2017-11-19,0.0,1.17,05401007,Portillo
2017-11-20,0.0,1.67,05401007,Portillo
2017-11-21,0.0,1.54,05401007,Portillo
2017-11-22,0.0,0.83,05401007,Portillo
2017-11-23,0.0,1.0,05401007,Portillo
2017-11-24,0.0,1.4,05401007,Portillo
2017-11-25,0.0,1.19,05401007,Portillo
2017-11-26,0.0,0.38,05401007,Portillo
2017-11-27,0.0,0.17,05401007,Portillo
2017-11-28,0.0,0.52,05401007,Portillo
2017-11-29,0.0,0.8,05401007,Portillo
2017-11-30,0.0,0.73,05401007,Portillo
2017-12-01,0.0,0.68,05401007,Portillo
2017-12-02,0.0,0.75,05401007,Portillo
2017-12-03,0.0,0.88,05401007,Portillo
2017-12-04,0.0,0.4,05401007,Portillo
2017-12-05,0.0,-0.33,05401007,Portillo
2017-12-06,0.0,-0.46,05401007,Portillo
2017-12-07,0.0,-0.2,05401007,Portillo
2017-12-08,0.0,-0.04,05401007,Portillo
2017-12-09,0.0,0.04,05401007,Portillo
2017-12-10,0.0,-0.5,05401007,Portillo
2017-12-11,0.0,-2.0,05401007,Portillo
2017-12-12,0.0,-0.54,05401007,Portillo
2017-12-13,0.0,0.04,05401007,Portillo
2017-12-14,0.0,0.0,05401007,Portillo
2017-12-15,0.0,-0.33,05401007,Portillo
2017-12-16,0.0,-0.96,05401007,Portillo
2017-12-17,0.0,0.21,05401007,Portillo
2017-12-18,0.0,0.08,05401007,Portillo
2017-12-19,0.0,-0.38,05401007,Portillo
2017-12-20,0.0,-0.67,05401007,Portillo
2017-12-21,0.0,-0.92,05401007,Portillo
2017-12-22,0.0,-0.21,05401007,Portillo
2017-12-23,0.0,0.25,05401007,Portillo
2017-12-24,0.0,0.42,05401007,Portillo
2017-12-25,0.0,-0.25,05401007,Portillo
2017-12-26,0.0,0.0,05401007,Portillo
2017-12-27,0.0,-0.08,05401007,Portillo
2017-12-28,0.0,-0.65,05401007,Portillo
2017-12-29,0.0,-0.21,05401007,Portillo
2017-12-30,0.0,-0.17,05401007,Portillo
2017-12-31,0.0,-0.04,05401007,Portillo
2018-01-01,0.0,0.58,05401007,Portillo
2018-01-02,0.0,0.88,05401007,Portillo
2018-01-03,0.0,0.62,05401007,Portillo
2018-01-04,0.0,-0.12,05401007,Portillo
2018-01-05,0.0,0.08,05401007,Portillo
2018-01-06,0.0,-0.12,05401007,Portillo
2018-01-07,0.0,-0.75,05401007,Portillo
2018-01-08,0.0,-0.17,05401007,Portillo
2018-01-09,0.0,0.04,05401007,Portillo
2018-01-10,0.0,-0.67,05401007,Portillo
2018-01-11,0.0,-0.71,05401007,Portillo
2018-01-12,0.0,-0.29,05401007,Portillo
2018-01-13,0.0,0.04,05401007,Portillo
2018-01-14,0.0,0.54,05401007,Portillo
2018-01-15,0.0,0.42,05401007,Portillo
2018-01-16,0.0,1.12,05401007,Portillo
2018-01-17,0.0,0.83,05401007,Portillo
2018-01-18,0.0,0.0,05401007,Portillo
2018-01-19,0.0,0.62,05401007,Portillo
2018-01-20,0.0,0.75,05401007,Portillo
2018-01-21,0.0,0.54,05401007,Portillo
2018-01-22,0.0,0.5,05401007,Portillo
2018-01-23,0.0,0.33,05401007,Portillo
2018-01-24,0.0,0.33,05401007,Portillo
2018-01-25,0.0,0.29,05401007,Portillo
2018-01-26,0.0,0.04,05401007,Portillo
2018-01-27,0.0,0.79,05401007,Portillo
2018-01-28,0.0,-0.12,05401007,Portillo
2018-01-29,0.0,-0.58,05401007,Portillo
2018-01-30,0.0,0.46,05401007,Portillo
2018-01-31,0.0,-0.67,05401007,Portillo
2018-02-01,0.0,-1.08,05401007,Portillo
2018-02-02,0.0,-0.42,05401007,Portillo
2018-02-03,0.0,-0.67,05401007,Portillo
2018-02-04,0.0,-0.67,05401007,Portillo
2018-02-05,0.0,-1.25,05401007,Portillo
2018-02-06,0.0,-1.83,05401007,Portillo
2018-02-07,0.0,-1.17,05401007,Portillo
2018-02-08,0.0,-0.12,05401007,Portillo
2018-02-09,0.0,0.0,05401007,Portillo
2018-02-10,0.0,0.88,05401007,Portillo
2018-02-11,0.0,0.83,05401007,Portillo
2018-02-12,0.0,-0.12,05401007,Portillo
2018-02-13,0.0,-0.08,05401007,Portillo
2018-02-14,0.0,-1.0,05401007,Portillo
2018-02-15,0.0,-1.29,05401007,Portillo
2018-02-16,0.0,-0.33,05401007,Portillo
2018-02-17,0.0,-0.29,05401007,Portillo
2018-02-18,0.0,0.12,05401007,Portillo
2018-02-19,0.0,1.08,05401007,Portillo
2018-02-20,0.0,1.0,05401007,Portillo
2018-02-21,0.0,0.54,05401007,Portillo
2018-02-22,0.0,0.29,05401007,Portillo
2018-02-23,0.0,0.58,05401007,Portillo
2018-02-24,0.0,1.21,05401007,Portillo
2018-02-25,0.0,0.92,05401007,Portillo
2018-02-26,0.0,0.46,05401007,Portillo
2018-02-27,0.0,1.0,05401007,Portillo
2018-02-28,0.0,1.54,05401007,Portillo
2018-03-01,0.0,0.75,05401007,Portillo
2018-03-02,0.0,0.33,05401007,Portillo
2018-03-03,0.0,0.12,05401007,Portillo
2018-03-04,0.0,0.42,05401007,Portillo
2018-03-05,0.0,0.5,05401007,Portillo
2018-03-06,0.0,0.25,05401007,Portillo
2018-03-07,0.0,0.26,05401007,Portillo
2018-03-08,0.0,0.5,05401007,Portillo
2018-03-09,0.0,0.5,05401007,Portillo
2018-03-10,0.22,0.67,05401007,Portillo
2018-03-11,0.35,0.96,05401007,Portillo
2018-03-12,0.39,1.0,05401007,Portillo
2018-03-13,0.68,1.29,05401007,Portillo
2018-03-14,0.74,1.25,05401007,Portillo
2018-03-15,0.52,1.12,05401007,Portillo
2018-03-16,0.65,1.08,05401007,Portillo
2018-03-17,0.85,1.25,05401007,Portillo
2018-03-18,1.06,1.67,05401007,Portillo
2018-03-19,0.89,1.5,05401007,Portillo
2018-03-20,0.92,1.21,05401007,Portillo
2018-03-21,0.02,0.62,05401007,Portillo
2018-03-22,0.1,0.71,05401007,Portillo
2018-03-23,0.96,1.25,05401007,Portillo
2018-03-24,1.59,1.83,05401007,Portillo
2018-03-25,0.85,1.12,05401007,Portillo
2018-03-26,0.43,1.04,05401007,Portillo
2018-03-27,0.09,0.79,05401007,Portillo
2018-03-28,0.24,0.71,05401007,Portillo
2018-03-29,0.04,0.21,05401007,Portillo
2018-03-30,0.0,0.08,05401007,Portillo
2018-03-31,0.06,0.67,05401007,Portillo
2018-04-01,0.04,0.5,05401007,Portillo
2018-04-02,0.14,0.75,05401007,Portillo
2018-04-03,0.61,1.08,05401007,Portillo
2018-04-04,0.31,0.92,05401007,Portillo
2018-04-05,1.13,1.62,05401007,Portillo
2018-04-06,1.02,1.62,05401007,Portillo
2018-04-07,0.81,1.42,05401007,Portillo
2018-04-08,0.78,1.25,05401007,Portillo
2018-04-09,0.27,1.21,05401007,Portillo
2018-04-10,0.0,1.33,05401007,Portillo
2018-04-11,0.0,1.29,05401007,Portillo
2018-04-12,0.22,1.46,05401007,Portillo
2018-04-13,0.0,1.21,05401007,Portillo
2018-04-14,0.0,0.82,05401007,Portillo
2018-04-15,0.0,0.52,05401007,Portillo
2018-04-16,0.0,0.8,05401007,Portillo
2018-04-17,0.0,1.09,05401007,Portillo
2018-04-18,0.0,0.96,05401007,Portillo
2018-04-19,0.57,1.46,05401007,Portillo
2018-04-20,0.43,1.58,05401007,Portillo
2018-04-21,0.25,1.29,05401007,Portillo
2018-04-22,0.52,1.67,05401007,Portillo
2018-04-23,0.57,2.04,05401007,Portillo
2018-04-24,0.9,2.04,05401007,Portillo
2018-04-25,0.57,1.62,05401007,Portillo
2018-04-26,0.57,1.75,05401007,Portillo
2018-04-27,0.26,1.58,05401007,Portillo
2018-04-28,0.17,1.46,05401007,Portillo
2018-04-29,0.0,1.38,05401007,Portillo
2018-04-30,0.66,1.83,05401007,Portillo
2018-05-01,0.57,1.88,05401007,Portillo
2018-05-02,0.4,1.83,05401007,Portillo
2018-05-03,0.48,1.92,05401007,Portillo
2018-05-04,0.4,1.83,05401007,Portillo
2018-05-05,0.51,1.33,05401007,Portillo
2018-05-06,0.32,1.75,05401007,Portillo
2018-05-07,0.69,2.12,05401007,Portillo
2018-05-08,0.11,1.54,05401007,Portillo
2018-05-09,0.93,2.25,05401007,Portillo
2018-05-10,0.0,0.26,05401007,Portillo
2018-05-11,1.46,2.04,05401007,Portillo
2018-05-12,0.52,1.96,05401007,Portillo
2018-05-13,0.57,2.21,05401007,Portillo
2018-05-14,1.11,2.54,05401007,Portillo
2018-05-15,1.02,2.46,05401007,Portillo
2018-05-16,0.57,2.04,05401007,Portillo
2018-05-17,0.22,1.65,05401007,Portillo
2018-05-18,1.57,2.79,05401007,Portillo
2018-05-19,0.36,1.79,05401007,Portillo
2018-05-20,0.91,2.17,05401007,Portillo
2018-05-21,0.94,2.38,05401007,Portillo
2018-05-22,0.52,1.96,05401007,Portillo
2018-05-23,0.65,1.88,05401007,Portillo
2018-05-24,0.85,1.75,05401007,Portillo
2018-05-25,0.66,1.62,05401007,Portillo
2018-05-26,0.79,2.04,05401007,Portillo
2018-05-27,0.36,1.79,05401007,Portillo
2018-05-28,1.23,2.67,05401007,Portillo
2018-05-29,1.77,3.2,05401007,Portillo
2018-05-30,38.28,49.71,05401007,Portillo
2018-05-31,30.39,41.83,05401007,Portillo
2018-06-01,24.62,34.96,05401007,Portillo
2018-06-02,20.18,30.58,05401007,Portillo
2018-06-03,16.65,28.08,05401007,Portillo
2018-06-04,15.02,26.46,05401007,Portillo
2018-06-05,12.69,25.21,05401007,Portillo
2018-06-06,18.84,29.75,05401007,Portillo
2018-06-07,16.85,26.79,05401007,Portillo
2018-06-08,14.44,25.88,05401007,Portillo
2018-06-09,13.02,4.1666666666666666e+36,05401007,Portillo
2018-06-10,27.57,4.1666666666666666e+37,05401007,Portillo
2018-06-11,33.22,1.3043478260869563e+37,05401007,Portillo
2018-06-12,31.48,42.92,05401007,Portillo
2018-06-13,29.92,40.04,05401007,Portillo
2018-06-14,28.95,39.46,05401007,Portillo
2018-06-15,27.07,37.33,05401007,Portillo
2018-06-16,25.29,36.0,05401007,Portillo
2018-06-17,23.42,34.04,05401007,Portillo
2018-06-18,21.33,31.83,05401007,Portillo
2018-06-19,19.71,30.58,05401007,Portillo
2018-06-20,18.65,30.08,05401007,Portillo
2018-06-21,18.04,28.96,05401007,Portillo
2018-06-22,17.23,28.08,05401007,Portillo
2018-06-23,19.03,30.46,05401007,Portillo
2018-06-24,30.77,42.2,05401007,Portillo
2018-06-25,29.23,40.67,05401007,Portillo
2018-06-26,25.27,36.71,05401007,Portillo
2018-06-27,25.25,35.96,05401007,Portillo
2018-06-28,24.57,36.0,05401007,Portillo
2018-06-29,23.85,34.33,05401007,Portillo
2018-06-30,21.83,32.92,05401007,Portillo
2018-07-01,23.23,35.65,05401007,Portillo
2018-07-02,29.57,41.0,05401007,Portillo
2018-07-03,25.44,36.88,05401007,Portillo
2018-07-04,37.9,5e+37,05401007,Portillo
2018-07-05,50.09,1.25e+37,05401007,Portillo
2018-07-06,45.7,57.13,05401007,Portillo
2018-07-07,42.57,53.54,05401007,Portillo
2018-07-08,40.07,50.67,05401007,Portillo
2018-07-09,37.07,48.5,05401007,Portillo
2018-07-10,36.61,47.21,05401007,Portillo
2018-07-11,35.18,45.75,05401007,Portillo
2018-07-12,33.95,44.5,05401007,Portillo
2018-07-13,30.98,42.42,05401007,Portillo
2018-07-14,30.57,41.92,05401007,Portillo
2018-07-15,30.17,41.5,05401007,Portillo
2018-07-16,30.07,41.27,05401007,Portillo
2018-07-17,37.17,48.6,05401007,Portillo
2018-07-18,57.78,69.21,05401007,Portillo
2018-07-19,52.86,64.29,05401007,Portillo
2018-07-20,49.43,60.08,05401007,Portillo
2018-07-21,46.23,57.67,05401007,Portillo
2018-07-22,46.2,57.38,05401007,Portillo
2018-07-23,43.96,55.12,05401007,Portillo
2018-07-24,31.69,43.12,05401007,Portillo
2018-07-25,29.4,40.83,05401007,Portillo
2018-07-26,48.32,59.75,05401007,Portillo
2018-07-27,53.52,64.95,05401007,Portillo
2018-07-28,53.86,65.29,05401007,Portillo
2018-07-29,52.77,64.21,05401007,Portillo
2018-07-30,53.09,63.46,05401007,Portillo
2018-07-31,53.47,64.29,05401007,Portillo
2018-08-01,52.32,63.75,05401007,Portillo
2018-08-02,51.52,62.96,05401007,Portillo
2018-08-03,50.15,61.58,05401007,Portillo
2018-08-04,50.47,61.33,05401007,Portillo
2018-08-05,48.32,59.75,05401007,Portillo
2018-08-06,44.87,55.95,05401007,Portillo
2018-08-07,67.35,77.75,05401007,Portillo
2018-08-08,58.83,69.83,05401007,Portillo
2018-08-09,54.13,65.57,05401007,Portillo
2018-08-10,49.11,60.55,05401007,Portillo
2018-08-11,47.09,58.52,05401007,Portillo
2018-08-12,45.04,56.21,05401007,Portillo
2018-08-13,43.84,55.27,05401007,Portillo
2018-08-14,41.96,53.04,05401007,Portillo
2018-08-15,38.28,48.5,05401007,Portillo
2018-08-16,35.57,45.91,05401007,Portillo
2018-08-17,33.37,44.38,05401007,Portillo
2018-08-18,38.57,50.0,05401007,Portillo
2018-08-19,41.4,52.83,05401007,Portillo
2018-08-20,38.66,49.29,05401007,Portillo
2018-08-21,36.26,47.46,05401007,Portillo
2018-08-22,34.17,45.29,05401007,Portillo
2018-08-23,33.78,45.22,05401007,Portillo
2018-08-24,,48.79,05401007,Portillo
2018-08-25,34.32,45.75,05401007,Portillo
2018-08-26,29.61,40.54,05401007,Portillo
2018-08-27,27.27,38.71,05401007,Portillo
2018-08-28,26.22,37.38,05401007,Portillo
2018-08-29,22.9,34.33,05401007,Portillo
2018-08-30,22.78,33.25,05401007,Portillo
2018-08-31,21.63,33.06,05401007,Portillo
2018-09-01,22.9,34.33,05401007,Portillo
2018-09-02,18.94,30.38,05401007,Portillo
2018-09-03,14.73,26.17,05401007,Portillo
2018-09-04,10.32,21.75,05401007,Portillo
2018-09-05,6.61,18.04,05401007,Portillo
2018-09-06,1.98,13.42,05401007,Portillo
2018-09-07,1.0,12.21,05401007,Portillo
2018-09-08,0.73,12.17,05401007,Portillo
2018-09-09,1.57,12.96,05401007,Portillo
2018-09-10,1.43,12.67,05401007,Portillo
2018-09-11,1.57,13.0,05401007,Portillo
2018-09-12,1.98,13.42,05401007,Portillo
2018-09-13,1.48,12.92,05401007,Portillo
2018-09-14,2.07,12.96,05401007,Portillo
2018-09-15,2.23,13.67,05401007,Portillo
2018-09-16,2.37,13.46,05401007,Portillo
2018-09-17,1.98,13.42,05401007,Portillo
2018-09-18,15.43,65.61,05401007,Portillo
2018-09-19,23.27,34.71,05401007,Portillo
2018-09-20,20.02,31.46,05401007,Portillo
2018-09-21,13.15,24.58,05401007,Portillo
2018-09-22,5.98,17.42,05401007,Portillo
2018-09-23,2.57,13.71,05401007,Portillo
2018-09-24,0.65,12.08,05401007,Portillo
2018-09-25,1.0,12.54,05401007,Portillo
2018-09-26,1.43,12.46,05401007,Portillo
2018-09-27,8.34,19.78,05401007,Portillo
2018-09-28,7.27,18.7,05401007,Portillo
2018-09-29,,,05401007,Portillo
2018-09-30,,,05401007,Portillo
2018-10-01,,,05401007,Portillo
2018-10-02,,,05401007,Portillo
2018-10-03,,,05401007,Portillo
2018-10-04,,,05401007,Portillo
2018-10-05,,,05401007,Portillo
2018-10-06,,,05401007,Portillo
2018-10-07,,,05401007,Portillo
2018-10-08,,,05401007,Portillo
2018-10-09,,,05401007,Portillo
2018-10-10,78.82,90.25,05401007,Portillo
2018-10-11,26.8,38.23,05401007,Portillo
2018-10-12,22.42,33.86,05401007,Portillo
2018-10-13,15.61,27.04,05401007,Portillo
2018-10-14,12.02,23.46,05401007,Portillo
2018-10-15,5.82,17.25,05401007,Portillo
2018-10-16,1.77,13.21,05401007,Portillo
2018-10-17,0.52,11.55,05401007,Portillo
2018-10-18,0.98,12.42,05401007,Portillo
2018-10-19,0.73,12.17,05401007,Portillo
2018-10-20,1.23,12.67,05401007,Portillo
2018-10-21,1.9,13.33,05401007,Portillo
2018-10-22,1.27,12.71,05401007,Portillo
2018-10-23,1.96,13.29,05401007,Portillo
2018-10-24,2.07,13.29,05401007,Portillo
2018-10-25,1.4,12.83,05401007,Portillo
2018-10-26,1.65,12.88,05401007,Portillo
2018-10-27,1.98,13.42,05401007,Portillo
2018-10-28,1.77,13.21,05401007,Portillo
2018-10-29,2.11,13.54,05401007,Portillo
2018-10-30,1.97,13.41,05401007,Portillo
2018-10-31,1.78,13.08,05401007,Portillo
2018-11-01,2.32,13.75,05401007,Portillo
2018-11-02,1.91,13.21,05401007,Portillo
2018-11-03,0.94,12.38,05401007,Portillo
2018-11-04,0.86,12.29,05401007,Portillo
2018-11-05,0.48,11.92,05401007,Portillo
2018-11-06,0.4,11.83,05401007,Portillo
2018-11-07,0.0,10.62,05401007,Portillo
2018-11-08,0.0,11.25,05401007,Portillo
2018-11-09,0.39,11.83,05401007,Portillo
2018-11-10,1.15,12.58,05401007,Portillo
2018-11-11,1.65,12.88,05401007,Portillo
2018-11-12,2.57,13.86,05401007,Portillo
2018-11-13,1.95,13.94,05401007,Portillo
2018-11-14,3.52,14.96,05401007,Portillo
2018-11-15,0.65,12.08,05401007,Portillo
2018-11-16,0.4,11.83,05401007,Portillo
2018-11-17,0.73,12.17,05401007,Portillo
2018-11-18,0.65,12.08,05401007,Portillo
2018-11-19,0.37,11.33,05401007,Portillo
2018-11-20,0.43,11.75,05401007,Portillo
2018-11-21,0.0,11.29,05401007,Portillo
2018-11-22,0.18,11.46,05401007,Portillo
2018-11-23,0.22,11.54,05401007,Portillo
2018-11-24,0.48,11.92,05401007,Portillo
2018-11-25,0.48,11.92,05401007,Portillo
2018-11-26,0.94,12.38,05401007,Portillo
2018-11-27,0.82,12.25,05401007,Portillo
2018-11-28,0.0,11.08,05401007,Portillo
2018-11-29,0.69,12.12,05401007,Portillo
2018-11-30,0.52,11.96,05401007,Portillo
2018-12-01,1.22,12.21,05401007,Portillo
2018-12-02,1.34,12.54,05401007,Portillo
2018-12-03,0.69,12.12,05401007,Portillo
2018-12-04,1.86,13.29,05401007,Portillo
2018-12-05,1.77,13.21,05401007,Portillo
2018-12-06,0.87,12.3,05401007,Portillo
2018-12-07,0.0,11.38,05401007,Portillo
2018-12-08,0.0,10.54,05401007,Portillo
2018-12-09,0.23,11.67,05401007,Portillo
2018-12-10,0.0,10.92,05401007,Portillo
2018-12-11,0.0,11.21,05401007,Portillo
2018-12-12,0.0,10.92,05401007,Portillo
2018-12-13,0.0,11.04,05401007,Portillo
2018-12-14,0.48,11.71,05401007,Portillo
2018-12-15,0.0,11.21,05401007,Portillo
2018-12-16,0.0,10.65,05401007,Portillo
2018-12-17,0.0,10.62,05401007,Portillo
2018-12-18,0.0,11.0,05401007,Portillo
2018-12-19,0.0,10.71,05401007,Portillo
2018-12-20,0.0,11.0,05401007,Portillo
2018-12-21,0.0,10.96,05401007,Portillo
2018-12-22,0.0,10.54,05401007,Portillo
2018-12-23,0.0,10.62,05401007,Portillo
2018-12-24,0.0,9.88,05401007,Portillo
2018-12-25,0.0,10.5,05401007,Portillo
2018-12-26,0.0,9.62,05401007,Portillo
2018-12-27,0.0,10.42,05401007,Portillo
2018-12-28,0.0,10.08,05401007,Portillo
2018-12-29,0.0,10.67,05401007,Portillo
2018-12-30,0.0,10.71,05401007,Portillo
2018-12-31,0.0,10.62,05401007,Portillo
2019-01-01,0.0,11.17,05401007,Portillo
2019-01-02,0.0,10.67,05401007,Portillo
2019-01-03,0.0,10.83,05401007,Portillo
2019-01-04,0.0,11.17,05401007,Portillo
2019-01-05,0.0,10.5,05401007,Portillo
2019-01-06,0.0,10.58,05401007,Portillo
2019-01-07,0.02,11.46,05401007,Portillo
2019-01-08,0.65,12.08,05401007,Portillo
2019-01-09,0.23,11.67,05401007,Portillo
2019-01-10,0.69,12.12,05401007,Portillo
2019-01-11,0.27,11.71,05401007,Portillo
2019-01-12,0.19,11.62,05401007,Portillo
2019-01-13,0.0,11.25,05401007,Portillo
2019-01-14,0.57,12.0,05401007,Portillo
2019-01-15,0.27,11.71,05401007,Portillo
2019-01-16,0.0,11.04,05401007,Portillo
2019-01-17,0.22,11.65,05401007,Portillo
2019-01-18,0.0,11.04,05401007,Portillo
2019-01-19,0.0,10.87,05401007,Portillo
2019-01-20,0.0,10.96,05401007,Portillo
2019-01-21,0.0,10.67,05401007,Portillo
2019-01-22,0.0,10.96,05401007,Portillo
2019-01-23,0.0,9.67,05401007,Portillo
2019-01-24,0.0,9.17,05401007,Portillo
2019-01-25,0.0,10.79,05401007,Portillo
2019-01-26,0.0,10.62,05401007,Portillo
2019-01-27,0.0,10.5,05401007,Portillo
2019-01-28,0.0,10.5,05401007,Portillo
2019-01-29,0.0,9.67,05401007,Portillo
2019-01-30,0.0,9.96,05401007,Portillo
2019-01-31,0.0,10.08,05401007,Portillo
2019-02-01,0.0,9.58,05401007,Portillo
2019-02-02,0.0,9.91,05401007,Portillo
2019-02-03,0.0,10.44,05401007,Portillo
2019-02-04,0.0,10.73,05401007,Portillo
2019-02-05,0.0,10.92,05401007,Portillo
2019-02-06,0.0,11.04,05401007,Portillo
2019-02-07,0.0,11.33,05401007,Portillo
2019-02-08,0.0,11.29,05401007,Portillo
2019-02-09,0.0,11.38,05401007,Portillo
2019-02-10,0.0,11.21,05401007,Portillo
2019-02-11,0.0,11.33,05401007,Portillo
2019-02-12,0.77,12.21,05401007,Portillo
2019-02-13,1.23,12.67,05401007,Portillo
2019-02-14,0.44,11.88,05401007,Portillo
2019-02-15,0.0,11.42,05401007,Portillo
2019-02-16,0.44,11.88,05401007,Portillo
2019-02-17,0.0,11.42,05401007,Portillo
2019-02-18,0.9,12.33,05401007,Portillo
2019-02-19,0.94,12.38,05401007,Portillo
2019-02-20,0.65,12.08,05401007,Portillo
2019-02-21,0.61,12.04,05401007,Portillo
2019-02-22,0.15,11.58,05401007,Portillo
2019-02-23,0.32,11.75,05401007,Portillo
2019-02-24,0.77,12.21,05401007,Portillo
2019-02-25,1.32,12.75,05401007,Portillo
2019-02-26,1.65,13.08,05401007,Portillo
2019-02-27,0.98,12.42,05401007,Portillo
2019-02-28,0.0,11.08,05401007,Portillo
2019-03-01,0.9,12.33,05401007,Portillo
2019-03-02,1.23,12.67,05401007,Portillo
2019-03-03,0.36,11.79,05401007,Portillo
2019-03-04,0.57,12.0,05401007,Portillo
2019-03-05,1.23,12.67,05401007,Portillo
2019-03-06,1.52,12.96,05401007,Portillo
2019-03-07,1.65,13.08,05401007,Portillo
2019-03-08,1.02,12.46,05401007,Portillo
2019-03-09,0.94,12.38,05401007,Portillo
2019-03-10,0.65,12.08,05401007,Portillo
2019-03-11,0.96,12.39,05401007,Portillo
2019-03-12,0.0,12.38,05401007,Portillo
2019-03-13,0.0,12.12,05401007,Portillo
2019-03-14,0.0,12.08,05401007,Portillo
2019-03-15,0.17,12.54,05401007,Portillo
2019-03-16,0.12,12.5,05401007,Portillo
2019-03-17,0.5,12.88,05401007,Portillo
2019-03-18,0.0,12.21,05401007,Portillo
2019-03-19,0.12,12.5,05401007,Portillo
2019-03-20,0.0,12.29,05401007,Portillo
2019-03-21,0.0,12.12,05401007,Portillo
2019-03-22,0.0,11.29,05401007,Portillo
2019-03-23,0.0,11.71,05401007,Portillo
2019-03-24,0.0,11.46,05401007,Portillo
2019-03-25,0.0,11.42,05401007,Portillo
2019-03-26,0.0,11.5,05401007,Portillo
2019-03-27,0.0,11.46,05401007,Portillo
2019-03-28,0.0,11.71,05401007,Portillo
2019-03-29,0.0,11.71,05401007,Portillo
2019-03-30,0.0,10.79,05401007,Portillo
2019-03-31,0.0,11.12,05401007,Portillo
2019-04-01,0.0,10.92,05401007,Portillo
2019-04-02,0.0,11.54,05401007,Portillo
2019-04-03,0.0,11.5,05401007,Portillo
2019-04-04,0.0,12.08,05401007,Portillo
2019-04-05,0.0,12.25,05401007,Portillo
2019-04-06,0.0,11.38,05401007,Portillo
2019-04-07,0.0,11.25,05401007,Portillo
2019-04-08,0.0,11.67,05401007,Portillo
2019-04-09,0.0,12.25,05401007,Portillo
2019-04-10,0.25,12.62,05401007,Portillo
2019-04-11,0.0,11.96,05401007,Portillo
2019-04-12,0.0,11.83,05401007,Portillo
2019-04-13,0.08,12.46,05401007,Portillo
2019-04-14,0.5,12.88,05401007,Portillo
2019-04-15,0.12,12.5,05401007,Portillo
2019-04-16,0.0,11.83,05401007,Portillo
2019-04-17,0.0,12.17,05401007,Portillo
2019-04-18,0.0,12.38,05401007,Portillo
2019-04-19,0.0,12.38,05401007,Portillo
2019-04-20,0.21,12.58,05401007,Portillo
2019-04-21,0.5,12.88,05401007,Portillo
2019-04-22,0.62,13.0,05401007,Portillo
2019-04-23,0.0,12.38,05401007,Portillo
2019-04-24,0.22,12.59,05401007,Portillo
2019-04-25,0.0,11.73,05401007,Portillo
2019-04-26,0.42,12.79,05401007,Portillo
2019-04-27,0.33,12.71,05401007,Portillo
2019-04-28,0.0,12.21,05401007,Portillo
2019-04-29,0.04,12.42,05401007,Portillo
2019-04-30,0.17,12.54,05401007,Portillo
2019-05-01,0.17,12.54,05401007,Portillo
2019-05-02,0.0,12.08,05401007,Portillo
2019-05-03,0.0,12.25,05401007,Portillo
2019-05-04,0.0,12.25,05401007,Portillo
2019-05-05,0.0,12.08,05401007,Portillo
2019-05-06,0.0,12.04,05401007,Portillo
2019-05-07,0.0,12.08,05401007,Portillo
2019-05-08,0.04,12.42,05401007,Portillo
2019-05-09,0.92,13.29,05401007,Portillo
2019-05-10,0.96,13.33,05401007,Portillo
2019-05-11,0.17,12.54,05401007,Portillo
2019-05-12,0.0,11.71,05401007,Portillo
2019-05-13,0.0,11.54,05401007,Portillo
2019-05-14,0.0,11.58,05401007,Portillo
2019-05-15,0.0,11.71,05401007,Portillo
2019-05-16,0.0,11.83,05401007,Portillo
2019-05-17,0.04,12.42,05401007,Portillo
2019-05-18,0.83,13.21,05401007,Portillo
2019-05-19,0.17,12.54,05401007,Portillo
2019-05-20,1.47,13.84,05401007,Portillo
2019-05-21,4.5,16.87,05401007,Portillo
2019-05-22,2.96,15.33,05401007,Portillo
2019-05-23,0.5,12.88,05401007,Portillo
2019-05-24,0.17,12.54,05401007,Portillo
2019-05-25,1.08,13.46,05401007,Portillo
2019-05-26,1.33,13.71,05401007,Portillo
2019-05-27,0.62,13.0,05401007,Portillo
2019-05-28,0.38,12.75,05401007,Portillo
2019-05-29,14.12,26.5,05401007,Portillo
2019-05-30,27.94,40.32,05401007,Portillo
2019-05-31,26.02,38.39,05401007,Portillo
2019-06-01,22.79,35.17,05401007,Portillo
2019-06-02,18.71,31.08,05401007,Portillo
2019-06-03,16.38,28.75,05401007,Portillo
2019-06-04,14.46,26.83,05401007,Portillo
2019-06-05,12.88,25.25,05401007,Portillo
2019-06-06,12.92,25.29,05401007,Portillo
2019-06-07,11.83,24.21,05401007,Portillo
2019-06-08,10.62,23.0,05401007,Portillo
2019-06-09,6.75,19.12,05401007,Portillo
2019-06-10,4.58,16.96,05401007,Portillo
2019-06-11,4.33,16.71,05401007,Portillo
2019-06-12,5.58,17.96,05401007,Portillo
2019-06-13,5.88,18.25,05401007,Portillo
2019-06-14,6.29,18.67,05401007,Portillo
2019-06-15,6.85,19.22,05401007,Portillo
2019-06-16,7.38,19.75,05401007,Portillo
2019-06-17,6.35,18.72,05401007,Portillo
2019-06-18,12.45,24.82,05401007,Portillo
2019-06-19,9.1,21.47,05401007,Portillo
2019-06-20,7.88,20.25,05401007,Portillo
2019-06-21,6.71,19.08,05401007,Portillo
2019-06-22,5.54,17.92,05401007,Portillo
2019-06-23,5.08,17.46,05401007,Portillo
2019-06-24,38.76,51.13,05401007,Portillo
2019-06-25,31.12,43.5,05401007,Portillo
2019-06-26,28.27,40.65,05401007,Portillo
2019-06-27,24.5,36.88,05401007,Portillo
2019-06-28,27.34,39.71,05401007,Portillo
2019-06-29,48.9,61.27,05401007,Portillo
2019-06-30,46.75,59.12,05401007,Portillo
2019-07-01,43.0,55.38,05401007,Portillo
2019-07-02,41.21,53.58,05401007,Portillo
2019-07-03,39.96,52.33,05401007,Portillo
2019-07-04,37.12,49.5,05401007,Portillo
2019-07-05,35.75,48.12,05401007,Portillo
2019-07-06,33.04,45.42,05401007,Portillo
2019-07-07,31.58,43.95,05401007,Portillo
2019-07-08,33.17,45.54,05401007,Portillo
2019-07-09,32.58,44.96,05401007,Portillo
2019-07-10,32.54,44.92,05401007,Portillo
2019-07-11,32.25,44.62,05401007,Portillo
2019-07-12,32.12,44.5,05401007,Portillo
2019-07-13,31.62,44.0,05401007,Portillo
2019-07-14,31.33,43.71,05401007,Portillo
2019-07-15,31.08,43.46,05401007,Portillo
2019-07-16,30.5,42.88,05401007,Portillo
2019-07-17,29.67,42.04,05401007,Portillo
2019-07-18,28.92,41.29,05401007,Portillo
2019-07-19,28.17,40.54,05401007,Portillo
2019-07-20,28.21,40.58,05401007,Portillo
2019-07-21,27.62,40.0,05401007,Portillo
2019-07-22,28.83,41.21,05401007,Portillo
2019-07-23,28.17,40.54,05401007,Portillo
2019-07-24,27.17,39.54,05401007,Portillo
2019-07-25,25.62,38.0,05401007,Portillo
2019-07-26,26.0,38.38,05401007,Portillo
2019-07-27,24.0,36.38,05401007,Portillo
2019-07-28,22.12,34.5,05401007,Portillo
2019-07-29,33.26,45.63,05401007,Portillo
2019-07-30,31.17,43.54,05401007,Portillo
2019-07-31,30.0,42.38,05401007,Portillo
2019-08-01,28.54,40.92,05401007,Portillo
2019-08-02,26.33,38.71,05401007,Portillo
2019-08-03,24.21,36.58,05401007,Portillo
2019-08-04,23.0,35.38,05401007,Portillo
2019-08-05,20.38,32.75,05401007,Portillo
2019-08-06,18.42,30.79,05401007,Portillo
2019-08-07,16.62,29.0,05401007,Portillo
2019-08-08,16.21,28.58,05401007,Portillo
2019-08-09,15.67,28.04,05401007,Portillo
2019-08-10,14.17,26.54,05401007,Portillo
2019-08-11,15.32,27.7,05401007,Portillo
2019-08-12,13.33,25.71,05401007,Portillo
2019-08-13,9.75,22.12,05401007,Portillo
2019-08-14,6.08,18.46,05401007,Portillo
2019-08-15,4.29,16.67,05401007,Portillo
2019-08-16,1.88,14.25,05401007,Portillo
2019-08-17,0.58,12.96,05401007,Portillo
2019-08-18,0.67,13.04,05401007,Portillo
2019-08-19,2.71,15.08,05401007,Portillo
2019-08-20,11.35,23.73,05401007,Portillo
2019-08-21,9.67,22.05,05401007,Portillo
2019-08-22,6.35,18.73,05401007,Portillo
2019-08-23,1.42,13.79,05401007,Portillo
2019-08-24,1.0,13.38,05401007,Portillo
2019-08-25,1.08,13.46,05401007,Portillo
2019-08-26,0.12,12.5,05401007,Portillo
2019-08-27,0.0,11.67,05401007,Portillo
2019-08-28,0.0,11.83,05401007,Portillo
2019-08-29,0.12,12.5,05401007,Portillo
2019-08-30,0.33,12.71,05401007,Portillo
2019-08-31,0.0,12.25,05401007,Portillo
2019-09-01,0.58,12.96,05401007,Portillo
2019-09-02,0.75,13.12,05401007,Portillo
2019-09-03,0.12,12.5,05401007,Portillo
2019-09-04,0.0,12.17,05401007,Portillo
2019-09-05,0.0,12.07,05401007,Portillo
2019-09-06,3.12,15.5,05401007,Portillo
2019-09-07,0.0,12.0,05401007,Portillo
2019-09-08,2.96,15.33,05401007,Portillo
2019-09-09,9.38,21.75,05401007,Portillo
2019-09-10,8.35,20.73,05401007,Portillo
2019-09-11,10.99,23.37,05401007,Portillo
2019-09-12,7.62,20.0,05401007,Portillo
2019-09-13,4.33,16.71,05401007,Portillo
2019-09-14,1.54,13.92,05401007,Portillo
2019-09-15,0.46,12.83,05401007,Portillo
2019-09-16,0.0,12.21,05401007,Portillo
2019-09-17,0.0,12.17,05401007,Portillo
2019-09-18,0.38,12.75,05401007,Portillo
2019-09-19,0.0,12.21,05401007,Portillo
2019-09-20,1.17,13.54,05401007,Portillo
2019-09-21,0.58,12.96,05401007,Portillo
2019-09-22,0.0,12.21,05401007,Portillo
2019-09-23,0.25,12.62,05401007,Portillo
2019-09-24,0.0,11.92,05401007,Portillo
2019-09-25,0.0,11.62,05401007,Portillo
2019-09-26,0.0,11.54,05401007,Portillo
2019-09-27,0.42,12.79,05401007,Portillo
2019-09-28,0.25,12.62,05401007,Portillo
2019-09-29,0.46,12.83,05401007,Portillo
2019-09-30,0.96,13.33,05401007,Portillo
2019-10-01,1.67,14.04,05401007,Portillo
2019-10-02,1.5,13.88,05401007,Portillo
2019-10-03,1.88,14.25,05401007,Portillo
2019-10-04,1.62,14.0,05401007,Portillo
2019-10-05,0.5,12.88,05401007,Portillo
2019-10-06,0.46,12.83,05401007,Portillo
2019-10-07,0.5,12.88,05401007,Portillo
2019-10-08,0.12,12.5,05401007,Portillo
2019-10-09,0.0,12.25,05401007,Portillo
2019-10-10,0.0,12.08,05401007,Portillo
2019-10-11,0.0,12.21,05401007,Portillo
2019-10-12,0.04,12.42,05401007,Portillo
2019-10-13,0.0,12.17,05401007,Portillo
2019-10-14,0.36,12.74,05401007,Portillo
2019-10-15,0.0,11.88,05401007,Portillo
2019-10-16,0.04,12.42,05401007,Portillo
2019-10-17,0.71,13.08,05401007,Portillo
2019-10-18,0.0,11.83,05401007,Portillo
2019-10-19,0.0,12.25,05401007,Portillo
2019-10-20,0.58,12.96,05401007,Portillo
2019-10-21,0.0,11.67,05401007,Portillo
2019-10-22,0.0,11.25,05401007,Portillo
2019-10-23,0.0,11.42,05401007,Portillo
2019-10-24,0.0,11.54,05401007,Portillo
2019-10-25,0.0,10.75,05401007,Portillo
2019-10-26,0.0,11.33,05401007,Portillo
2019-10-27,0.0,11.58,05401007,Portillo
2019-10-28,0.0,12.17,05401007,Portillo
2019-10-29,0.0,12.0,05401007,Portillo
2019-10-30,0.0,11.21,05401007,Portillo
2019-10-31,0.0,10.46,05401007,Portillo
2019-11-01,0.0,11.58,05401007,Portillo
2019-11-02,0.0,12.04,05401007,Portillo
2019-11-03,0.0,11.75,05401007,Portillo
2019-11-04,0.25,12.62,05401007,Portillo
2019-11-05,0.0,12.08,05401007,Portillo
2019-11-06,0.0,11.67,05401007,Portillo
2019-11-07,0.0,11.17,05401007,Portillo
2019-11-08,0.0,11.12,05401007,Portillo
2019-11-09,0.0,10.58,05401007,Portillo
2019-11-10,0.0,10.62,05401007,Portillo
2019-11-11,0.0,10.5,05401007,Portillo
2019-11-12,0.0,10.58,05401007,Portillo
2019-11-13,0.0,11.5,05401007,Portillo
2019-11-14,0.0,11.75,05401007,Portillo
2019-11-15,0.0,11.67,05401007,Portillo
2019-11-16,0.0,11.33,05401007,Portillo
2019-11-17,0.0,11.42,05401007,Portillo
2019-11-18,0.0,10.96,05401007,Portillo
2019-11-19,0.0,11.21,05401007,Portillo
2019-11-20,0.0,11.35,05401007,Portillo
2019-11-21,0.0,10.71,05401007,Portillo
2019-11-22,0.0,10.62,05401007,Portillo
2019-11-23,0.0,10.54,05401007,Portillo
2019-11-24,0.0,11.46,05401007,Portillo
2019-11-25,0.17,12.54,05401007,Portillo
2019-11-26,0.17,12.54,05401007,Portillo
2019-11-27,0.0,12.33,05401007,Portillo
2019-11-28,0.0,11.52,05401007,Portillo
2019-11-29,0.0,11.54,05401007,Portillo
2019-11-30,0.0,11.38,05401007,Portillo
2019-12-01,0.0,11.04,05401007,Portillo
2019-12-02,0.0,11.0,05401007,Portillo
2019-12-03,0.0,11.54,05401007,Portillo
2019-12-04,0.0,12.17,05401007,Portillo
2019-12-05,0.0,11.54,05401007,Portillo
2019-12-06,0.0,11.29,05401007,Portillo
2019-12-07,0.0,10.83,05401007,Portillo
2019-12-08,0.0,11.29,05401007,Portillo
2019-12-09,0.0,10.75,05401007,Portillo
2019-12-10,0.0,10.58,05401007,Portillo
2019-12-11,0.0,11.33,05401007,Portillo
2019-12-12,0.0,11.65,05401007,Portillo
2019-12-13,0.0,11.33,05401007,Portillo
2019-12-14,0.0,11.46,05401007,Portillo
2019-12-15,0.0,11.42,05401007,Portillo
2019-12-16,0.0,11.17,05401007,Portillo
2019-12-17,0.0,10.79,05401007,Portillo
2019-12-18,0.0,10.46,05401007,Portillo
2019-12-19,0.0,10.38,05401007,Portillo
2019-12-20,0.0,11.08,05401007,Portillo
2019-12-21,0.0,11.17,05401007,Portillo
2019-12-22,0.0,10.91,05401007,Portillo
2019-12-23,0.0,10.12,05401007,Portillo
2019-12-24,0.0,10.75,05401007,Portillo
2019-12-25,0.0,10.42,05401007,Portillo
2019-12-26,0.0,9.96,05401007,Portillo
2019-12-27,0.0,10.46,05401007,Portillo
2019-12-28,0.0,10.62,05401007,Portillo
2019-12-29,0.0,11.38,05401007,Portillo
2019-12-30,0.0,11.67,05401007,Portillo
2019-12-31,0.0,10.29,05401007,Portillo
2020-01-01,0.0,10.29,05401007,Portillo
2020-01-02,0.0,10.58,05401007,Portillo
2020-01-03,0.0,10.17,05401007,Portillo
2020-01-04,0.0,10.12,05401007,Portillo
2020-01-05,0.0,12.08,05401007,Portillo
2020-01-06,0.0,12.25,05401007,Portillo
2020-01-07,0.46,12.83,05401007,Portillo
2020-01-08,0.54,12.91,05401007,Portillo
2020-01-09,0.23,12.61,05401007,Portillo
2020-01-10,0.0,12.29,05401007,Portillo
2020-01-11,0.0,12.08,05401007,Portillo
2020-01-12,0.0,11.67,05401007,Portillo
2020-01-13,0.0,11.83,05401007,Portillo
2020-01-14,0.0,12.08,05401007,Portillo
2020-01-15,0.0,11.78,05401007,Portillo
2020-01-16,0.0,11.38,05401007,Portillo
2020-01-17,0.0,11.25,05401007,Portillo
2020-01-18,0.0,11.21,05401007,Portillo
2020-01-19,0.0,10.5,05401007,Portillo
2020-01-20,0.0,10.39,05401007,Portillo
2020-01-21,0.0,11.38,05401007,Portillo
2020-01-22,0.0,10.21,05401007,Portillo
2020-01-23,0.0,10.54,05401007,Portillo
2020-01-24,0.0,10.32,05401007,Portillo
2020-01-25,0.0,11.32,05401007,Portillo
2020-01-26,0.0,12.04,05401007,Portillo
2020-01-27,0.0,12.08,05401007,Portillo
2020-01-28,0.0,12.25,05401007,Portillo
2020-01-29,0.0,12.13,05401007,Portillo
2020-01-30,0.0,11.67,05401007,Portillo
2020-01-31,0.0,11.58,05401007,Portillo
2020-02-01,0.0,12.08,05401007,Portillo
2020-02-02,0.0,11.79,05401007,Portillo
2020-02-03,0.0,11.54,05401007,Portillo
2020-02-04,0.0,11.75,05401007,Portillo
2020-02-05,0.0,12.04,05401007,Portillo
2020-02-06,0.0,12.17,05401007,Portillo
2020-02-07,0.0,11.44,05401007,Portillo
2020-02-08,0.0,11.12,05401007,Portillo
2020-02-09,0.0,11.35,05401007,Portillo
2020-02-10,0.0,11.42,05401007,Portillo
2020-02-11,0.0,11.58,05401007,Portillo
2020-02-12,0.0,12.08,05401007,Portillo
2020-02-13,0.0,11.42,05401007,Portillo
2020-02-14,0.0,10.67,05401007,Portillo
2020-02-15,0.0,10.38,05401007,Portillo
2020-02-16,0.0,9.17,05401007,Portillo
2020-02-17,0.0,8.79,05401007,Portillo
2020-02-18,0.0,10.54,05401007,Portillo
2020-02-19,0.0,10.04,05401007,Portillo
2020-02-20,0.0,10.38,05401007,Portillo
2020-02-21,0.0,10.71,05401007,Portillo
2020-02-22,0.0,10.17,05401007,Portillo
2020-02-23,0.0,10.62,05401007,Portillo
2020-02-24,0.0,11.33,05401007,Portillo
2020-02-25,0.0,11.62,05401007,Portillo
2020-02-26,0.0,11.0,05401007,Portillo
2020-02-27,0.0,10.83,05401007,Portillo
2020-02-28,0.0,10.08,05401007,Portillo
2020-02-29,0.0,10.29,05401007,Portillo
2020-03-01,0.0,9.75,05401007,Portillo
2020-03-02,0.0,10.58,05401007,Portillo
2020-03-03,0.0,10.92,05401007,Portillo
2020-03-04,0.0,9.38,05401007,Portillo
2020-03-05,0.0,10.58,05401007,Portillo
2020-03-06,0.0,10.38,05401007,Portillo
2020-03-07,0.0,10.42,05401007,Portillo
2020-03-08,0.0,11.0,05401007,Portillo
2020-03-09,0.0,10.71,05401007,Portillo
2020-03-10,0.0,10.79,05401007,Portillo
2020-03-11,0.0,10.88,05401007,Portillo
2020-03-12,0.0,11.17,05401007,Portillo
2020-03-13,0.0,10.71,05401007,Portillo
2020-03-14,0.0,10.86,05401007,Portillo
2020-03-15,0.0,10.83,05401007,Portillo
2020-03-16,0.0,10.54,05401007,Portillo
2020-03-17,0.0,10.5,05401007,Portillo
2020-03-18,0.0,11.25,05401007,Portillo
2020-03-19,0.0,10.96,05401007,Portillo
2020-03-20,0.0,10.88,05401007,Portillo
2020-03-21,0.0,10.83,05401007,Portillo
2020-03-22,0.0,10.56,05401007,Portillo
2020-03-23,0.04,10.92,05401007,Portillo
2020-03-24,0.0,10.62,05401007,Portillo
2020-03-25,0.19,11.06,05401007,Portillo
2020-03-26,0.18,11.06,05401007,Portillo
2020-03-27,0.0,10.61,05401007,Portillo
2020-03-28,0.0,10.83,05401007,Portillo
2020-03-29,0.0,10.12,05401007,Portillo
2020-03-30,0.0,10.35,05401007,Portillo
2020-03-31,0.0,10.08,05401007,Portillo
2020-04-01,0.0,10.71,05401007,Portillo
2020-04-02,0.0,10.33,05401007,Portillo
2020-04-03,0.0,10.46,05401007,Portillo
2020-04-04,0.38,11.25,05401007,Portillo
2020-04-05,0.08,10.96,05401007,Portillo
2020-04-06,0.86,11.74,05401007,Portillo
2020-04-07,0.25,11.12,05401007,Portillo
2020-04-08,0.0,10.83,05401007,Portillo
2020-04-09,0.25,11.12,05401007,Portillo
2020-04-10,0.5,11.38,05401007,Portillo
2020-04-11,1.08,11.96,05401007,Portillo
2020-04-12,1.57,12.44,05401007,Portillo
2020-04-13,0.67,11.54,05401007,Portillo
2020-04-14,1.21,12.08,05401007,Portillo
2020-04-15,0.62,11.5,05401007,Portillo
2020-04-16,0.67,11.54,05401007,Portillo
2020-04-17,0.08,10.96,05401007,Portillo
2020-04-18,0.0,10.88,05401007,Portillo
2020-04-19,0.38,11.25,05401007,Portillo
2020-04-20,0.62,11.5,05401007,Portillo
2020-04-21,0.58,11.46,05401007,Portillo
2020-04-22,0.75,11.62,05401007,Portillo
2020-04-23,1.12,12.0,05401007,Portillo
2020-04-24,1.62,12.5,05401007,Portillo
2020-04-25,1.38,12.25,05401007,Portillo
2020-04-26,0.83,11.71,05401007,Portillo
2020-04-27,0.96,11.83,05401007,Portillo
2020-04-28,1.62,12.5,05401007,Portillo
2020-04-29,0.71,11.58,05401007,Portillo
2020-04-30,0.92,11.79,05401007,Portillo
2020-05-01,0.42,11.29,05401007,Portillo
2020-05-02,0.33,11.21,05401007,Portillo
2020-05-03,0.5,11.38,05401007,Portillo
2020-05-04,0.5,11.38,05401007,Portillo
2020-05-05,0.96,11.83,05401007,Portillo
2020-05-06,0.25,11.12,05401007,Portillo
2020-05-07,0.46,11.33,05401007,Portillo
2020-05-08,0.29,11.17,05401007,Portillo
2020-05-09,0.92,11.79,05401007,Portillo
2020-05-10,0.79,11.67,05401007,Portillo
2020-05-11,0.92,11.79,05401007,Portillo
2020-05-12,1.25,12.12,05401007,Portillo
2020-05-13,1.25,12.12,05401007,Portillo
2020-05-14,0.96,11.83,05401007,Portillo
2020-05-15,0.21,11.08,05401007,Portillo
2020-05-16,0.0,10.79,05401007,Portillo
2020-05-17,0.29,11.17,05401007,Portillo
2020-05-18,0.67,11.54,05401007,Portillo
2020-05-19,1.17,12.04,05401007,Portillo
2020-05-20,2.7,13.58,05401007,Portillo
2020-05-21,11.25,22.12,05401007,Portillo
2020-05-22,5.88,16.75,05401007,Portillo
2020-05-23,2.71,13.58,05401007,Portillo
2020-05-24,0.46,11.33,05401007,Portillo
2020-05-25,0.0,10.58,05401007,Portillo
2020-05-26,0.0,10.67,05401007,Portillo
2020-05-27,0.17,11.04,05401007,Portillo
2020-05-28,0.92,11.79,05401007,Portillo
2020-05-29,1.48,12.35,05401007,Portillo
2020-05-30,1.62,12.5,05401007,Portillo
2020-05-31,1.29,12.17,05401007,Portillo
2020-06-01,0.0,1.87,05401007,Portillo
2020-06-02,0.0,3.81,05401007,Portillo
2020-06-03,1.25,12.12,05401007,Portillo
2020-06-04,0.09,10.96,05401007,Portillo
2020-06-05,0.0,9.35,05401007,Portillo
2020-06-06,0.0,8.36,05401007,Portillo
2020-06-07,0.0,7.64,05401007,Portillo
2020-06-08,0.0,6.82,05401007,Portillo
2020-06-09,0.0,6.25,05401007,Portillo
2020-06-10,0.0,6.03,05401007,Portillo
2020-06-11,0.0,5.86,05401007,Portillo
2020-06-12,12.27,23.15,05401007,Portillo
2020-06-13,17.46,28.33,05401007,Portillo
2020-06-14,14.46,25.33,05401007,Portillo
2020-06-15,12.87,23.75,05401007,Portillo
2020-06-16,11.56,22.43,05401007,Portillo
2020-06-17,15.91,26.79,05401007,Portillo
2020-06-18,20.91,31.78,05401007,Portillo
2020-06-19,24.36,35.23,05401007,Portillo
2020-06-20,26.58,37.45,05401007,Portillo
2020-06-21,35.12,45.99,05401007,Portillo
2020-06-22,38.13,49.01,05401007,Portillo
2020-06-23,71.58,82.45,05401007,Portillo
2020-06-24,85.17,96.04,05401007,Portillo
2020-06-25,88.0,98.88,05401007,Portillo
2020-06-26,93.47,104.34,05401007,Portillo
2020-06-27,94.82,105.69,05401007,Portillo
2020-06-28,88.41,99.28,05401007,Portillo
2020-06-29,102.08,112.95,05401007,Portillo
2020-06-30,106.27,117.15,05401007,Portillo
2020-07-01,128.02,128.9,05401007,Portillo
2020-07-02,131.37,132.25,05401007,Portillo
2020-07-03,124.46,125.33,05401007,Portillo
2020-07-04,139.28,140.15,05401007,Portillo
2020-07-05,168.32,169.2,05401007,Portillo
2020-07-06,163.84,164.71,05401007,Portillo
2020-07-07,156.81,157.69,05401007,Portillo
2020-07-08,163.93,164.8,05401007,Portillo
2020-07-09,159.72,160.6,05401007,Portillo
2020-07-10,154.31,155.19,05401007,Portillo
2020-07-11,150.52,151.39,05401007,Portillo
2020-07-12,146.96,147.84,05401007,Portillo
2020-07-13,144.11,144.99,05401007,Portillo
2020-07-14,141.93,142.81,05401007,Portillo
2020-07-15,139.97,140.85,05401007,Portillo
2020-07-16,138.11,138.98,05401007,Portillo
2020-07-17,133.22,134.1,05401007,Portillo
2020-07-18,123.63,124.5,05401007,Portillo
2020-07-19,121.71,122.58,05401007,Portillo
2020-07-20,120.97,121.84,05401007,Portillo
2020-07-21,121.21,122.08,05401007,Portillo
2020-07-22,125.53,126.41,05401007,Portillo
2020-07-23,126.23,127.11,05401007,Portillo
2020-07-24,126.94,127.82,05401007,Portillo
2020-07-25,125.26,126.14,05401007,Portillo
2020-07-26,126.31,127.18,05401007,Portillo
2020-07-27,139.26,140.13,05401007,Portillo
2020-07-28,139.13,140.0,05401007,Portillo
2020-07-29,135.71,136.59,05401007,Portillo
2020-07-30,133.28,134.15,05401007,Portillo
2020-07-31,131.03,131.9,05401007,Portillo
2020-08-01,128.01,128.88,05401007,Portillo
2020-08-02,125.07,125.95,05401007,Portillo
2020-08-03,122.05,122.92,05401007,Portillo
2020-08-04,118.45,119.33,05401007,Portillo
2020-08-05,116.45,117.33,05401007,Portillo
2020-08-06,114.45,115.33,05401007,Portillo
2020-08-07,111.39,112.26,05401007,Portillo
2020-08-08,108.94,109.82,05401007,Portillo
2020-08-09,107.38,108.25,05401007,Portillo
2020-08-10,106.4,107.28,05401007,Portillo
2020-08-11,105.21,106.08,05401007,Portillo
2020-08-12,104.08,104.96,05401007,Portillo
2020-08-13,102.61,103.49,05401007,Portillo
2020-08-14,101.69,102.56,05401007,Portillo
2020-08-15,101.05,101.92,05401007,Portillo
2020-08-16,100.46,101.34,05401007,Portillo
2020-08-17,99.48,100.35,05401007,Portillo
2020-08-18,99.92,100.8,05401007,Portillo
2020-08-19,103.87,104.74,05401007,Portillo
2020-08-20,101.04,101.91,05401007,Portillo
2020-08-21,98.35,99.23,05401007,Portillo
2020-08-22,97.33,98.21,05401007,Portillo
2020-08-23,96.24,97.12,05401007,Portillo
2020-08-24,95.63,96.5,05401007,Portillo
2020-08-25,95.53,96.4,05401007,Portillo
2020-08-26,97.35,98.22,05401007,Portillo
2020-08-27,95.8,96.67,05401007,Portillo
2020-08-28,94.08,94.96,05401007,Portillo
2020-08-29,93.19,94.06,05401007,Portillo
2020-08-30,92.65,93.53,05401007,Portillo
2020-08-31,91.65,92.53,05401007,Portillo
2020-09-01,88.95,89.83,05401007,Portillo
2020-09-02,85.2,86.07,05401007,Portillo
2020-09-03,84.39,85.26,05401007,Portillo
2020-09-04,82.83,83.7,05401007,Portillo
2020-09-05,81.68,82.55,05401007,Portillo
2020-09-06,81.27,82.14,05401007,Portillo
2020-09-07,80.75,81.63,05401007,Portillo
2020-09-08,81.12,82.0,05401007,Portillo
2020-09-09,,91.25,05401007,Portillo
2020-09-10,81.03,81.9,05401007,Portillo
2020-09-11,78.5,79.38,05401007,Portillo
2020-09-12,76.08,76.95,05401007,Portillo
2020-09-13,73.94,74.82,05401007,Portillo
2020-09-14,71.44,72.31,05401007,Portillo
2020-09-15,68.99,69.87,05401007,Portillo
2020-09-16,66.71,67.58,05401007,Portillo
2020-09-17,63.61,64.48,05401007,Portillo
2020-09-18,60.13,61.01,05401007,Portillo
2020-09-19,57.05,57.92,05401007,Portillo
2020-09-20,53.39,54.26,05401007,Portillo
2020-09-21,49.33,50.2,05401007,Portillo
2020-09-22,45.3,46.18,05401007,Portillo
2020-09-23,41.81,42.69,05401007,Portillo
2020-09-24,38.56,39.43,05401007,Portillo
2020-09-25,34.87,35.75,05401007,Portillo
2020-09-26,31.77,32.65,05401007,Portillo
2020-09-27,31.04,31.91,05401007,Portillo
2020-09-28,29.3,30.18,05401007,Portillo
2020-09-29,27.03,27.91,05401007,Portillo
2020-09-30,25.31,26.18,05401007,Portillo
2020-10-01,21.77,22.65,05401007,Portillo
2020-10-02,18.79,19.67,05401007,Portillo
2020-10-03,14.28,15.15,05401007,Portillo
2020-10-04,0.0,0.62,05401007,Portillo
2020-10-05,0.15,1.02,05401007,Portillo
2020-10-06,,0.65,05401007,Portillo
2020-10-07,0.14,1.02,05401007,Portillo
2020-10-08,0.03,0.9,05401007,Portillo
2020-10-09,0.08,0.96,05401007,Portillo
2020-10-10,0.07,0.95,05401007,Portillo
2020-10-11,0.06,0.93,05401007,Portillo
2020-10-12,0.0,0.88,05401007,Portillo
2020-10-13,0.1,0.98,05401007,Portillo
2020-10-14,0.01,0.88,05401007,Portillo
2020-10-15,0.18,1.06,05401007,Portillo
2020-10-16,0.07,0.94,05401007,Portillo
2020-10-17,0.0,0.82,05401007,Portillo
2020-10-18,0.0,0.79,05401007,Portillo
2020-10-19,0.0,0.88,05401007,Portillo
2020-10-20,0.0,0.81,05401007,Portillo
2020-10-21,0.0,0.85,05401007,Portillo
2020-10-22,0.0,0.77,05401007,Portillo
2020-10-23,0.0,0.78,05401007,Portillo
2020-10-24,0.0,0.68,05401007,Portillo
2020-10-25,0.0,0.61,05401007,Portillo
2020-10-26,0.0,0.74,05401007,Portillo
2020-10-27,0.0,0.69,05401007,Portillo
2020-10-28,0.0,0.74,05401007,Portillo
2020-10-29,0.0,0.87,05401007,Portillo
2020-10-30,0.07,0.94,05401007,Portillo
2020-10-31,0.1,0.97,05401007,Portillo
2020-11-01,0.0,0.72,05401007,Portillo
2020-11-02,0.0,0.75,05401007,Portillo
2020-11-03,0.0,0.69,05401007,Portillo
2020-11-04,0.0,0.72,05401007,Portillo
2020-11-05,0.0,0.69,05401007,Portillo
2020-11-06,0.0,0.74,05401007,Portillo
2020-11-07,0.0,0.7,05401007,Portillo
2020-11-08,0.0,0.73,05401007,Portillo
2020-11-09,0.0,0.78,05401007,Portillo
2020-11-10,0.19,1.06,05401007,Portillo
2020-11-11,,0.0,05401007,Portillo
2020-11-12,0.0,0.64,05401007,Portillo
2020-11-13,0.0,0.71,05401007,Portillo
2020-11-14,0.0,0.88,05401007,Portillo
2020-11-15,0.17,1.04,05401007,Portillo
2020-11-16,0.3,1.17,05401007,Portillo
2020-11-17,0.12,1.0,05401007,Portillo
2020-11-18,0.17,1.04,05401007,Portillo
2020-11-19,0.0,0.88,05401007,Portillo
2020-11-20,0.0,0.88,05401007,Portillo
2020-11-21,0.0,0.83,05401007,Portillo
2020-11-22,0.0,0.71,05401007,Portillo
2020-11-23,0.0,0.79,05401007,Portillo
2020-11-24,0.0,0.71,05401007,Portillo
2020-11-25,0.0,0.79,05401007,Portillo
2020-11-26,0.0,0.79,05401007,Portillo
2020-11-27,0.0,0.71,05401007,Portillo
2020-11-28,0.0,0.75,05401007,Portillo
2020-11-29,0.0,0.71,05401007,Portillo
2020-11-30,0.0,0.67,05401007,Portillo
2020-12-01,0.0,0.75,05401007,Portillo
2020-12-02,0.0,0.83,05401007,Portillo
2020-12-03,0.0,0.67,05401007,Portillo
2020-12-04,0.0,0.79,05401007,Portillo
2020-12-05,0.0,0.79,05401007,Portillo
2020-12-06,0.0,0.79,05401007,Portillo
2020-12-07,0.0,0.71,05401007,Portillo
2020-12-08,0.0,0.75,05401007,Portillo
2020-12-09,0.0,0.75,05401007,Portillo
2020-12-10,0.0,0.62,05401007,Portillo
2020-12-11,0.0,0.71,05401007,Portillo
2020-12-12,0.0,0.71,05401007,Portillo
2020-12-13,0.0,0.79,05401007,Portillo
2020-12-14,0.0,0.54,05401007,Portillo
2020-12-15,0.0,0.75,05401007,Portillo
2020-12-16,0.0,0.65,05401007,Portillo
2020-12-17,0.0,0.75,05401007,Portillo
2020-12-18,0.0,0.54,05401007,Portillo
2020-12-19,0.0,0.71,05401007,Portillo
2020-12-20,0.0,0.67,05401007,Portillo
2020-12-21,0.0,0.83,05401007,Portillo
2020-12-22,0.0,0.75,05401007,Portillo
2020-12-23,0.0,0.83,05401007,Portillo
2020-12-24,0.0,0.75,05401007,Portillo
2020-12-25,0.04,0.92,05401007,Portillo
2020-12-26,0.0,0.88,05401007,Portillo
2020-12-27,0.0,0.75,05401007,Portillo
2020-12-28,0.0,0.75,05401007,Portillo
2020-12-29,0.0,0.79,05401007,Portillo
2020-12-30,0.0,0.83,05401007,Portillo
2020-12-31,0.0,0.79,05401007,Portillo
2021-01-01,0.0,0.78,05401007,Portillo
2021-01-02,0.0,0.79,05401007,Portillo
2021-01-03,0.0,0.79,05401007,Portillo
2021-01-04,0.0,0.67,05401007,Portillo
2021-01-05,0.0,0.75,05401007,Portillo
2021-01-06,0.0,0.71,05401007,Portillo
2021-01-07,0.0,0.67,05401007,Portillo
2021-01-08,0.0,0.67,05401007,Portillo
2021-01-09,0.0,0.67,05401007,Portillo
2021-01-10,0.0,0.79,05401007,Portillo
2021-01-11,0.0,0.71,05401007,Portillo
2021-01-12,0.0,0.67,05401007,Portillo
2021-01-13,0.0,0.71,05401007,Portillo
2021-01-14,0.0,0.67,05401007,Portillo
2021-01-15,0.0,0.62,05401007,Portillo
2021-01-16,0.0,0.75,05401007,Portillo
2021-01-17,0.0,0.7,05401007,Portillo
2021-01-18,0.0,0.87,05401007,Portillo
2021-01-19,0.0,0.88,05401007,Portillo
2021-01-20,0.0,0.83,05401007,Portillo
2021-01-21,0.0,0.79,05401007,Portillo
2021-01-22,0.0,0.88,05401007,Portillo
2021-01-23,0.0,0.79,05401007,Portillo
2021-01-24,0.0,0.88,05401007,Portillo
2021-01-25,0.0,0.75,05401007,Portillo
2021-01-26,0.0,0.75,05401007,Portillo
2021-01-27,0.0,0.75,05401007,Portillo
2021-01-28,0.0,0.71,05401007,Portillo
2021-01-29,0.12,1.0,05401007,Portillo
2021-01-30,5.94,6.82,05401007,Portillo
2021-01-31,5.17,6.04,05401007,Portillo
2021-02-01,2.29,3.17,05401007,Portillo
2021-02-02,0.29,1.17,05401007,Portillo
2021-02-03,0.46,1.33,05401007,Portillo
2021-02-04,0.33,1.21,05401007,Portillo
2021-02-05,0.0,0.88,05401007,Portillo
2021-02-06,0.0,0.82,05401007,Portillo
2021-02-07,0.0,0.79,05401007,Portillo
2021-02-08,0.0,0.87,05401007,Portillo
2021-02-09,0.12,1.0,05401007,Portillo
2021-02-10,0.0,0.87,05401007,Portillo
2021-02-11,0.08,0.96,05401007,Portillo
2021-02-12,0.08,0.96,05401007,Portillo
2021-02-13,0.08,0.96,05401007,Portillo
2021-02-14,0.12,1.0,05401007,Portillo
2021-02-15,0.17,1.04,05401007,Portillo
2021-02-16,0.08,0.96,05401007,Portillo
2021-02-17,0.0,0.83,05401007,Portillo
2021-02-18,0.17,1.04,05401007,Portillo
2021-02-19,0.0,0.79,05401007,Portillo
2021-02-20,0.0,0.83,05401007,Portillo
2021-02-21,0.0,0.83,05401007,Portillo
2021-02-22,0.0,0.79,05401007,Portillo
2021-02-23,0.08,0.96,05401007,Portillo
2021-02-24,0.08,0.96,05401007,Portillo
2021-02-25,0.08,0.96,05401007,Portillo
2021-02-26,0.07,0.94,05401007,Portillo
2021-02-27,0.03,0.91,05401007,Portillo
2021-02-28,0.0,0.88,05401007,Portillo
2021-03-01,0.12,1.0,05401007,Portillo
2021-03-02,0.21,1.08,05401007,Portillo
2021-03-03,0.0,0.79,05401007,Portillo
2021-03-04,0.04,0.92,05401007,Portillo
2021-03-05,0.08,0.96,05401007,Portillo
2021-03-06,0.0,0.88,05401007,Portillo
2021-03-07,0.0,0.83,05401007,Portillo
2021-03-08,0.0,0.79,05401007,Portillo
2021-03-09,0.04,0.92,05401007,Portillo
2021-03-10,0.0,0.83,05401007,Portillo
2021-03-11,0.0,0.75,05401007,Portillo
2021-03-12,0.08,0.96,05401007,Portillo
2021-03-13,0.17,1.04,05401007,Portillo
2021-03-14,0.17,1.04,05401007,Portillo
2021-03-15,0.12,1.0,05401007,Portillo
2021-03-16,0.12,1.0,05401007,Portillo
2021-03-17,0.04,0.91,05401007,Portillo
2021-03-18,0.04,0.92,05401007,Portillo
2021-03-19,0.12,1.0,05401007,Portillo
2021-03-20,0.12,1.0,05401007,Portillo
2021-03-21,0.3,1.17,05401007,Portillo
2021-03-22,0.04,0.91,05401007,Portillo
2021-03-23,0.08,0.96,05401007,Portillo
2021-03-24,0.08,0.96,05401007,Portillo
2021-03-25,0.12,1.0,05401007,Portillo
2021-03-26,0.0,0.87,05401007,Portillo
2021-03-27,0.12,1.0,05401007,Portillo
2021-03-28,0.04,0.92,05401007,Portillo
2021-03-29,0.08,0.96,05401007,Portillo
2021-03-30,0.04,0.91,05401007,Portillo
2021-03-31,0.08,0.96,05401007,Portillo
2021-04-01,0.04,0.92,05401007,Portillo
2021-04-02,0.0,0.88,05401007,Portillo
2021-04-03,0.08,0.96,05401007,Portillo
2021-04-04,0.12,1.0,05401007,Portillo
2021-04-05,0.04,0.92,05401007,Portillo
2021-04-06,0.08,0.96,05401007,Portillo
2021-04-07,0.04,0.92,05401007,Portillo
2021-04-08,0.0,0.88,05401007,Portillo
2021-04-09,0.08,0.96,05401007,Portillo
2021-04-10,0.08,0.96,05401007,Portillo
2021-04-11,0.04,0.92,05401007,Portillo
2021-04-12,0.17,1.04,05401007,Portillo
2021-04-13,0.12,1.0,05401007,Portillo
2021-04-14,0.04,0.92,05401007,Portillo
2021-04-15,0.12,1.0,05401007,Portillo
2021-04-16,0.17,1.04,05401007,Portillo
2021-04-17,0.17,1.04,05401007,Portillo
2021-04-18,0.08,0.96,05401007,Portillo
2021-04-19,0.12,1.0,05401007,Portillo
2021-04-20,0.08,0.96,05401007,Portillo
2021-04-21,0.04,0.92,05401007,Portillo
2021-04-22,0.0,0.88,05401007,Portillo
2021-04-23,0.12,1.0,05401007,Portillo
2021-04-24,0.08,0.96,05401007,Portillo
2021-04-25,0.12,1.0,05401007,Portillo
2021-04-26,0.17,1.04,05401007,Portillo
2021-04-27,0.12,1.0,05401007,Portillo
2021-04-28,0.17,1.04,05401007,Portillo
2021-04-29,0.08,0.96,05401007,Portillo
2021-04-30,0.04,0.92,05401007,Portillo
2021-05-01,0.0,0.88,05401007,Portillo
2021-05-02,0.0,0.75,05401007,Portillo
2021-05-03,0.08,0.96,05401007,Portillo
2021-05-04,0.17,1.04,05401007,Portillo
2021-05-05,0.17,1.04,05401007,Portillo
2021-05-06,0.21,1.08,05401007,Portillo
2021-05-07,0.21,1.08,05401007,Portillo
2021-05-08,0.12,1.0,05401007,Portillo
2021-05-09,0.12,1.0,05401007,Portillo
2021-05-10,0.29,1.17,05401007,Portillo
2021-05-11,0.26,1.14,05401007,Portillo
2021-05-12,0.17,1.05,05401007,Portillo
2021-05-13,0.12,1.0,05401007,Portillo
2021-05-14,0.03,0.91,05401007,Portillo
2021-05-15,0.12,1.0,05401007,Portillo
2021-05-16,0.03,0.91,05401007,Portillo
2021-05-17,0.12,1.0,05401007,Portillo
2021-05-18,0.12,1.0,05401007,Portillo
2021-05-19,0.12,1.0,05401007,Portillo
2021-05-20,1.71,2.58,05401007,Portillo
2021-05-21,17.29,18.17,05401007,Portillo
2021-05-22,13.62,14.5,05401007,Portillo
2021-05-23,11.33,12.21,05401007,Portillo
2021-05-24,9.29,10.17,05401007,Portillo
2021-05-25,7.75,8.62,05401007,Portillo
2021-05-26,6.75,7.62,05401007,Portillo
2021-05-27,5.65,6.52,05401007,Portillo
2021-05-28,4.65,5.52,05401007,Portillo
2021-05-29,4.29,5.17,05401007,Portillo
2021-05-30,2.04,2.92,05401007,Portillo
2021-05-31,0.38,1.25,05401007,Portillo
2021-06-01,1.6,2.48,05401007,Portillo
2021-06-02,1.54,2.42,05401007,Portillo
2021-06-03,0.79,1.67,05401007,Portillo
2021-06-04,0.42,1.29,05401007,Portillo
2021-06-05,0.38,1.25,05401007,Portillo
2021-06-06,0.08,0.96,05401007,Portillo
2021-06-07,1.46,2.33,05401007,Portillo
2021-06-08,1.21,2.08,05401007,Portillo
2021-06-09,0.17,1.04,05401007,Portillo
2021-06-10,0.25,1.12,05401007,Portillo
2021-06-11,0.21,1.08,05401007,Portillo
2021-06-12,0.21,1.08,05401007,Portillo
2021-06-13,0.38,1.25,05401007,Portillo
2021-06-14,0.38,1.25,05401007,Portillo
2021-06-15,0.38,1.25,05401007,Portillo
2021-06-16,3.82,4.7,05401007,Portillo
2021-06-17,3.29,4.17,05401007,Portillo
2021-06-18,2.86,3.74,05401007,Portillo
2021-06-19,2.12,3.0,05401007,Portillo
2021-06-20,0.67,1.54,05401007,Portillo
2021-06-21,0.25,1.12,05401007,Portillo
2021-06-22,0.25,1.13,05401007,Portillo
2021-06-23,3.25,4.13,05401007,Portillo
2021-06-24,8.92,9.79,05401007,Portillo
2021-06-25,25.29,26.17,05401007,Portillo
2021-06-26,40.62,41.5,05401007,Portillo
2021-06-27,36.83,37.71,05401007,Portillo
2021-06-28,34.67,35.54,05401007,Portillo
2021-06-29,32.52,33.39,05401007,Portillo
2021-06-30,30.33,31.21,05401007,Portillo
2021-07-01,27.96,28.83,05401007,Portillo
2021-07-02,27.39,28.26,05401007,Portillo
2021-07-03,27.08,27.95,05401007,Portillo
2021-07-04,27.0,27.88,05401007,Portillo
2021-07-05,26.42,27.29,05401007,Portillo
2021-07-06,25.79,26.67,05401007,Portillo
2021-07-07,25.38,26.25,05401007,Portillo
2021-07-08,24.71,25.58,05401007,Portillo
2021-07-09,23.38,24.25,05401007,Portillo
2021-07-10,23.29,24.17,05401007,Portillo
2021-07-11,22.75,23.62,05401007,Portillo
2021-07-12,21.75,22.62,05401007,Portillo
2021-07-13,21.21,22.08,05401007,Portillo
2021-07-14,21.04,21.92,05401007,Portillo
2021-07-15,20.62,21.5,05401007,Portillo
2021-07-16,20.04,20.91,05401007,Portillo
2021-07-17,19.54,20.42,05401007,Portillo
2021-07-18,19.38,20.25,05401007,Portillo
2021-07-19,18.92,19.79,05401007,Portillo
2021-07-20,18.0,18.88,05401007,Portillo
2021-07-21,16.58,17.46,05401007,Portillo
2021-07-22,14.71,15.58,05401007,Portillo
2021-07-23,13.17,14.04,05401007,Portillo
2021-07-24,11.62,12.5,05401007,Portillo
2021-07-25,11.21,12.08,05401007,Portillo
2021-07-26,11.46,12.33,05401007,Portillo
2021-07-27,11.21,12.08,05401007,Portillo
2021-07-28,11.08,11.96,05401007,Portillo
2021-07-29,10.04,10.92,05401007,Portillo
2021-07-30,8.39,9.26,05401007,Portillo
2021-07-31,6.43,7.31,05401007,Portillo
2021-08-01,5.38,6.25,05401007,Portillo
2021-08-02,3.76,4.63,05401007,Portillo
2021-08-03,1.07,1.95,05401007,Portillo
2021-08-04,0.46,1.33,05401007,Portillo
2021-08-05,0.25,1.12,05401007,Portillo
2021-08-06,0.21,1.09,05401007,Portillo
2021-08-07,0.17,1.04,05401007,Portillo
2021-08-08,0.12,1.0,05401007,Portillo
2021-08-09,0.18,1.05,05401007,Portillo
2021-08-10,0.26,1.14,05401007,Portillo
2021-08-11,0.52,1.4,05401007,Portillo
2021-08-12,0.26,1.14,05401007,Portillo
2021-08-13,0.21,1.08,05401007,Portillo
2021-08-14,0.25,1.12,05401007,Portillo
2021-08-15,1.5,2.38,05401007,Portillo
2021-08-16,0.86,1.74,05401007,Portillo
2021-08-17,0.0,0.75,05401007,Portillo
2021-08-18,14.17,15.04,05401007,Portillo
2021-08-19,37.42,38.29,05401007,Portillo
2021-08-20,41.25,42.12,05401007,Portillo
2021-08-21,50.33,51.21,05401007,Portillo
2021-08-22,51.92,52.79,05401007,Portillo
2021-08-23,57.75,58.62,05401007,Portillo
2021-08-24,75.12,76.0,05401007,Portillo
2021-08-25,70.69,71.56,05401007,Portillo
2021-08-26,66.0,66.88,05401007,Portillo
2021-08-27,62.62,63.5,05401007,Portillo
2021-08-28,65.17,66.04,05401007,Portillo
2021-08-29,61.25,62.12,05401007,Portillo
2021-08-30,53.96,54.83,05401007,Portillo
2021-08-31,50.71,51.58,05401007,Portillo
2021-09-01,58.25,59.12,05401007,Portillo
2021-09-02,64.92,65.79,05401007,Portillo
2021-09-03,55.38,56.25,05401007,Portillo
2021-09-04,52.17,53.04,05401007,Portillo
2021-09-05,50.62,51.5,05401007,Portillo
2021-09-06,49.65,50.52,05401007,Portillo
2021-09-07,51.54,52.42,05401007,Portillo
2021-09-08,53.0,53.88,05401007,Portillo
2021-09-09,50.29,51.17,05401007,Portillo
2021-09-10,47.88,48.75,05401007,Portillo
2021-09-11,45.21,46.08,05401007,Portillo
2021-09-12,52.62,53.5,05401007,Portillo
2021-09-13,51.5,52.38,05401007,Portillo
2021-09-14,50.62,51.5,05401007,Portillo
2021-09-15,49.21,50.08,05401007,Portillo
2021-09-16,46.86,47.74,05401007,Portillo
2021-09-17,43.83,44.71,05401007,Portillo
2021-09-18,40.52,41.39,05401007,Portillo
2021-09-19,37.5,38.38,05401007,Portillo
2021-09-20,34.83,35.71,05401007,Portillo
2021-09-21,30.88,31.75,05401007,Portillo
2021-09-22,27.0,27.87,05401007,Portillo
2021-09-23,22.42,23.29,05401007,Portillo
2021-09-24,14.83,15.71,05401007,Portillo
2021-09-25,6.79,7.67,05401007,Portillo
2021-09-26,0.79,1.67,05401007,Portillo
2021-09-27,0.0,0.67,05401007,Portillo
2021-09-28,0.0,0.71,05401007,Portillo
2021-09-29,0.0,0.67,05401007,Portillo
2021-09-30,0.0,0.82,05401007,Portillo
2021-10-01,0.0,0.83,05401007,Portillo
2021-10-02,0.0,0.88,05401007,Portillo
2021-10-03,0.04,0.92,05401007,Portillo
2021-10-04,0.12,1.0,05401007,Portillo
2021-10-05,0.04,0.92,05401007,Portillo
2021-10-06,0.0,0.83,05401007,Portillo
2021-10-07,0.08,0.96,05401007,Portillo
2021-10-08,0.38,1.25,05401007,Portillo
2021-10-09,0.29,1.17,05401007,Portillo
2021-10-10,0.12,1.0,05401007,Portillo
2021-10-11,0.12,1.0,05401007,Portillo
2021-10-12,0.0,0.74,05401007,Portillo
2021-10-13,0.0,0.83,05401007,Portillo
2021-10-14,0.0,0.87,05401007,Portillo
2021-10-15,0.08,0.96,05401007,Portillo
2021-10-16,0.12,1.0,05401007,Portillo
2021-10-17,0.04,0.91,05401007,Portillo
2021-10-18,0.17,1.04,05401007,Portillo
2021-10-19,0.04,0.92,05401007,Portillo
2021-10-20,0.0,0.88,05401007,Portillo
2021-10-21,0.0,0.87,05401007,Portillo
2021-10-22,0.0,0.79,05401007,Portillo
2021-10-23,0.0,0.86,05401007,Portillo
2021-10-24,0.08,0.96,05401007,Portillo
2021-10-25,0.08,0.96,05401007,Portillo
2021-10-26,0.04,0.92,05401007,Portillo
2021-10-27,0.0,0.88,05401007,Portillo
2021-10-28,0.08,0.96,05401007,Portillo
2021-10-29,0.08,0.96,05401007,Portillo
2021-10-30,0.0,0.83,05401007,Portillo
2021-10-31,0.17,1.04,05401007,Portillo
2021-11-01,0.0,0.88,05401007,Portillo
2021-11-02,0.0,0.87,05401007,Portillo
2021-11-03,0.0,0.88,05401007,Portillo
2021-11-04,0.17,1.04,05401007,Portillo
2021-11-05,0.25,1.13,05401007,Portillo
2021-11-06,0.0,0.75,05401007,Portillo
2021-11-07,0.0,0.79,05401007,Portillo
2021-11-08,0.0,0.88,05401007,Portillo
2021-11-09,0.0,0.83,05401007,Portillo
2021-11-10,0.0,0.83,05401007,Portillo
2021-11-11,0.0,0.88,05401007,Portillo
2021-11-12,0.0,0.79,05401007,Portillo
2021-11-13,0.0,0.67,05401007,Portillo
2021-11-14,0.0,0.67,05401007,Portillo
2021-11-15,0.0,0.79,05401007,Portillo
2021-11-16,0.0,0.71,05401007,Portillo
2021-11-17,0.0,0.88,05401007,Portillo
2021-11-18,0.0,0.67,05401007,Portillo
2021-11-19,0.0,0.75,05401007,Portillo
2021-11-20,0.0,0.75,05401007,Portillo
2021-11-21,0.0,0.71,05401007,Portillo
2021-11-22,0.0,0.79,05401007,Portillo
2021-11-23,0.0,0.75,05401007,Portillo
2021-11-24,0.0,0.67,05401007,Portillo
2021-11-25,0.0,0.79,05401007,Portillo
2021-11-26,0.0,0.62,05401007,Portillo
2021-11-27,0.0,0.88,05401007,Portillo
2021-11-28,0.0,0.74,05401007,Portillo
2021-11-29,0.0,0.75,05401007,Portillo
2021-11-30,0.12,1.0,05401007,Portillo
2021-12-01,0.0,0.53,05401007,Portillo
2021-12-02,0.0,0.67,05401007,Portillo
2021-12-03,0.0,0.75,05401007,Portillo
2021-12-04,0.0,0.78,05401007,Portillo
2021-12-05,0.0,0.79,05401007,Portillo
2021-12-06,0.0,0.87,05401007,Portillo
2021-12-07,0.0,0.71,05401007,Portillo
2021-12-08,0.0,0.75,05401007,Portillo
2021-12-09,0.0,0.75,05401007,Portillo
2021-12-10,0.0,0.75,05401007,Portillo
2021-12-11,0.08,0.96,05401007,Portillo
2021-12-12,0.0,0.71,05401007,Portillo
2021-12-13,0.0,0.79,05401007,Portillo
2021-12-14,0.0,0.75,05401007,Portillo
2021-12-15,0.0,0.71,05401007,Portillo
2021-12-16,0.0,0.75,05401007,Portillo
2021-12-17,0.0,0.75,05401007,Portillo
2021-12-18,0.0,0.67,05401007,Portillo
2021-12-19,0.0,0.79,05401007,Portillo
2021-12-20,0.0,0.75,05401007,Portillo
2021-12-21,0.0,0.79,05401007,Portillo
2021-12-22,0.0,0.88,05401007,Portillo
2021-12-23,0.0,0.88,05401007,Portillo
2021-12-24,0.0,0.87,05401007,Portillo
2021-12-25,0.0,0.88,05401007,Portillo
2021-12-26,0.0,0.71,05401007,Portillo
2021-12-27,0.04,0.92,05401007,Portillo
2021-12-28,0.0,0.7,05401007,Portillo
2021-12-29,0.0,0.67,05401007,Portillo
2021-12-30,0.0,0.75,05401007,Portillo
2021-12-31,0.0,0.67,05401007,Portillo
2022-01-01,0.0,0.54,05401007,Portillo
2022-01-02,0.0,0.79,05401007,Portillo
2022-01-03,0.0,0.78,05401007,Portillo
2022-01-04,0.0,0.83,05401007,Portillo
2022-01-05,0.0,0.75,05401007,Portillo
2022-01-06,0.0,0.82,05401007,Portillo
2022-01-07,0.0,0.75,05401007,Portillo
2022-01-08,0.0,0.75,05401007,Portillo
2022-01-09,0.0,0.75,05401007,Portillo
2022-01-10,0.0,0.83,05401007,Portillo
2022-01-11,0.08,0.96,05401007,Portillo
2022-01-12,0.0,0.79,05401007,Portillo
2022-01-13,0.04,0.91,05401007,Portillo
2022-01-14,0.0,0.83,05401007,Portillo
2022-01-15,0.0,0.71,05401007,Portillo
2022-01-16,0.0,0.87,05401007,Portillo
2022-01-17,0.0,0.83,05401007,Portillo
2022-01-18,0.0,0.83,05401007,Portillo
2022-01-19,0.0,0.61,05401007,Portillo
2022-01-20,0.0,0.67,05401007,Portillo
2022-01-21,0.0,0.75,05401007,Portillo
2022-01-22,0.0,0.79,05401007,Portillo
2022-01-23,0.0,0.71,05401007,Portillo
2022-01-24,0.0,0.78,05401007,Portillo
2022-01-25,0.0,0.75,05401007,Portillo
2022-01-26,0.0,0.71,05401007,Portillo
2022-01-27,0.0,0.78,05401007,Portillo
2022-01-28,0.0,0.75,05401007,Portillo
2022-01-29,0.0,0.75,05401007,Portillo
2022-01-30,0.0,0.75,05401007,Portillo
2022-01-31,0.0,0.83,05401007,Portillo
2022-02-01,0.08,0.96,05401007,Portillo
2022-02-02,0.0,0.79,05401007,Portillo
2022-02-03,0.04,0.91,05401007,Portillo
2022-02-04,0.0,0.78,05401007,Portillo
2022-02-05,0.0,0.79,05401007,Portillo
2022-02-06,0.0,0.79,05401007,Portillo
2022-02-07,0.0,0.86,05401007,Portillo
2022-02-08,0.0,0.86,05401007,Portillo
2022-02-09,0.0,0.83,05401007,Portillo
2022-02-10,0.08,0.95,05401007,Portillo
2022-02-11,0.0,0.79,05401007,Portillo
2022-02-12,0.17,1.04,05401007,Portillo
2022-02-13,0.17,1.04,05401007,Portillo
2022-02-14,0.0,0.79,05401007,Portillo
2022-02-15,0.0,0.75,05401007,Portillo
2022-02-16,0.0,0.88,05401007,Portillo
2022-02-17,0.03,0.91,05401007,Portillo
2022-02-18,0.0,0.7,05401007,Portillo
2022-02-19,0.0,0.75,05401007,Portillo
2022-02-20,0.07,0.95,05401007,Portillo
2022-02-21,0.18,1.05,05401007,Portillo
2022-02-22,0.0,0.5,05401007,Portillo
2022-02-23,0.0,0.86,05401007,Portillo
2022-02-24,0.0,0.73,05401007,Portillo
2022-02-25,0.0,0.86,05401007,Portillo
2022-02-26,0.0,0.8,05401007,Portillo
2022-02-27,0.0,0.75,05401007,Portillo
2022-02-28,0.0,0.87,05401007,Portillo
2022-03-01,0.0,0.82,05401007,Portillo
2022-03-02,0.0,0.86,05401007,Portillo
2022-03-03,0.0,0.83,05401007,Portillo
2022-03-04,0.04,0.92,05401007,Portillo
2022-03-05,0.0,0.83,05401007,Portillo
2022-03-06,0.0,0.83,05401007,Portillo
2022-03-07,0.0,0.75,05401007,Portillo
2022-03-08,0.0,0.83,05401007,Portillo
2022-03-09,0.0,0.87,05401007,Portillo
2022-03-10,0.04,0.92,05401007,Portillo
2022-03-11,0.04,0.92,05401007,Portillo
2022-03-12,0.0,0.83,05401007,Portillo
2022-03-13,0.0,0.88,05401007,Portillo
2022-03-14,0.04,0.92,05401007,Portillo
2022-03-15,0.04,0.92,05401007,Portillo
2022-03-16,0.04,0.92,05401007,Portillo
2022-03-17,0.0,0.75,05401007,Portillo
2022-03-18,0.12,1.0,05401007,Portillo
2022-03-19,0.0,0.82,05401007,Portillo
2022-03-20,0.0,0.79,05401007,Portillo
2022-03-21,0.0,0.78,05401007,Portillo
2022-03-22,0.04,0.92,05401007,Portillo
2022-03-23,0.0,0.87,05401007,Portillo
2022-03-24,0.08,0.96,05401007,Portillo
2022-03-25,0.07,0.95,05401007,Portillo
2022-03-26,0.12,1.0,05401007,Portillo
2022-03-27,0.08,0.96,05401007,Portillo
2022-03-28,0.04,0.92,05401007,Portillo
2022-03-29,0.12,1.0,05401007,Portillo
2022-03-30,0.12,1.0,05401007,Portillo
2022-03-31,0.12,1.0,05401007,Portillo
2022-04-01,0.08,0.96,05401007,Portillo
2022-04-02,0.0,0.88,05401007,Portillo
2022-04-03,0.04,0.92,05401007,Portillo
2022-04-04,0.04,0.92,05401007,Portillo
2022-04-05,0.04,0.92,05401007,Portillo
2022-04-06,0.08,0.96,05401007,Portillo
2022-04-07,0.12,1.0,05401007,Portillo
2022-04-08,0.04,0.92,05401007,Portillo
2022-04-09,0.04,0.92,05401007,Portillo
2022-04-10,0.0,0.79,05401007,Portillo
2022-04-11,0.0,0.83,05401007,Portillo
2022-04-12,0.04,0.92,05401007,Portillo
2022-04-13,0.17,1.04,05401007,Portillo
2022-04-14,0.21,1.08,05401007,Portillo
2022-04-15,0.12,1.0,05401007,Portillo
2022-04-16,0.25,1.12,05401007,Portillo
2022-04-17,0.12,1.0,05401007,Portillo
2022-04-18,0.12,1.0,05401007,Portillo
2022-04-19,0.04,0.91,05401007,Portillo
2022-04-20,0.0,0.83,05401007,Portillo
2022-04-21,0.0,0.71,05401007,Portillo
2022-04-22,7.96,8.83,05401007,Portillo
2022-04-23,6.08,6.96,05401007,Portillo
2022-04-24,2.79,3.67,05401007,Portillo
2022-04-25,1.08,1.96,05401007,Portillo
2022-04-26,1.67,2.54,05401007,Portillo
2022-04-27,11.71,12.58,05401007,Portillo
2022-04-28,7.38,8.25,05401007,Portillo
2022-04-29,3.92,4.79,05401007,Portillo
2022-04-30,1.62,2.5,05401007,Portillo
2022-05-01,0.71,1.58,05401007,Portillo
2022-05-02,0.71,1.58,05401007,Portillo
2022-05-03,0.62,1.5,05401007,Portillo
2022-05-04,0.33,1.21,05401007,Portillo
2022-05-05,0.88,1.75,05401007,Portillo
2022-05-06,1.08,1.96,05401007,Portillo
2022-05-07,1.08,1.96,05401007,Portillo
2022-05-08,1.0,1.88,05401007,Portillo
2022-05-09,1.0,1.88,05401007,Portillo
2022-05-10,0.83,1.71,05401007,Portillo
2022-05-11,0.39,1.26,05401007,Portillo
2022-05-12,0.38,1.25,05401007,Portillo
2022-05-13,0.71,1.58,05401007,Portillo
2022-05-14,0.58,1.46,05401007,Portillo
2022-05-15,1.0,1.88,05401007,Portillo
2022-05-16,1.0,1.88,05401007,Portillo
2022-05-17,1.12,2.0,05401007,Portillo
2022-05-18,0.83,1.71,05401007,Portillo
2022-05-19,0.62,1.5,05401007,Portillo
2022-05-20,2.17,3.04,05401007,Portillo
2022-05-21,1.38,2.25,05401007,Portillo
2022-05-22,0.46,1.33,05401007,Portillo
2022-05-23,0.79,1.67,05401007,Portillo
2022-05-24,0.83,1.71,05401007,Portillo
2022-05-25,0.92,1.79,05401007,Portillo
2022-05-26,0.75,1.62,05401007,Portillo
2022-05-27,0.33,1.21,05401007,Portillo
2022-05-28,0.67,1.54,05401007,Portillo
2022-05-29,2.92,3.79,05401007,Portillo
2022-05-30,2.83,3.71,05401007,Portillo
2022-05-31,1.92,2.79,05401007,Portillo
2022-06-01,3.0,3.88,05401007,Portillo
2022-06-02,9.38,10.25,05401007,Portillo
2022-06-03,21.12,22.0,05401007,Portillo
2022-06-04,51.17,52.04,05401007,Portillo
2022-06-05,51.96,52.83,05401007,Portillo
2022-06-06,46.75,47.62,05401007,Portillo
2022-06-07,41.5,42.38,05401007,Portillo
2022-06-08,37.38,38.25,05401007,Portillo
2022-06-09,35.29,36.17,05401007,Portillo
2022-06-10,33.5,34.38,05401007,Portillo
2022-06-11,31.62,32.5,05401007,Portillo
2022-06-12,29.83,30.71,05401007,Portillo
2022-06-13,29.08,29.96,05401007,Portillo
2022-06-14,28.29,29.17,05401007,Portillo
2022-06-15,28.12,29.0,05401007,Portillo
2022-06-16,28.08,28.96,05401007,Portillo
2022-06-17,28.12,29.0,05401007,Portillo
2022-06-18,27.67,28.54,05401007,Portillo
2022-06-19,27.12,28.0,05401007,Portillo
2022-06-20,26.83,27.71,05401007,Portillo
2022-06-21,26.21,27.09,05401007,Portillo
2022-06-22,26.97,27.84,05401007,Portillo
2022-06-23,34.25,35.12,05401007,Portillo
2022-06-24,38.58,39.46,05401007,Portillo
2022-06-25,36.96,37.83,05401007,Portillo
2022-06-26,35.12,36.0,05401007,Portillo
2022-06-27,35.0,35.88,05401007,Portillo
2022-06-28,36.17,37.04,05401007,Portillo
2022-06-29,34.71,35.58,05401007,Portillo
2022-06-30,35.67,36.54,05401007,Portillo
2022-07-01,46.67,47.54,05401007,Portillo
2022-07-02,69.33,70.21,05401007,Portillo
2022-07-03,65.88,66.75,05401007,Portillo
2022-07-04,66.12,67.0,05401007,Portillo
2022-07-05,64.0,64.88,05401007,Portillo
2022-07-06,60.62,61.5,05401007,Portillo
2022-07-07,58.75,59.62,05401007,Portillo
2022-07-08,72.0,72.88,05401007,Portillo
2022-07-09,78.88,79.75,05401007,Portillo
2022-07-10,116.75,117.62,05401007,Portillo
2022-07-11,122.04,122.91,05401007,Portillo
2022-07-12,113.0,113.88,05401007,Portillo
2022-07-13,107.46,108.33,05401007,Portillo
2022-07-14,121.04,121.92,05401007,Portillo
2022-07-15,129.79,130.67,05401007,Portillo
2022-07-16,125.25,126.12,05401007,Portillo
2022-07-17,119.54,120.42,05401007,Portillo
2022-07-18,114.52,115.39,05401007,Portillo
2022-07-19,110.43,111.3,05401007,Portillo
2022-07-20,107.38,108.25,05401007,Portillo
2022-07-21,104.67,105.54,05401007,Portillo
2022-07-22,101.34,102.22,05401007,Portillo
2022-07-23,98.96,99.83,05401007,Portillo
2022-07-24,97.25,98.12,05401007,Portillo
2022-07-25,95.54,96.42,05401007,Portillo
2022-07-26,94.17,95.04,05401007,Portillo
2022-07-27,92.17,93.04,05401007,Portillo
2022-07-28,91.96,92.83,05401007,Portillo
2022-07-29,89.58,90.46,05401007,Portillo
2022-07-30,88.17,89.04,05401007,Portillo
2022-07-31,87.96,88.83,05401007,Portillo
2022-08-01,85.75,86.62,05401007,Portillo
2022-08-02,85.29,86.17,05401007,Portillo
2022-08-03,83.67,84.54,05401007,Portillo
2022-08-04,83.17,84.04,05401007,Portillo
2022-08-05,82.38,83.25,05401007,Portillo
2022-08-06,88.58,89.46,05401007,Portillo
2022-08-07,105.54,106.42,05401007,Portillo
2022-08-08,102.58,103.46,05401007,Portillo
2022-08-09,99.29,100.17,05401007,Portillo
2022-08-10,96.21,97.08,05401007,Portillo
2022-08-11,94.73,95.61,05401007,Portillo
2022-08-12,93.79,94.67,05401007,Portillo
2022-08-13,92.12,93.0,05401007,Portillo
2022-08-14,90.79,91.67,05401007,Portillo
2022-08-15,90.38,91.25,05401007,Portillo
2022-08-16,93.25,94.12,05401007,Portillo
2022-08-17,112.91,113.78,05401007,Portillo
2022-08-18,110.54,111.42,05401007,Portillo
2022-08-19,105.5,106.38,05401007,Portillo
2022-08-20,101.88,102.75,05401007,Portillo
2022-08-21,98.54,99.42,05401007,Portillo
2022-08-22,96.08,96.96,05401007,Portillo
2022-08-23,94.08,94.96,05401007,Portillo
2022-08-24,92.54,93.42,05401007,Portillo
2022-08-25,89.96,90.83,05401007,Portillo
2022-08-26,88.29,89.17,05401007,Portillo
2022-08-27,86.42,87.29,05401007,Portillo
2022-08-28,85.42,86.29,05401007,Portillo
2022-08-29,82.83,83.71,05401007,Portillo
2022-08-30,79.38,80.25,05401007,Portillo
2022-08-31,76.65,77.52,05401007,Portillo
2022-09-01,74.92,75.79,05401007,Portillo
2022-09-02,73.38,74.25,05401007,Portillo
2022-09-03,69.71,70.58,05401007,Portillo
2022-09-04,66.33,67.21,05401007,Portillo
2022-09-05,63.75,64.62,05401007,Portillo
2022-09-06,60.62,61.5,05401007,Portillo
2022-09-07,58.08,58.96,05401007,Portillo
2022-09-08,57.46,58.33,05401007,Portillo
2022-09-09,56.92,57.79,05401007,Portillo
2022-09-10,55.54,56.42,05401007,Portillo
2022-09-11,53.12,54.0,05401007,Portillo
2022-09-12,51.76,52.64,05401007,Portillo
2022-09-13,50.25,51.12,05401007,Portillo
2022-09-14,48.96,49.83,05401007,Portillo
2022-09-15,44.21,45.09,05401007,Portillo
2022-09-16,40.29,41.17,05401007,Portillo
2022-09-17,37.47,38.35,05401007,Portillo
2022-09-18,36.19,37.06,05401007,Portillo
2022-09-19,34.48,35.36,05401007,Portillo
2022-09-20,34.52,35.4,05401007,Portillo
2022-09-21,35.44,36.32,05401007,Portillo
2022-09-22,33.69,34.56,05401007,Portillo
2022-09-23,30.78,31.65,05401007,Portillo
2022-09-24,34.65,35.52,05401007,Portillo
2022-09-25,,43.33,05401007,Portillo
2022-09-26,36.12,37.0,05401007,Portillo
2022-09-27,34.29,35.17,05401007,Portillo
2022-09-28,31.52,32.39,05401007,Portillo
2022-09-29,27.38,28.25,05401007,Portillo
2022-09-30,24.12,25.0,05401007,Portillo
2022-10-01,19.12,20.0,05401007,Portillo
2022-10-02,13.71,14.58,05401007,Portillo
2022-10-03,7.92,8.79,05401007,Portillo
2022-10-04,2.79,3.67,05401007,Portillo
2022-10-05,2.46,3.33,05401007,Portillo
2022-10-06,2.08,2.96,05401007,Portillo
2022-10-07,0.0,0.83,05401007,Portillo
2022-10-08,0.12,1.0,05401007,Portillo
2022-10-09,0.54,1.42,05401007,Portillo
2022-10-10,0.58,1.46,05401007,Portillo
2022-10-11,0.54,1.42,05401007,Portillo
2022-10-12,0.0,1.38,05401007,Portillo
2022-10-13,0.06,1.46,05401007,Portillo
2022-10-14,0.0,1.12,05401007,Portillo
2022-10-15,0.02,1.42,05401007,Portillo
2022-10-16,0.0,1.33,05401007,Portillo
2022-10-17,0.02,1.42,05401007,Portillo
2022-10-18,0.0,1.29,05401007,Portillo
2022-10-19,0.31,1.71,05401007,Portillo
2022-10-20,0.56,1.96,05401007,Portillo
2022-10-21,0.0,1.38,05401007,Portillo
2022-10-22,0.06,1.46,05401007,Portillo
2022-10-23,0.06,1.46,05401007,Portillo
2022-10-24,0.19,1.58,05401007,Portillo
2022-10-25,0.06,1.46,05401007,Portillo
2022-10-26,0.0,1.29,05401007,Portillo
2022-10-27,0.0,1.33,05401007,Portillo
2022-10-28,0.0,1.29,05401007,Portillo
2022-10-29,0.0,0.96,05401007,Portillo
2022-10-30,0.0,0.96,05401007,Portillo
2022-10-31,0.31,1.71,05401007,Portillo
2022-11-01,0.44,1.83,05401007,Portillo
2022-11-02,0.1,1.5,05401007,Portillo
2022-11-03,0.02,1.42,05401007,Portillo
2022-11-04,0.02,1.42,05401007,Portillo
2022-11-05,0.02,1.42,05401007,Portillo
2022-11-06,0.17,1.56,05401007,Portillo
2022-11-07,0.15,1.54,05401007,Portillo
2022-11-08,0.06,1.46,05401007,Portillo
2022-11-09,0.0,1.21,05401007,Portillo
2022-11-10,0.0,1.08,05401007,Portillo
2022-11-11,0.0,1.12,05401007,Portillo
2022-11-12,0.0,1.33,05401007,Portillo
2022-11-13,0.15,1.54,05401007,Portillo
2022-11-14,0.06,1.46,05401007,Portillo
2022-11-15,0.08,1.48,05401007,Portillo
2022-11-16,0.04,1.44,05401007,Portillo
2022-11-17,0.0,1.29,05401007,Portillo
2022-11-18,0.0,1.39,05401007,Portillo
2022-11-19,0.04,1.44,05401007,Portillo
2022-11-20,0.08,1.48,05401007,Portillo
2022-11-21,0.1,1.5,05401007,Portillo
2022-11-22,0.02,1.42,05401007,Portillo
2022-11-23,0.0,1.39,05401007,Portillo
2022-11-24,0.19,1.58,05401007,Portillo
2022-11-25,0.0,1.21,05401007,Portillo
2022-11-26,0.0,1.25,05401007,Portillo
2022-11-27,0.0,1.3,05401007,Portillo
2022-11-28,0.0,1.33,05401007,Portillo
2022-11-29,0.0,1.0,05401007,Portillo
2022-11-30,0.0,1.0,05401007,Portillo
2022-12-01,0.0,0.96,05401007,Portillo
2022-12-02,0.0,0.92,05401007,Portillo
2022-12-03,0.0,0.92,05401007,Portillo
2022-12-04,0.0,0.92,05401007,Portillo
2022-12-05,0.0,0.86,05401007,Portillo
2022-12-06,0.0,1.04,05401007,Portillo
2022-12-07,0.0,0.88,05401007,Portillo
2022-12-08,0.0,0.96,05401007,Portillo
2022-12-09,0.0,1.0,05401007,Portillo
2022-12-10,0.0,1.04,05401007,Portillo
2022-12-11,0.0,1.0,05401007,Portillo
2022-12-12,0.0,0.96,05401007,Portillo
2022-12-13,0.0,0.87,05401007,Portillo
2022-12-14,0.0,0.87,05401007,Portillo
2022-12-15,0.0,1.12,05401007,Portillo
2022-12-16,0.0,1.12,05401007,Portillo
2022-12-17,0.0,1.26,05401007,Portillo
2022-12-18,0.0,1.25,05401007,Portillo
2022-12-19,0.0,1.29,05401007,Portillo
2022-12-20,0.0,1.21,05401007,Portillo
2022-12-21,0.0,0.92,05401007,Portillo
2022-12-22,0.0,0.83,05401007,Portillo
2022-12-23,0.0,1.08,05401007,Portillo
2022-12-24,0.0,1.29,05401007,Portillo
2022-12-25,0.31,1.71,05401007,Portillo
2022-12-26,0.0,1.29,05401007,Portillo
2022-12-27,0.0,1.16,05401007,Portillo
2022-12-28,0.0,1.12,05401007,Portillo
2022-12-29,0.0,1.17,05401007,Portillo
2022-12-30,0.0,1.1,05401007,Portillo
2022-12-31,0.0,1.08,05401007,Portillo
2023-01-01,0.0,1.33,05401007,Portillo
2023-01-02,0.0,1.25,05401007,Portillo
2023-01-03,0.0,1.29,05401007,Portillo
2023-01-04,0.0,1.25,05401007,Portillo
2023-01-05,0.13,1.52,05401007,Portillo
2023-01-06,0.15,1.54,05401007,Portillo
2023-01-07,0.06,1.46,05401007,Portillo
2023-01-08,0.06,1.46,05401007,Portillo
2023-01-09,0.1,1.5,05401007,Portillo
2023-01-10,0.0,1.3,05401007,Portillo
2023-01-11,0.0,1.21,05401007,Portillo
2023-01-12,0.0,1.08,05401007,Portillo
2023-01-13,0.0,1.29,05401007,Portillo
2023-01-14,0.0,1.17,05401007,Portillo
2023-01-15,0.0,1.08,05401007,Portillo
2023-01-16,0.0,1.17,05401007,Portillo
2023-01-17,0.0,0.96,05401007,Portillo
2023-01-18,0.0,1.38,05401007,Portillo
2023-01-19,0.0,1.35,05401007,Portillo
2023-01-20,0.0,1.0,05401007,Portillo
2023-01-21,0.0,1.08,05401007,Portillo
2023-01-22,0.0,1.04,05401007,Portillo
2023-01-23,0.2,1.6,05401007,Portillo
2023-01-24,0.0,0.67,05401007,Portillo
2023-01-25,0.0,1.17,05401007,Portillo
2023-01-26,0.0,1.08,05401007,Portillo
2023-01-27,0.0,0.88,05401007,Portillo
2023-01-28,0.0,1.25,05401007,Portillo
2023-01-29,0.0,1.21,05401007,Portillo
2023-01-30,0.0,1.14,05401007,Portillo
2023-01-31,0.0,1.29,05401007,Portillo
2023-02-01,0.0,1.19,05401007,Portillo
2023-02-02,0.0,1.25,05401007,Portillo
2023-02-03,0.3,1.7,05401007,Portillo
2023-02-04,0.35,1.75,05401007,Portillo
2023-02-05,0.0,1.38,05401007,Portillo
2023-02-06,0.0,1.15,05401007,Portillo
2023-02-07,0.0,1.29,05401007,Portillo
2023-02-08,0.0,1.0,05401007,Portillo
2023-02-09,0.0,1.08,05401007,Portillo
2023-02-10,0.33,1.42,05401007,Portillo
2023-02-11,0.05,1.13,05401007,Portillo
2023-02-12,0.0,0.96,05401007,Portillo
2023-02-13,0.0,0.96,05401007,Portillo
2023-02-14,0.0,1.04,05401007,Portillo
2023-02-15,0.0,0.96,05401007,Portillo
2023-02-16,0.0,1.0,05401007,Portillo
2023-02-17,0.0,1.0,05401007,Portillo
2023-02-18,0.0,1.09,05401007,Portillo
2023-02-19,0.0,1.08,05401007,Portillo
2023-02-20,0.09,1.17,05401007,Portillo
2023-02-21,0.09,1.17,05401007,Portillo
2023-02-22,0.05,1.13,05401007,Portillo
2023-02-23,0.0,0.96,05401007,Portillo
2023-02-24,0.13,1.22,05401007,Portillo
2023-02-25,0.0,1.0,05401007,Portillo
2023-02-26,0.0,1.0,05401007,Portillo
2023-02-27,0.25,1.33,05401007,Portillo
2023-02-28,0.0,1.04,05401007,Portillo
2023-03-01,0.0,1.0,05401007,Portillo
2023-03-02,0.13,1.22,05401007,Portillo
2023-03-03,0.0,1.04,05401007,Portillo
2023-03-04,0.0,1.08,05401007,Portillo
2023-03-05,,1.38,05401007,Portillo
2023-03-06,0.0,0.96,05401007,Portillo
2023-03-07,0.0,1.04,05401007,Portillo
2023-03-08,0.0,0.92,05401007,Portillo
2023-03-09,0.0,1.0,05401007,Portillo
2023-03-10,0.0,1.09,05401007,Portillo
2023-03-11,0.0,1.04,05401007,Portillo
2023-03-12,0.0,1.08,05401007,Portillo
2023-03-13,0.0,1.04,05401007,Portillo
2023-03-14,0.05,1.14,05401007,Portillo
2023-03-15,0.0,1.04,05401007,Portillo
2023-03-16,0.0,1.04,05401007,Portillo
2023-03-17,0.05,1.13,05401007,Portillo
2023-03-18,0.25,1.33,05401007,Portillo
2023-03-19,0.01,1.09,05401007,Portillo
2023-03-20,0.0,1.08,05401007,Portillo
2023-03-21,0.0,1.04,05401007,Portillo
2023-03-22,0.0,1.08,05401007,Portillo
2023-03-23,0.05,1.13,05401007,Portillo
2023-03-24,0.17,1.25,05401007,Portillo
2023-03-25,0.01,1.09,05401007,Portillo
2023-03-26,,1.46,05401007,Portillo
2023-03-27,0.0,1.04,05401007,Portillo
2023-03-28,0.08,1.17,05401007,Portillo
2023-03-29,0.0,1.04,05401007,Portillo
2023-03-30,0.0,1.08,05401007,Portillo
2023-03-31,0.04,1.12,05401007,Portillo
2023-04-01,0.0,1.09,05401007,Portillo
2023-04-02,0.04,1.12,05401007,Portillo
2023-04-03,0.0,0.92,05401007,Portillo
2023-04-04,0.0,1.08,05401007,Portillo
2023-04-05,0.0,1.0,05401007,Portillo
2023-04-06,0.04,1.12,05401007,Portillo
2023-04-07,0.12,1.21,05401007,Portillo
2023-04-08,0.04,1.12,05401007,Portillo
2023-04-09,0.08,1.17,05401007,Portillo
2023-04-10,0.0,1.08,05401007,Portillo
2023-04-11,0.0,1.08,05401007,Portillo
2023-04-12,0.0,1.0,05401007,Portillo
2023-04-13,0.0,1.04,05401007,Portillo
2023-04-14,0.0,1.0,05401007,Portillo
2023-04-15,0.0,1.0,05401007,Portillo
2023-04-16,0.0,1.08,05401007,Portillo
2023-04-17,0.0,1.08,05401007,Portillo
2023-04-18,0.04,1.12,05401007,Portillo
2023-04-19,0.33,1.42,05401007,Portillo
2023-04-20,0.17,1.25,05401007,Portillo
2023-04-21,0.08,1.17,05401007,Portillo
2023-04-22,0.38,1.46,05401007,Portillo
2023-04-23,0.21,1.29,05401007,Portillo
2023-04-24,0.21,1.29,05401007,Portillo
2023-04-25,0.04,1.12,05401007,Portillo
2023-04-26,0.0,1.08,05401007,Portillo
2023-04-27,0.0,1.08,05401007,Portillo
2023-04-28,0.0,0.88,05401007,Portillo
2023-04-29,0.0,0.67,05401007,Portillo
2023-04-30,0.0,0.62,05401007,Portillo
2023-05-01,0.0,1.0,05401007,Portillo
2023-05-02,0.05,1.13,05401007,Portillo
2023-05-03,0.05,1.13,05401007,Portillo
2023-05-04,0.22,1.3,05401007,Portillo
2023-05-05,0.55,1.64,05401007,Portillo
2023-05-06,0.12,1.21,05401007,Portillo
2023-05-07,0.09,1.17,05401007,Portillo
2023-05-08,0.09,1.17,05401007,Portillo
2023-05-09,0.05,1.13,05401007,Portillo
2023-05-10,0.04,1.12,05401007,Portillo
2023-05-11,0.04,1.12,05401007,Portillo
2023-05-12,0.12,1.21,05401007,Portillo
2023-05-13,0.08,1.17,05401007,Portillo
2023-05-14,0.13,1.22,05401007,Portillo
2023-05-15,0.0,1.0,05401007,Portillo
2023-05-16,0.0,1.09,05401007,Portillo
2023-05-17,0.0,1.04,05401007,Portillo
2023-05-18,0.0,0.96,05401007,Portillo
2023-05-19,0.0,1.0,05401007,Portillo
2023-05-20,0.04,1.12,05401007,Portillo
2023-05-21,0.0,0.64,05401007,Portillo
2023-05-22,5.25,6.33,05401007,Portillo
2023-05-23,7.42,8.5,05401007,Portillo
2023-05-24,19.58,20.67,05401007,Portillo
2023-05-25,20.33,21.42,05401007,Portillo
2023-05-26,28.96,30.04,05401007,Portillo
2023-05-27,23.88,24.96,05401007,Portillo
2023-05-28,19.83,20.92,05401007,Portillo
2023-05-29,14.5,15.58,05401007,Portillo
2023-05-30,10.04,11.12,05401007,Portillo
2023-05-31,7.67,8.75,05401007,Portillo
2023-06-01,6.54,7.62,05401007,Portillo
2023-06-02,5.42,6.5,05401007,Portillo
2023-06-03,4.92,6.0,05401007,Portillo
2023-06-04,4.79,5.88,05401007,Portillo
2023-06-05,3.62,4.71,05401007,Portillo
2023-06-06,1.75,2.83,05401007,Portillo
2023-06-07,0.0,1.0,05401007,Portillo
2023-06-08,0.0,0.61,05401007,Portillo
2023-06-09,0.42,1.5,05401007,Portillo
2023-06-10,2.18,3.26,05401007,Portillo
2023-06-11,3.35,4.43,05401007,Portillo
2023-06-12,3.79,4.87,05401007,Portillo
2023-06-13,3.08,4.17,05401007,Portillo
2023-06-14,1.48,2.56,05401007,Portillo
2023-06-15,0.46,1.54,05401007,Portillo
2023-06-16,0.04,1.12,05401007,Portillo
2023-06-17,0.04,1.12,05401007,Portillo
2023-06-18,0.0,1.08,05401007,Portillo
2023-06-19,0.04,1.12,05401007,Portillo
2023-06-20,0.0,1.08,05401007,Portillo
2023-06-21,4.83,5.92,05401007,Portillo
2023-06-22,32.62,33.71,05401007,Portillo
2023-06-23,35.54,36.62,05401007,Portillo
2023-06-24,67.76,68.84,05401007,Portillo
2023-06-25,60.54,61.62,05401007,Portillo
2023-06-26,58.33,59.42,05401007,Portillo
2023-06-27,57.0,58.08,05401007,Portillo
2023-06-28,55.96,57.04,05401007,Portillo
2023-06-29,54.0,55.08,05401007,Portillo
2023-06-30,52.38,53.46,05401007,Portillo
2023-07-01,50.58,51.67,05401007,Portillo
2023-07-02,49.42,50.5,05401007,Portillo
2023-07-03,48.79,49.88,05401007,Portillo
2023-07-04,47.92,49.0,05401007,Portillo
2023-07-05,47.38,48.46,05401007,Portillo
2023-07-06,46.0,47.09,05401007,Portillo
2023-07-07,46.0,47.08,05401007,Portillo
2023-07-08,43.79,44.88,05401007,Portillo
2023-07-09,42.71,43.79,05401007,Portillo
2023-07-10,42.71,43.79,05401007,Portillo
2023-07-11,43.75,44.83,05401007,Portillo
2023-07-12,67.67,68.75,05401007,Portillo
2023-07-13,67.79,68.88,05401007,Portillo
2023-07-14,64.12,65.21,05401007,Portillo
2023-07-15,68.25,69.33,05401007,Portillo
2023-07-16,66.54,67.62,05401007,Portillo
2023-07-17,63.12,64.21,05401007,Portillo
2023-07-18,61.38,62.46,05401007,Portillo
2023-07-19,60.54,61.62,05401007,Portillo
2023-07-20,58.62,59.71,05401007,Portillo
2023-07-21,55.58,56.67,05401007,Portillo
2023-07-22,55.21,56.29,05401007,Portillo
2023-07-23,54.83,55.92,05401007,Portillo
2023-07-24,54.42,55.5,05401007,Portillo
2023-07-25,53.67,54.75,05401007,Portillo
2023-07-26,53.38,54.46,05401007,Portillo
2023-07-27,51.88,52.96,05401007,Portillo
2023-07-28,50.0,51.08,05401007,Portillo
2023-07-29,47.62,48.71,05401007,Portillo
2023-07-30,45.0,46.09,05401007,Portillo
2023-07-31,42.69,43.77,05401007,Portillo
2023-08-01,40.42,41.5,05401007,Portillo
2023-08-02,38.25,39.33,05401007,Portillo
2023-08-03,35.79,36.88,05401007,Portillo
2023-08-04,34.12,35.21,05401007,Portillo
2023-08-05,31.7,32.78,05401007,Portillo
2023-08-06,29.25,30.33,05401007,Portillo
2023-08-07,28.96,30.04,05401007,Portillo
2023-08-08,28.12,29.21,05401007,Portillo
2023-08-09,26.17,27.25,05401007,Portillo
2023-08-10,32.5,33.58,05401007,Portillo
2023-08-11,35.29,36.38,05401007,Portillo
2023-08-12,32.79,33.88,05401007,Portillo
2023-08-13,30.17,31.25,05401007,Portillo
2023-08-14,28.42,29.5,05401007,Portillo
2023-08-15,27.04,28.12,05401007,Portillo
2023-08-16,26.96,28.04,05401007,Portillo
2023-08-17,30.25,31.33,05401007,Portillo
2023-08-18,30.38,31.46,05401007,Portillo
2023-08-19,60.75,61.83,05401007,Portillo
2023-08-20,91.42,92.5,05401007,Portillo
2023-08-21,90.08,91.17,05401007,Portillo
2023-08-22,84.42,85.5,05401007,Portillo
2023-08-23,119.12,120.21,05401007,Portillo
2023-08-24,128.71,129.79,05401007,Portillo
2023-08-25,121.67,122.75,05401007,Portillo
2023-08-26,117.62,118.71,05401007,Portillo
2023-08-27,115.21,116.29,05401007,Portillo
2023-08-28,117.92,119.0,05401007,Portillo
2023-08-29,115.5,116.58,05401007,Portillo
2023-08-30,111.38,112.46,05401007,Portillo
2023-08-31,108.08,109.17,05401007,Portillo
2023-09-01,111.12,112.21,05401007,Portillo
2023-09-02,129.67,130.75,05401007,Portillo
2023-09-03,127.12,128.21,05401007,Portillo
2023-09-04,127.87,128.96,05401007,Portillo
2023-09-05,134.25,135.33,05401007,Portillo
2023-09-06,143.67,144.75,05401007,Portillo
2023-09-07,147.17,148.25,05401007,Portillo
2023-09-08,172.79,173.88,05401007,Portillo
2023-09-09,168.75,169.83,05401007,Portillo
2023-09-10,168.67,169.75,05401007,Portillo
2023-09-11,170.12,171.21,05401007,Portillo
2023-09-12,164.12,165.21,05401007,Portillo
2023-09-13,160.83,161.92,05401007,Portillo
2023-09-14,155.25,156.33,05401007,Portillo
2023-09-15,145.67,146.75,05401007,Portillo
2023-09-16,139.08,140.17,05401007,Portillo
2023-09-17,134.48,135.56,05401007,Portillo
2023-09-18,133.17,134.25,05401007,Portillo
2023-09-19,132.17,133.25,05401007,Portillo
2023-09-20,129.17,130.25,05401007,Portillo
2023-09-21,125.71,126.79,05401007,Portillo
2023-09-22,124.29,125.38,05401007,Portillo
2023-09-23,122.83,123.92,05401007,Portillo
2023-09-24,120.33,121.42,05401007,Portillo
2023-09-25,116.38,117.46,05401007,Portillo
2023-09-26,113.96,115.05,05401007,Portillo
2023-09-27,110.21,111.29,05401007,Portillo
2023-09-28,105.83,106.91,05401007,Portillo
2023-09-29,101.38,102.46,05401007,Portillo
2023-09-30,97.38,98.46,05401007,Portillo
2023-10-01,92.33,93.41,05401007,Portillo
2023-10-02,86.37,87.45,05401007,Portillo
2023-10-03,84.92,86.0,05401007,Portillo
2023-10-04,83.67,84.75,05401007,Portillo
2023-10-05,81.05,82.13,05401007,Portillo
2023-10-06,79.08,80.17,05401007,Portillo
2023-10-07,75.57,76.65,05401007,Portillo
2023-10-08,69.67,70.75,05401007,Portillo
2023-10-09,63.66,64.74,05401007,Portillo
2023-10-10,60.12,61.21,05401007,Portillo
2023-10-11,59.18,60.26,05401007,Portillo
2023-10-12,57.04,58.12,05401007,Portillo
2023-10-13,53.92,55.0,05401007,Portillo
2023-10-14,51.22,52.3,05401007,Portillo
2023-10-15,47.83,48.92,05401007,Portillo
2023-10-16,43.6,44.68,05401007,Portillo
2023-10-17,34.42,35.5,05401007,Portillo
2023-10-18,26.92,28.0,05401007,Portillo
2023-10-19,21.5,22.58,05401007,Portillo
2023-10-20,15.28,16.36,05401007,Portillo
2023-10-21,11.62,12.71,05401007,Portillo
2023-10-22,9.04,10.12,05401007,Portillo
2023-10-23,4.08,5.17,05401007,Portillo
2023-10-24,0.0,0.83,05401007,Portillo
2023-10-25,0.0,0.86,05401007,Portillo
2023-10-26,0.0,1.08,05401007,Portillo
2023-10-27,0.04,1.12,05401007,Portillo
2023-10-28,0.0,0.92,05401007,Portillo
2023-10-29,15.92,17.0,05401007,Portillo
2023-10-30,17.83,18.92,05401007,Portillo
2023-10-31,14.74,15.83,05401007,Portillo
2023-11-01,13.75,14.83,05401007,Portillo
2023-11-02,33.66,34.74,05401007,Portillo
2023-11-03,28.5,29.58,05401007,Portillo
2023-11-04,10.51,11.59,05401007,Portillo
2023-11-05,2.25,3.33,05401007,Portillo
2023-11-06,0.0,0.96,05401007,Portillo
2023-11-07,0.0,0.83,05401007,Portillo
2023-11-08,0.0,0.88,05401007,Portillo
2023-11-09,0.0,1.0,05401007,Portillo
2023-11-10,0.24,1.32,05401007,Portillo
2023-11-11,0.08,1.17,05401007,Portillo
2023-11-12,0.14,1.23,05401007,Portillo
2023-11-13,0.21,1.29,05401007,Portillo
2023-11-14,0.38,1.46,05401007,Portillo
2023-11-15,0.09,1.17,05401007,Portillo
2023-11-16,0.38,1.46,05401007,Portillo
2023-11-17,0.5,1.58,05401007,Portillo
2023-11-18,0.79,1.88,05401007,Portillo
2023-11-19,0.08,1.17,05401007,Portillo
2023-11-20,0.0,1.04,05401007,Portillo
2023-11-21,0.21,1.29,05401007,Portillo
2023-11-22,0.67,1.75,05401007,Portillo
2023-11-23,0.92,2.0,05401007,Portillo
2023-11-24,1.38,2.46,05401007,Portillo
2023-11-25,0.96,2.04,05401007,Portillo
2023-11-26,1.09,2.17,05401007,Portillo
2023-11-27,1.6,2.68,05401007,Portillo
2023-11-28,0.44,1.52,05401007,Portillo
2023-11-29,0.35,1.44,05401007,Portillo
2023-11-30,0.33,1.41,05401007,Portillo
2023-12-01,0.79,1.88,05401007,Portillo
2023-12-02,0.0,1.5,05401007,Portillo
2023-12-03,0.04,1.54,05401007,Portillo
2023-12-04,0.0,1.46,05401007,Portillo
2023-12-05,0.0,1.46,05401007,Portillo
2023-12-06,0.46,1.96,05401007,Portillo
2023-12-07,0.85,2.35,05401007,Portillo
2023-12-08,0.79,2.29,05401007,Portillo
2023-12-09,0.46,1.96,05401007,Portillo
2023-12-10,0.0,2.21,05401007,Portillo
2023-12-11,0.08,2.29,05401007,Portillo
2023-12-12,0.0,2.12,05401007,Portillo
2023-12-13,0.0,2.0,05401007,Portillo
2023-12-14,0.27,2.48,05401007,Portillo
2023-12-15,0.0,1.17,05401007,Portillo
2023-12-16,0.0,0.92,05401007,Portillo
2023-12-17,0.0,0.96,05401007,Portillo
2023-12-18,0.0,0.7,05401007,Portillo
2023-12-19,0.17,1.08,05401007,Portillo
2023-12-20,0.0,0.88,05401007,Portillo
2023-12-21,0.0,0.92,05401007,Portillo
2023-12-22,0.21,1.13,05401007,Portillo
2023-12-23,0.08,1.0,05401007,Portillo
2023-12-24,0.04,0.96,05401007,Portillo
2023-12-25,0.04,0.96,05401007,Portillo
2023-12-26,0.04,0.96,05401007,Portillo
2023-12-27,0.12,1.04,05401007,Portillo
2023-12-28,0.08,1.0,05401007,Portillo
2023-12-29,0.0,0.91,05401007,Portillo
2023-12-30,0.0,0.92,05401007,Portillo
2023-12-31,0.04,0.96,05401007,Portillo
2024-01-01,0.0,0.88,05401007,Portillo
2024-01-02,0.0,0.87,05401007,Portillo
2024-01-03,0.0,0.92,05401007,Portillo
2024-01-04,0.0,0.88,05401007,Portillo
2024-01-05,0.04,0.96,05401007,Portillo
2024-01-06,0.0,0.71,05401007,Portillo
2024-01-07,0.0,0.92,05401007,Portillo
2024-01-08,0.0,0.88,05401007,Portillo
2024-01-09,0.0,0.79,05401007,Portillo
2024-01-10,0.04,0.96,05401007,Portillo
2024-01-11,0.0,0.83,05401007,Portillo
2024-01-12,0.0,0.65,05401007,Portillo
2024-01-13,0.0,0.83,05401007,Portillo
2024-01-14,0.0,0.88,05401007,Portillo
2024-01-15,0.0,0.92,05401007,Portillo
2024-01-16,0.0,0.92,05401007,Portillo
2024-01-17,0.17,1.08,05401007,Portillo
2024-01-18,0.0,0.88,05401007,Portillo
2024-01-19,0.0,0.92,05401007,Portillo
2024-01-20,0.0,0.88,05401007,Portillo
2024-01-21,0.0,0.83,05401007,Portillo
2024-01-22,0.04,0.96,05401007,Portillo
2024-01-23,0.04,0.96,05401007,Portillo
2024-01-24,0.08,1.0,05401007,Portillo
2024-01-25,0.21,1.12,05401007,Portillo
2024-01-26,0.0,0.92,05401007,Portillo
2024-01-27,0.0,0.88,05401007,Portillo
2024-01-28,0.13,1.04,05401007,Portillo
2024-01-29,0.0,0.87,05401007,Portillo
2024-01-30,0.0,0.79,05401007,Portillo
2024-01-31,0.0,0.78,05401007,Portillo
2024-02-01,0.0,0.83,05401007,Portillo
2024-02-02,0.0,0.88,05401007,Portillo
2024-02-03,0.0,0.87,05401007,Portillo
2024-02-04,0.04,0.96,05401007,Portillo
2024-02-05,0.0,0.83,05401007,Portillo
2024-02-06,0.0,0.87,05401007,Portillo
2024-02-07,0.0,0.88,05401007,Portillo
2024-02-08,0.0,0.83,05401007,Portillo
2024-02-09,0.0,0.83,05401007,Portillo
2024-02-10,0.0,0.83,05401007,Portillo
2024-02-11,0.0,0.79,05401007,Portillo
2024-02-12,0.0,0.79,05401007,Portillo
2024-02-13,0.12,1.04,05401007,Portillo
2024-02-14,0.0,0.88,05401007,Portillo
2024-02-15,0.0,0.79,05401007,Portillo
2024-02-16,0.04,0.96,05401007,Portillo
2024-02-17,0.0,0.83,05401007,Portillo
2024-02-18,0.0,0.88,05401007,Portillo
2024-02-19,0.12,1.04,05401007,Portillo
2024-02-20,0.0,0.83,05401007,Portillo
2024-02-21,0.04,0.96,05401007,Portillo
2024-02-22,0.04,0.96,05401007,Portillo
2024-02-23,0.08,1.0,05401007,Portillo
2024-02-24,0.08,1.0,05401007,Portillo
2024-02-25,0.08,1.0,05401007,Portillo
2024-02-26,0.04,0.96,05401007,Portillo
2024-02-27,0.0,0.83,05401007,Portillo
2024-02-28,0.04,0.96,05401007,Portillo
2024-02-29,0.0,0.87,05401007,Portillo
2024-03-01,0.04,0.96,05401007,Portillo
2024-03-02,0.0,0.88,05401007,Portillo
2024-03-03,0.0,0.92,05401007,Portillo
2024-03-04,0.04,0.96,05401007,Portillo
2024-03-05,0.08,1.0,05401007,Portillo
2024-03-06,0.04,0.96,05401007,Portillo
2024-03-07,0.0,0.79,05401007,Portillo
2024-03-08,0.0,0.92,05401007,Portillo
2024-03-09,0.0,0.92,05401007,Portillo
2024-03-10,0.0,0.92,05401007,Portillo
2024-03-11,0.04,0.96,05401007,Portillo
2024-03-12,0.0,0.79,05401007,Portillo
2024-03-13,0.0,0.83,05401007,Portillo
2024-03-14,0.0,0.88,05401007,Portillo
2024-03-15,0.0,0.91,05401007,Portillo
2024-03-16,0.0,0.92,05401007,Portillo
2024-03-17,0.04,0.96,05401007,Portillo
2024-03-18,0.0,0.92,05401007,Portillo
2024-03-19,0.0,0.92,05401007,Portillo
2024-03-20,0.0,0.92,05401007,Portillo
2024-03-21,0.04,0.96,05401007,Portillo
2024-03-22,0.08,1.0,05401007,Portillo
2024-03-23,0.0,0.92,05401007,Portillo
2024-03-24,0.12,1.04,05401007,Portillo
2024-03-25,0.21,1.12,05401007,Portillo
2024-03-26,0.08,1.0,05401007,Portillo
2024-03-27,0.12,1.04,05401007,Portillo
2024-03-28,0.21,1.12,05401007,Portillo
2024-03-29,0.12,1.04,05401007,Portillo
2024-03-30,0.17,1.08,05401007,Portillo
2024-03-31,0.0,0.88,05401007,Portillo
2024-04-01,0.04,0.96,05401007,Portillo
2024-04-02,0.0,0.83,05401007,Portillo
2024-04-03,0.0,0.88,05401007,Portillo
2024-04-04,0.08,1.0,05401007,Portillo
2024-04-05,0.12,1.04,05401007,Portillo
2024-04-06,0.18,1.09,05401007,Portillo
2024-04-07,0.21,1.12,05401007,Portillo
2024-04-08,0.21,1.12,05401007,Portillo
2024-04-09,0.08,1.0,05401007,Portillo
2024-04-10,0.17,1.08,05401007,Portillo
2024-04-11,0.08,1.0,05401007,Portillo
2024-04-12,0.08,1.0,05401007,Portillo
2024-04-13,,3.42,05401007,Portillo
2024-04-14,0.17,1.08,05401007,Portillo
2024-04-15,0.08,1.0,05401007,Portillo
2024-04-16,0.12,1.04,05401007,Portillo
2024-04-17,0.25,1.17,05401007,Portillo
2024-04-18,0.29,1.21,05401007,Portillo
2024-04-19,0.21,1.12,05401007,Portillo
2024-04-20,0.08,1.0,05401007,Portillo
2024-04-21,0.0,0.88,05401007,Portillo
2024-04-22,0.08,1.0,05401007,Portillo
2024-04-23,0.17,1.08,05401007,Portillo
2024-04-24,0.12,1.04,05401007,Portillo
2024-04-25,0.12,1.04,05401007,Portillo
2024-04-26,0.12,1.04,05401007,Portillo
2024-04-27,0.08,1.0,05401007,Portillo
2024-04-28,0.04,0.96,05401007,Portillo
2024-04-29,0.04,0.96,05401007,Portillo
2024-04-30,0.04,0.96,05401007,Portillo
2024-05-01,0.04,0.96,05401007,Portillo
2024-05-02,0.12,1.04,05401007,Portillo
2024-05-03,0.08,1.0,05401007,Portillo
2024-05-04,0.0,0.83,05401007,Portillo
2024-05-05,0.04,0.96,05401007,Portillo
2024-05-06,0.0,0.92,05401007,Portillo
2024-05-07,7.21,8.12,05401007,Portillo
2024-05-08,19.71,20.62,05401007,Portillo
2024-05-09,15.08,16.0,05401007,Portillo
2024-05-10,12.12,13.04,05401007,Portillo
2024-05-11,11.95,12.87,05401007,Portillo
2024-05-12,11.75,12.67,05401007,Portillo
2024-05-13,11.79,12.71,05401007,Portillo
2024-05-14,11.25,12.17,05401007,Portillo
2024-05-15,12.42,13.33,05401007,Portillo
2024-05-16,13.21,14.12,05401007,Portillo
2024-05-17,12.08,13.0,05401007,Portillo
2024-05-18,12.08,13.0,05401007,Portillo
2024-05-19,11.71,12.62,05401007,Portillo
2024-05-20,15.71,16.62,05401007,Portillo
2024-05-21,36.54,37.46,05401007,Portillo
2024-05-22,64.3,65.22,05401007,Portillo
2024-05-23,98.79,99.71,05401007,Portillo
2024-05-24,87.96,88.88,05401007,Portillo
2024-05-25,81.0,81.92,05401007,Portillo
2024-05-26,71.96,72.88,05401007,Portillo
2024-05-27,67.21,68.12,05401007,Portillo
2024-05-28,62.67,63.58,05401007,Portillo
2024-05-29,58.08,59.0,05401007,Portillo
2024-05-30,54.46,55.38,05401007,Portillo
2024-05-31,51.54,52.46,05401007,Portillo
2024-06-01,49.58,50.5,05401007,Portillo
2024-06-02,47.83,48.75,05401007,Portillo
2024-06-03,45.54,46.46,05401007,Portillo
2024-06-04,42.79,43.71,05401007,Portillo
2024-06-05,41.5,42.42,05401007,Portillo
2024-06-06,40.04,40.96,05401007,Portillo
2024-06-07,38.75,39.67,05401007,Portillo
2024-06-08,37.33,38.25,05401007,Portillo
2024-06-09,42.75,43.67,05401007,Portillo
2024-06-10,46.17,47.08,05401007,Portillo
2024-06-11,50.17,51.08,05401007,Portillo
2024-06-12,49.29,50.21,05401007,Portillo
2024-06-13,76.08,77.0,05401007,Portillo
2024-06-14,146.75,147.67,05401007,Portillo
2024-06-15,145.75,146.67,05401007,Portillo
2024-06-16,134.17,135.08,05401007,Portillo
2024-06-17,126.62,127.54,05401007,Portillo
2024-06-18,140.5,141.42,05401007,Portillo
2024-06-19,151.96,152.88,05401007,Portillo
2024-06-20,142.83,143.75,05401007,Portillo
2024-06-21,156.46,157.38,05401007,Portillo
2024-06-22,191.17,192.08,05401007,Portillo
2024-06-23,179.75,180.67,05401007,Portillo
2024-06-24,188.21,189.12,05401007,Portillo
2024-06-25,214.29,215.21,05401007,Portillo
2024-06-26,199.62,200.54,05401007,Portillo
2024-06-27,188.83,189.75,05401007,Portillo
2024-06-28,181.04,181.96,05401007,Portillo
2024-06-29,175.54,176.46,05401007,Portillo
2024-06-30,171.17,172.08,05401007,Portillo
2024-07-01,167.54,168.46,05401007,Portillo
2024-07-02,164.12,165.04,05401007,Portillo
2024-07-03,160.79,161.71,05401007,Portillo
2024-07-04,157.79,158.71,05401007,Portillo
2024-07-05,155.33,156.25,05401007,Portillo
2024-07-06,153.0,153.92,05401007,Portillo
2024-07-07,150.83,151.75,05401007,Portillo
2024-07-08,149.38,150.29,05401007,Portillo
2024-07-09,147.33,148.25,05401007,Portillo
2024-07-10,145.58,146.5,05401007,Portillo
2024-07-11,143.62,144.54,05401007,Portillo
2024-07-12,137.65,138.56,05401007,Portillo
2024-07-13,137.08,138.0,05401007,Portillo
2024-07-14,135.75,136.67,05401007,Portillo
2024-07-15,134.19,135.11,05401007,Portillo
2024-07-16,133.67,134.58,05401007,Portillo
2024-07-17,131.33,132.25,05401007,Portillo
2024-07-18,128.75,129.67,05401007,Portillo
2024-07-19,127.62,128.54,05401007,Portillo
2024-07-20,126.46,127.38,05401007,Portillo
2024-07-21,124.92,125.83,05401007,Portillo
2024-07-22,123.62,124.54,05401007,Portillo
2024-07-23,122.25,123.17,05401007,Portillo
2024-07-24,122.08,123.0,05401007,Portillo
2024-07-25,121.33,122.25,05401007,Portillo
2024-07-26,119.71,120.62,05401007,Portillo
2024-07-27,118.71,119.62,05401007,Portillo
2024-07-28,117.79,118.71,05401007,Portillo
2024-07-29,116.5,117.42,05401007,Portillo
2024-07-30,115.08,116.0,05401007,Portillo
2024-07-31,114.88,115.79,05401007,Portillo
2024-08-01,113.5,114.42,05401007,Portillo
2024-08-02,131.79,132.71,05401007,Portillo
2024-08-03,139.5,140.42,05401007,Portillo
2024-08-04,136.38,137.29,05401007,Portillo
2024-08-05,133.71,134.62,05401007,Portillo
2024-08-06,131.92,132.83,05401007,Portillo
2024-08-07,131.38,132.29,05401007,Portillo
2024-08-08,130.75,131.67,05401007,Portillo
2024-08-09,129.67,130.58,05401007,Portillo
2024-08-10,128.62,129.54,05401007,Portillo
2024-08-11,126.86,127.77,05401007,Portillo
2024-08-12,125.21,126.12,05401007,Portillo
2024-08-13,122.38,123.29,05401007,Portillo
2024-08-14,120.46,121.38,05401007,Portillo
2024-08-15,119.17,120.09,05401007,Portillo
2024-08-16,118.46,119.38,05401007,Portillo
2024-08-17,118.08,119.0,05401007,Portillo
2024-08-18,117.71,118.62,05401007,Portillo
2024-08-19,117.08,118.0,05401007,Portillo
2024-08-20,120.67,121.58,05401007,Portillo
2024-08-21,123.42,124.33,05401007,Portillo
2024-08-22,121.54,122.46,05401007,Portillo
2024-08-23,119.71,120.62,05401007,Portillo
2024-08-24,119.67,120.58,05401007,Portillo
2024-08-25,117.92,118.83,05401007,Portillo
2024-08-26,115.75,116.67,05401007,Portillo
2024-08-27,114.67,115.58,05401007,Portillo
2024-08-28,113.88,114.79,05401007,Portillo
2024-08-29,112.0,112.92,05401007,Portillo
2024-08-30,111.96,112.88,05401007,Portillo
2024-08-31,110.79,111.71,05401007,Portillo
2024-09-01,108.29,109.21,05401007,Portillo
2024-09-02,103.92,104.83,05401007,Portillo
2024-09-03,103.62,104.54,05401007,Portillo
2024-09-04,101.96,102.88,05401007,Portillo
2024-09-05,98.5,99.42,05401007,Portillo
2024-09-06,94.62,95.54,05401007,Portillo
2024-09-07,91.43,92.35,05401007,Portillo
2024-09-08,87.58,88.5,05401007,Portillo
2024-09-09,85.96,86.88,05401007,Portillo
2024-09-10,84.71,85.62,05401007,Portillo
2024-09-11,82.54,83.46,05401007,Portillo
2024-09-12,78.54,79.46,05401007,Portillo
2024-09-13,76.38,77.29,05401007,Portillo
2024-09-14,73.75,74.67,05401007,Portillo
2024-09-15,71.17,72.09,05401007,Portillo
2024-09-16,69.13,70.04,05401007,Portillo
2024-09-17,67.17,68.09,05401007,Portillo
2024-09-18,65.25,66.17,05401007,Portillo
2024-09-19,63.33,64.25,05401007,Portillo
2024-09-20,61.58,62.5,05401007,Portillo
2024-09-21,60.12,61.04,05401007,Portillo
2024-09-22,66.0,66.92,05401007,Portillo
2024-09-23,109.58,110.5,05401007,Portillo
2024-09-24,118.17,119.09,05401007,Portillo
2024-09-25,107.33,108.25,05401007,Portillo
2024-09-26,99.5,100.42,05401007,Portillo
2024-09-27,92.13,93.04,05401007,Portillo
2024-09-28,86.5,87.42,05401007,Portillo
2024-09-29,80.12,81.04,05401007,Portillo
2024-09-30,78.04,78.96,05401007,Portillo
2024-10-01,75.83,76.75,05401007,Portillo
2024-10-02,74.5,75.42,05401007,Portillo
2024-10-03,71.5,72.42,05401007,Portillo
2024-10-04,64.17,65.08,05401007,Portillo
2024-10-05,57.12,58.04,05401007,Portillo
2024-10-06,51.38,52.29,05401007,Portillo
2024-10-07,47.92,48.83,05401007,Portillo
2024-10-08,46.83,47.75,05401007,Portillo
2024-10-09,50.08,51.0,05401007,Portillo
2024-10-10,40.47,41.39,05401007,Portillo
2024-10-11,34.33,35.25,05401007,Portillo
2024-10-12,31.65,32.56,05401007,Portillo
2024-10-13,28.99,29.91,05401007,Portillo
2024-10-14,24.88,25.79,05401007,Portillo
2024-10-15,20.62,21.54,05401007,Portillo
2024-10-16,13.96,14.88,05401007,Portillo
2024-10-17,6.21,7.12,05401007,Portillo
2024-10-18,0.26,1.17,05401007,Portillo
2024-10-19,0.08,1.0,05401007,Portillo
2024-10-20,0.08,1.0,05401007,Portillo
2024-10-21,0.08,1.0,05401007,Portillo
2024-10-22,0.12,1.04,05401007,Portillo
2024-10-23,0.58,1.5,05401007,Portillo
2024-10-24,0.88,1.79,05401007,Portillo
2024-10-25,0.12,1.04,05401007,Portillo
2024-10-26,0.04,0.96,05401007,Portillo
2024-10-27,0.08,1.0,05401007,Portillo
2024-10-28,0.17,1.08,05401007,Portillo
2024-10-29,0.12,1.04,05401007,Portillo
2024-10-30,0.08,1.0,05401007,Portillo
2024-10-31,0.0,0.88,05401007,Portillo
2024-11-01,0.0,0.92,05401007,Portillo
2024-11-02,0.0,0.83,05401007,Portillo
2024-11-03,0.0,0.75,05401007,Portillo
2024-11-04,0.0,0.67,05401007,Portillo
2024-11-05,0.0,0.88,05401007,Portillo
2024-11-06,0.0,0.92,05401007,Portillo
2024-11-07,0.0,0.88,05401007,Portillo
2024-11-08,0.0,0.92,05401007,Portillo
2024-11-09,0.0,0.92,05401007,Portillo
2024-11-10,0.0,0.83,05401007,Portillo
2024-11-11,0.0,0.92,05401007,Portillo
2024-11-12,0.0,0.88,05401007,Portillo
2024-11-13,0.0,0.83,05401007,Portillo
2024-11-14,0.0,0.88,05401007,Portillo
2024-11-15,0.0,0.79,05401007,Portillo
2024-11-16,0.0,0.92,05401007,Portillo
2024-11-17,0.0,0.75,05401007,Portillo
2024-11-18,0.0,0.75,05401007,Portillo
2024-11-19,0.0,0.92,05401007,Portillo
2024-11-20,0.0,0.92,05401007,Portillo
2024-11-21,0.0,0.79,05401007,Portillo
2024-11-22,0.0,0.92,05401007,Portillo
2024-11-23,0.0,0.83,05401007,Portillo
2024-11-24,0.0,0.75,05401007,Portillo
2024-11-25,0.0,0.75,05401007,Portillo
2024-11-26,0.0,0.58,05401007,Portillo
2024-11-27,0.0,0.75,05401007,Portillo
2024-11-28,0.0,0.79,05401007,Portillo
2024-11-29,0.0,0.62,05401007,Portillo
2024-11-30,0.0,0.71,05401007,Portillo
2024-12-01,0.0,0.48,05401007,Portillo
2024-12-02,0.0,0.88,05401007,Portillo
2024-12-03,0.0,0.79,05401007,Portillo
2024-12-04,0.0,0.75,05401007,Portillo
2024-12-05,0.0,0.78,05401007,Portillo
2024-12-06,0.0,0.62,05401007,Portillo
2024-12-07,0.0,0.83,05401007,Portillo
2024-12-08,0.0,0.83,05401007,Portillo
2024-12-09,0.0,0.75,05401007,Portillo
2024-12-10,0.0,0.77,05401007,Portillo
2024-12-11,0.0,0.7,05401007,Portillo
2024-12-12,0.0,0.61,05401007,Portillo
2024-12-13,0.0,0.7,05401007,Portillo
2024-12-14,0.0,0.75,05401007,Portillo
2024-12-15,0.0,0.79,05401007,Portillo
2024-12-16,0.0,0.79,05401007,Portillo
2024-12-17,0.0,0.79,05401007,Portillo
2024-12-18,0.0,0.88,05401007,Portillo
2024-12-19,0.0,0.61,05401007,Portillo
2024-12-20,0.0,0.62,05401007,Portillo
2024-12-21,0.0,0.83,05401007,Portillo
2024-12-22,0.0,0.79,05401007,Portillo
2024-12-23,0.0,0.88,05401007,Portillo
2024-12-24,0.0,0.88,05401007,Portillo
2024-12-25,0.08,1.0,05401007,Portillo
2024-12-26,0.21,1.12,05401007,Portillo
2024-12-27,0.0,0.71,05401007,Portillo
2024-12-28,0.0,0.46,05401007,Portillo
2024-12-29,0.0,0.29,05401007,Portillo
2024-12-30,0.0,0.38,05401007,Portillo
2024-12-31,0.33,0.33,05401007,Portillo
2025-01-01,0.29,0.29,05401007,Portillo
2025-01-02,0.33,0.33,05401007,Portillo
2025-01-03,0.17,0.17,05401007,Portillo
2025-01-04,0.25,0.25,05401007,Portillo
2025-01-05,0.17,0.17,05401007,Portillo
2025-01-06,0.33,0.33,05401007,Portillo
2025-01-07,0.25,0.25,05401007,Portillo
2025-01-08,0.29,0.29,05401007,Portillo
2025-01-09,0.0,0.0,05401007,Portillo
2025-01-10,0.12,0.12,05401007,Portillo
2025-01-11,0.71,0.71,05401007,Portillo
2025-01-12,1.04,1.04,05401007,Portillo
2025-01-13,0.92,0.92,05401007,Portillo
2025-01-14,0.75,0.75,05401007,Portillo
2025-01-15,0.06,0.75,05401007,Portillo
2025-01-16,0.18,0.87,05401007,Portillo
2025-01-17,0.0,0.67,05401007,Portillo
2025-01-18,0.02,0.71,05401007,Portillo
2025-01-19,0.0,0.54,05401007,Portillo
2025-01-20,0.0,0.5,05401007,Portillo
2025-01-21,0.02,0.71,05401007,Portillo
2025-01-22,0.02,0.71,05401007,Portillo
2025-01-23,0.0,0.61,05401007,Portillo
2025-01-24,0.0,0.67,05401007,Portillo
2025-01-25,0.02,0.71,05401007,Portillo
2025-01-26,0.0,0.42,05401007,Portillo
2025-01-27,0.0,0.08,05401007,Portillo
2025-01-28,0.0,0.29,05401007,Portillo
2025-01-29,0.0,0.38,05401007,Portillo
2025-01-30,0.21,0.21,05401007,Portillo
2025-01-31,0.17,0.17,05401007,Portillo
2025-02-01,0.25,0.25,05401007,Portillo
2025-02-02,0.25,0.25,05401007,Portillo
2025-02-03,0.13,0.13,05401007,Portillo
2025-02-04,0.25,0.25,05401007,Portillo
2025-02-05,0.08,0.08,05401007,Portillo
2025-02-06,0.21,0.21,05401007,Portillo
2025-02-07,0.27,0.27,05401007,Portillo
2025-02-08,0.27,0.27,05401007,Portillo
2025-02-09,0.54,0.54,05401007,Portillo
2025-02-10,0.24,0.24,05401007,Portillo
2025-02-11,0.0,-0.18,05401007,Portillo
2025-02-12,0.11,0.11,05401007,Portillo
2025-02-13,0.17,0.17,05401007,Portillo
2025-02-14,0.04,0.04,05401007,Portillo
2025-02-15,0.12,0.12,05401007,Portillo
2025-02-16,0.0,-0.04,05401007,Portillo
2025-02-17,0.25,0.25,05401007,Portillo
2025-02-18,0.57,0.57,05401007,Portillo
2025-02-19,0.17,0.17,05401007,Portillo
2025-02-20,0.12,0.12,05401007,Portillo
2025-02-21,0.33,0.33,05401007,Portillo
2025-02-22,0.17,0.17,05401007,Portillo
2025-02-23,0.17,0.17,05401007,Portillo
2025-02-24,0.27,0.27,05401007,Portillo
2025-02-25,0.09,0.09,05401007,Portillo
2025-02-26,0.12,0.12,05401007,Portillo
2025-02-27,0.09,0.09,05401007,Portillo
2025-02-28,0.0,-0.12,05401007,Portillo
2025-03-01,0.21,0.21,05401007,Portillo
2025-03-02,0.25,0.25,05401007,Portillo
2025-03-03,0.21,0.21,05401007,Portillo
2025-03-04,0.42,0.42,05401007,Portillo
2025-03-05,0.17,0.17,05401007,Portillo
2025-03-06,0.13,0.13,05401007,Portillo
2025-03-07,0.17,0.17,05401007,Portillo
2025-03-08,0.33,0.33,05401007,Portillo
2025-03-09,0.33,0.33,05401007,Portillo
2025-03-10,0.25,0.25,05401007,Portillo
2025-03-11,0.17,0.17,05401007,Portillo
2025-03-12,0.21,0.21,05401007,Portillo
2025-03-13,0.25,0.25,05401007,Portillo
2025-03-14,0.25,0.25,05401007,Portillo
2025-03-15,0.12,0.12,05401007,Portillo
2025-03-16,0.33,0.33,05401007,Portillo
2025-03-17,0.42,0.42,05401007,Portillo
2025-03-18,0.58,0.58,05401007,Portillo
2025-03-19,0.46,0.46,05401007,Portillo
2025-03-20,0.25,0.25,05401007,Portillo
2025-03-21,0.08,0.08,05401007,Portillo
2025-03-22,0.25,0.25,05401007,Portillo
2025-03-23,0.21,0.21,05401007,Portillo
2025-03-24,0.38,0.38,05401007,Portillo
2025-03-25,0.88,0.88,05401007,Portillo
2025-03-26,0.21,0.21,05401007,Portillo
2025-03-27,0.04,0.04,05401007,Portillo
2025-03-28,0.46,0.46,05401007,Portillo
2025-03-29,0.46,0.46,05401007,Portillo
2025-03-30,0.04,0.04,05401007,Portillo
2025-03-31,0.71,0.71,05401007,Portillo
2025-04-01,0.54,0.54,05401007,Portillo
2025-04-02,0.54,0.54,05401007,Portillo
2025-04-03,0.67,0.67,05401007,Portillo
2025-04-04,0.17,0.79,05401007,Portillo
2025-04-05,0.0,0.42,05401007,Portillo
2025-04-06,0.08,0.71,05401007,Portillo
2025-04-07,0.17,0.79,05401007,Portillo
2025-04-08,0.0,0.62,05401007,Portillo
2025-04-09,0.0,0.58,05401007,Portillo
2025-04-10,0.0,0.5,05401007,Portillo
2025-04-11,0.0,0.0,05401007,Portillo
2025-04-12,0.0,0.25,05401007,Portillo
2025-04-13,0.0,0.5,05401007,Portillo
2025-04-14,0.08,0.08,05401007,Portillo
2025-04-15,0.38,0.38,05401007,Portillo
2025-04-16,0.25,0.25,05401007,Portillo
2025-04-17,0.29,0.29,05401007,Portillo
2025-04-18,0.42,0.42,05401007,Portillo
2025-04-19,0.46,0.46,05401007,Portillo
2025-04-20,0.5,0.5,05401007,Portillo
2025-04-21,0.33,0.33,05401007,Portillo
2025-04-22,0.21,0.21,05401007,Portillo
2025-04-23,0.12,0.12,05401007,Portillo
2025-04-24,0.25,0.25,05401007,Portillo
2025-04-25,0.04,0.04,05401007,Portillo
2025-04-26,0.67,0.67,05401007,Portillo
2025-04-27,0.79,0.79,05401007,Portillo
2025-04-28,0.79,0.79,05401007,Portillo
2025-04-29,0.79,0.79,05401007,Portillo
2025-04-30,0.08,0.62,05401007,Portillo
2025-05-01,0.0,0.42,05401007,Portillo
2025-05-02,0.0,0.54,05401007,Portillo
2025-05-03,0.08,0.62,05401007,Portillo
2025-05-04,0.0,0.54,05401007,Portillo
2025-05-05,0.04,0.58,05401007,Portillo
2025-05-06,0.0,0.29,05401007,Portillo
2025-05-07,0.0,0.12,05401007,Portillo
2025-05-08,2.5,3.04,05401007,Portillo
2025-05-09,3.25,3.79,05401007,Portillo
2025-05-10,0.46,1.0,05401007,Portillo
2025-05-11,0.33,0.88,05401007,Portillo
2025-05-12,0.33,0.88,05401007,Portillo
2025-05-13,0.12,0.67,05401007,Portillo
2025-05-14,0.12,0.67,05401007,Portillo
2025-05-15,0.38,0.92,05401007,Portillo
2025-05-16,0.11,0.65,05401007,Portillo
2025-05-17,1.58,2.12,05401007,Portillo
2025-05-18,7.25,7.79,05401007,Portillo
2025-05-19,22.88,23.42,05401007,Portillo
2025-05-20,18.25,18.79,05401007,Portillo
2025-05-21,14.25,14.79,05401007,Portillo
2025-05-22,11.2,11.74,05401007,Portillo
2025-05-23,10.46,11.0,05401007,Portillo
2025-05-24,10.17,10.71,05401007,Portillo
2025-05-25,9.5,10.04,05401007,Portillo
2025-05-26,27.12,27.67,05401007,Portillo
2025-05-27,38.94,39.48,05401007,Portillo
2025-05-28,33.83,34.38,05401007,Portillo
2025-05-29,29.62,30.17,05401007,Portillo
2025-05-30,26.96,27.5,05401007,Portillo
2025-05-31,25.12,25.67,05401007,Portillo
2025-06-01,24.0,24.54,05401007,Portillo
2025-06-02,22.54,23.08,05401007,Portillo
2025-06-03,21.21,21.75,05401007,Portillo
2025-06-04,20.71,21.25,05401007,Portillo
2025-06-05,20.58,21.12,05401007,Portillo
2025-06-06,20.12,20.67,05401007,Portillo
2025-06-07,19.96,20.5,05401007,Portillo
2025-06-08,20.33,20.88,05401007,Portillo
2025-06-09,20.08,20.62,05401007,Portillo
2025-06-10,19.58,20.12,05401007,Portillo
2025-06-11,19.5,20.04,05401007,Portillo
2025-06-12,31.94,32.48,05401007,Portillo
2025-06-13,50.25,50.79,05401007,Portillo
2025-06-14,46.46,47.0,05401007,Portillo
2025-06-15,44.42,44.96,05401007,Portillo
2025-06-16,66.08,66.62,05401007,Portillo
2025-06-17,71.04,71.58,05401007,Portillo
2025-06-18,69.21,69.75,05401007,Portillo
2025-06-19,65.29,65.83,05401007,Portillo
2025-06-20,62.29,62.83,05401007,Portillo
2025-06-21,60.5,61.04,05401007,Portillo
2025-06-22,73.92,74.46,05401007,Portillo
2025-06-23,72.92,73.46,05401007,Portillo
2025-06-24,70.75,71.29,05401007,Portillo
2025-06-25,68.96,69.5,05401007,Portillo
2025-06-26,79.08,79.62,05401007,Portillo
2025-06-27,76.12,76.67,05401007,Portillo
2025-06-28,73.79,74.33,05401007,Portillo
2025-06-29,71.75,72.29,05401007,Portillo
2025-06-30,70.54,71.08,05401007,Portillo
2025-07-01,69.25,69.79,05401007,Portillo
2025-07-02,68.08,68.62,05401007,Portillo
2025-07-03,66.62,67.17,05401007,Portillo
2025-07-04,64.68,65.22,05401007,Portillo
2025-07-05,63.04,63.58,05401007,Portillo
2025-07-06,61.92,62.46,05401007,Portillo
2025-07-07,61.0,61.54,05401007,Portillo
2025-07-08,60.17,60.71,05401007,Portillo
2025-07-09,59.46,60.0,05401007,Portillo
2025-07-10,58.92,59.46,05401007,Portillo
2025-07-11,58.17,58.71,05401007,Portillo
2025-07-12,57.42,57.96,05401007,Portillo
2025-07-13,56.87,57.42,05401007,Portillo
2025-07-14,56.29,56.83,05401007,Portillo
2025-07-15,55.54,56.08,05401007,Portillo
2025-07-16,54.75,55.29,05401007,Portillo
2025-07-17,53.46,54.0,05401007,Portillo
2025-07-18,52.37,52.92,05401007,Portillo
2025-07-19,51.17,51.71,05401007,Portillo
2025-07-20,49.78,50.32,05401007,Portillo
2025-07-21,47.46,48.0,05401007,Portillo
2025-07-22,46.87,47.42,05401007,Portillo
2025-07-23,46.02,46.57,05401007,Portillo
2025-07-24,44.87,45.42,05401007,Portillo
2025-07-25,44.42,44.96,05401007,Portillo
2025-07-26,44.32,44.86,05401007,Portillo
2025-07-27,53.62,54.17,05401007,Portillo
2025-07-28,60.03,60.57,05401007,Portillo
2025-07-29,54.79,55.33,05401007,Portillo
2025-07-30,52.41,52.95,05401007,Portillo
2025-07-31,53.33,53.88,05401007,Portillo
2025-08-01,65.15,65.7,05401007,Portillo
2025-08-02,66.46,67.0,05401007,Portillo
2025-08-03,75.12,75.67,05401007,Portillo
2025-08-04,78.08,78.62,05401007,Portillo
2025-08-05,73.12,73.67,05401007,Portillo
2025-08-06,68.29,68.83,05401007,Portillo
2025-08-07,66.21,66.75,05401007,Portillo
2025-08-08,65.33,65.88,05401007,Portillo
2025-08-09,63.54,64.08,05401007,Portillo
2025-08-10,62.17,62.71,05401007,Portillo
2025-08-11,60.46,61.0,05401007,Portillo
2025-08-12,58.5,59.04,05401007,Portillo
2025-08-13,56.96,57.5,05401007,Portillo
2025-08-14,55.73,56.27,05401007,Portillo
2025-08-15,54.62,55.17,05401007,Portillo
2025-08-16,56.37,56.92,05401007,Portillo
2025-08-17,54.75,55.29,05401007,Portillo
2025-08-18,53.83,54.38,05401007,Portillo
2025-08-19,54.04,54.58,05401007,Portillo
2025-08-20,56.67,57.21,05401007,Portillo
2025-08-21,79.96,80.5,05401007,Portillo
2025-08-22,102.42,102.96,05401007,Portillo
2025-08-23,100.46,101.0,05401007,Portillo
2025-08-24,91.54,92.08,05401007,Portillo
2025-08-25,85.62,86.17,05401007,Portillo
2025-08-26,81.42,81.96,05401007,Portillo
2025-08-27,77.88,78.42,05401007,Portillo
2025-08-28,74.5,75.04,05401007,Portillo
2025-08-29,72.67,73.21,05401007,Portillo
2025-08-30,73.07,73.61,05401007,Portillo
2025-08-31,76.88,77.42,05401007,Portillo
2025-09-01,73.83,74.38,05401007,Portillo
2025-09-02,71.54,72.08,05401007,Portillo
2025-09-03,71.0,71.55,05401007,Portillo
2025-09-04,70.08,70.62,05401007,Portillo
2025-09-05,68.42,68.96,05401007,Portillo
2025-09-06,66.46,67.0,05401007,Portillo
2025-09-07,64.89,65.43,05401007,Portillo
2025-09-08,64.25,64.79,05401007,Portillo
2025-09-09,62.37,62.92,05401007,Portillo
2025-09-10,59.42,59.96,05401007,Portillo
2025-09-11,56.79,57.33,05401007,Portillo
2025-09-12,53.71,54.25,05401007,Portillo
2025-09-13,51.62,52.17,05401007,Portillo
2025-09-14,50.02,50.57,05401007,Portillo
2025-09-15,48.37,48.91,05401007,Portillo
2025-09-16,44.0,44.54,05401007,Portillo
2025-09-17,39.42,39.96,05401007,Portillo
2025-09-18,33.62,34.17,05401007,Portillo
2025-09-19,28.08,28.62,05401007,Portillo
2025-09-20,24.46,25.0,05401007,Portillo
2025-09-21,31.04,31.58,05401007,Portillo
2025-09-22,31.38,31.92,05401007,Portillo
2025-09-23,24.62,25.17,05401007,Portillo
2025-09-24,17.38,17.92,05401007,Portillo
2025-09-25,7.67,8.21,05401007,Portillo
2025-09-26,2.92,3.46,05401007,Portillo
2025-09-27,2.54,3.08,05401007,Portillo
2025-09-28,0.33,0.88,05401007,Portillo
2025-09-29,0.41,0.96,05401007,Portillo
2025-09-30,0.38,0.92,05401007,Portillo
2025-10-01,0.46,1.0,05401007,Portillo
2025-10-02,0.38,0.92,05401007,Portillo
2025-10-03,0.33,0.88,05401007,Portillo
2025-10-04,0.21,0.75,05401007,Portillo
2025-10-05,0.11,0.65,05401007,Portillo
2025-10-06,0.37,0.91,05401007,Portillo
2025-10-07,0.33,0.88,05401007,Portillo
2025-10-08,0.33,0.88,05401007,Portillo
2025-10-09,0.38,0.92,05401007,Portillo
2025-10-10,0.12,0.67,05401007,Portillo
2025-10-11,0.0,0.46,05401007,Portillo
2025-10-12,0.25,0.79,05401007,Portillo
2025-10-13,0.33,0.88,05401007,Portillo
2025-10-14,0.32,0.86,05401007,Portillo
2025-10-15,0.17,0.71,05401007,Portillo
2025-10-16,0.2,0.74,05401007,Portillo
2025-10-17,0.29,0.83,05401007,Portillo
2025-10-18,0.38,0.92,05401007,Portillo
2025-10-19,0.25,0.79,05401007,Portillo
2025-10-20,0.33,0.88,05401007,Portillo
2025-10-21,0.17,0.71,05401007,Portillo
2025-10-22,0.2,0.74,05401007,Portillo
2025-10-23,0.33,0.88,05401007,Portillo
2025-10-24,0.21,0.75,05401007,Portillo
2025-10-25,0.25,0.79,05401007,Portillo
2025-10-26,0.25,0.79,05401007,Portillo
2025-10-27,0.12,0.67,05401007,Portillo
2025-10-28,0.29,0.83,05401007,Portillo
2025-10-29,0.08,0.62,05401007,Portillo
2025-10-30,0.15,0.7,05401007,Portillo
2025-10-31,0.25,0.79,05401007,Portillo
2025-11-01,0.12,0.67,05401007,Portillo
2025-11-02,0.17,0.71,05401007,Portillo
2025-11-03,0.08,0.62,05401007,Portillo
2025-11-04,0.15,0.7,05401007,Portillo
2025-11-05,0.07,0.61,05401007,Portillo
2025-11-06,0.63,1.17,05401007,Portillo
2025-11-07,0.88,1.42,05401007,Portillo
2025-11-08,0.21,0.75,05401007,Portillo
2025-11-09,0.17,0.71,05401007,Portillo
2025-11-10,0.17,0.71,05401007,Portillo
2025-11-11,0.04,0.58,05401007,Portillo
2025-11-12,0.02,0.57,05401007,Portillo
2025-11-13,0.15,0.7,05401007,Portillo
2025-11-14,0.17,0.71,05401007,Portillo
2025-11-15,0.08,0.62,05401007,Portillo
2025-11-16,0.0,0.54,05401007,Portillo
2025-11-17,0.28,0.82,05401007,Portillo
2025-11-18,0.24,0.78,05401007,Portillo
2025-11-19,0.23,0.77,05401007,Portillo
2025-11-20,0.2,0.74,05401007,Portillo
2025-11-21,0.41,0.96,05401007,Portillo
2025-11-22,0.58,1.12,05401007,Portillo
2025-11-23,0.5,1.04,05401007,Portillo
2025-11-24,0.38,0.92,05401007,Portillo
2025-11-25,0.67,1.21,05401007,Portillo
2025-11-26,0.38,0.92,05401007,Portillo
2025-11-27,,2.54,05401007,Portillo
2025-11-28,0.42,0.96,05401007,Portillo
2025-11-29,0.0,0.38,05401007,Portillo
2025-11-30,0.12,0.67,05401007,Portillo
2025-12-01,0.29,0.83,05401007,Portillo
2025-12-02,0.12,0.67,05401007,Portillo
2025-12-03,0.12,0.67,05401007,Portillo
2025-12-04,0.17,0.71,05401007,Portillo
2025-12-05,0.08,0.62,05401007,Portillo
2025-12-06,0.33,0.88,05401007,Portillo
2025-12-07,0.15,0.7,05401007,Portillo
2025-12-08,0.07,0.61,05401007,Portillo
2025-12-09,0.04,0.58,05401007,Portillo
2025-12-10,0.12,0.67,05401007,Portillo
2025-12-11,0.0,0.54,05401007,Portillo
2025-12-12,0.0,0.5,05401007,Portillo
2025-12-13,0.17,0.71,05401007,Portillo
2025-12-14,0.12,0.67,05401007,Portillo
2025-12-15,0.17,0.71,05401007,Portillo
2025-12-16,0.33,0.88,05401007,Portillo
2025-12-17,0.12,0.67,05401007,Portillo
2025-12-18,0.38,0.92,05401007,Portillo
2025-12-19,0.38,0.92,05401007,Portillo
2025-12-20,0.04,0.58,05401007,Portillo
2025-12-21,0.25,0.79,05401007,Portillo
2025-12-22,0.33,0.88,05401007,Portillo
2025-12-23,0.38,0.92,05401007,Portillo
2025-12-24,0.12,0.67,05401007,Portillo
2025-12-25,0.33,0.88,05401007,Portillo
2025-12-26,0.21,0.75,05401007,Portillo
2025-12-27,0.25,0.79,05401007,Portillo
2025-12-28,0.08,0.62,05401007,Portillo
2025-12-29,0.63,1.17,05401007,Portillo
2025-12-30,0.17,0.71,05401007,Portillo
2025-12-31,0.0,0.5,05401007,Portillo
2026-01-01,0.42,0.42,05401007,Portillo
2026-01-02,0.21,0.21,05401007,Portillo
2026-01-03,0.33,0.33,05401007,Portillo
2026-01-04,0.25,0.25,05401007,Portillo
2026-01-05,0.04,0.04,05401007,Portillo
2026-01-06,0.21,0.21,05401007,Portillo
2026-01-07,0.25,0.25,05401007,Portillo
2026-01-08,0.42,0.42,05401007,Portillo
2026-01-09,0.21,0.21,05401007,Portillo
2026-01-10,0.17,0.17,05401007,Portillo
2026-01-11,0.21,0.21,05401007,Portillo
2026-01-12,0.08,0.08,05401007,Portillo
2026-01-13,0.08,0.08,05401007,Portillo
2026-01-14,0.08,0.08,05401007,Portillo
2026-01-15,0.13,0.13,05401007,Portillo
2026-01-16,0.24,0.24,05401007,Portillo
2026-01-17,0.13,0.13,05401007,Portillo
2026-01-18,0.25,0.25,05401007,Portillo
2026-01-19,0.25,0.25,05401007,Portillo
2026-01-20,0.17,0.17,05401007,Portillo
2026-01-21,0.21,0.21,05401007,Portillo
2026-01-22,0.13,0.13,05401007,Portillo
2026-01-23,0.21,0.21,05401007,Portillo
2026-01-24,0.25,0.25,05401007,Portillo
2026-01-25,0.28,0.28,05401007,Portillo
2026-01-26,0.25,0.25,05401007,Portillo
2026-01-27,0.63,0.63,05401007,Portillo
2026-01-28,0.33,0.33,05401007,Portillo
2026-01-29,0.42,0.42,05401007,Portillo
2026-01-30,0.5,0.5,05401007,Portillo
2026-01-31,0.46,0.46,05401007,Portillo
2026-02-01,0.33,0.33,05401007,Portillo
2026-02-02,0.28,0.28,05401007,Portillo
2026-02-03,0.42,0.42,05401007,Portillo
2026-02-04,0.28,0.28,05401007,Portillo
2026-02-05,0.28,0.28,05401007,Portillo
2026-02-06,,,05401007,Portillo
2026-02-07,0.0,0.0,05401007,Portillo
2026-02-08,0.21,0.21,05401007,Portillo
2026-02-09,0.13,0.13,05401007,Portillo
2026-02-10,0.09,0.09,05401007,Portillo
2026-02-11,0.0,0.0,05401007,Portillo
2026-02-12,0.0,0.0,05401007,Portillo
2026-02-13,0.08,0.08,05401007,Portillo
2026-02-14,0.08,0.08,05401007,Portillo
2026-02-15,0.11,0.11,05401007,Portillo
2026-02-16,0.11,0.11,05401007,Portillo
2026-02-17,0.22,0.22,05401007,Portillo
2026-02-18,0.05,0.05,05401007,Portillo
2026-02-19,0.28,0.28,05401007,Portillo
2026-02-20,0.13,0.13,05401007,Portillo
2026-02-21,0.25,0.25,05401007,Portillo
2026-02-22,0.13,0.13,05401007,Portillo
2026-02-23,0.21,0.21,05401007,Portillo
2026-02-24,0.2,0.2,05401007,Portillo
2026-02-25,0.19,0.19,05401007,Portillo
2026-02-26,0.02,0.02,05401007,Portillo
2026-02-27,0.0,0.0,05401007,Portillo
2026-02-28,0.13,0.13,05401007,Portillo
2026-03-01,0.21,0.21,05401007,Portillo
2026-03-02,0.13,0.13,05401007,Portillo
2026-03-03,0.17,0.17,05401007,Portillo
2026-03-04,0.21,0.21,05401007,Portillo
2026-03-05,0.25,0.25,05401007,Portillo
2026-03-06,0.21,0.21,05401007,Portillo
2026-03-07,0.08,0.08,05401007,Portillo
2026-03-08,0.04,0.04,05401007,Portillo
2026-03-09,0.15,0.15,05401007,Portillo
2026-03-10,0.13,0.13,05401007,Portillo
2026-03-11,0.28,0.28,05401007,Portillo
2026-03-12,0.21,0.21,05401007,Portillo
2026-03-13,0.25,0.25,05401007,Portillo
2026-03-14,0.25,0.25,05401007,Portillo
2026-03-15,0.25,0.25,05401007,Portillo
2026-03-16,0.13,0.13,05401007,Portillo
2026-03-17,0.04,0.04,05401007,Portillo
2026-03-18,0.25,0.25,05401007,Portillo
2026-03-19,0.17,0.17,05401007,Portillo
2026-03-20,0.29,0.29,05401007,Portillo
2026-03-21,0.89,0.89,05401007,Portillo
2026-03-22,0.71,0.71,05401007,Portillo
2026-03-23,0.88,0.88,05401007,Portillo
2026-03-24,0.29,0.29,05401007,Portillo
2026-03-25,0.29,0.29,05401007,Portillo
2026-03-26,0.38,0.38,05401007,Portillo
2026-03-27,0.42,0.42,05401007,Portillo
2026-03-28,0.04,0.04,05401007,Portillo
2026-03-29,0.0,0.0,05401007,Portillo
2026-03-30,0.08,0.08,05401007,Portillo
2026-03-31,0.04,0.04,05401007,Portillo
2026-04-01,0.0,0.0,05401007,Portillo
2026-04-02,0.13,0.13,05401007,Portillo
2026-04-03,0.04,0.04,05401007,Portillo
2026-04-04,0.0,0.0,05401007,Portillo
2026-04-05,0.0,0.0,05401007,Portillo
2026-04-06,0.17,0.17,05401007,Portillo
2026-04-07,0.21,0.21,05401007,Portillo
2026-04-08,0.0,0.0,05401007,Portillo
2026-04-09,0.0,0.0,05401007,Portillo
2026-04-10,0.08,0.08,05401007,Portillo
2026-04-11,0.08,0.08,05401007,Portillo
2026-04-12,0.0,0.0,05401007,Portillo
2026-04-13,0.0,0.0,05401007,Portillo
2026-04-14,0.08,0.08,05401007,Portillo
2026-04-15,0.0,0.0,05401007,Portillo
2026-04-16,0.0,0.0,05401007,Portillo
2026-04-17,0.0,0.0,05401007,Portillo
2026-04-18,0.0,0.0,05401007,Portillo
2026-04-19,0.0,0.0,05401007,Portillo
2026-04-20,0.0,0.0,05401007,Portillo
2026-04-21,0.0,0.0,05401007,Portillo
2026-04-22,0.04,0.04,05401007,Portillo
2026-04-23,0.08,0.08,05401007,Portillo
2026-04-24,0.0,0.0,05401007,Portillo
2026-04-25,0.04,0.04,05401007,Portillo
2026-04-26,0.0,0.0,05401007,Portillo
2026-04-27,0.04,0.04,05401007,Portillo
2026-04-28,0.21,0.21,05401007,Portillo
2026-04-29,0.17,0.17,05401007,Portillo
2026-04-30,0.0,0.0,05401007,Portillo
2026-05-01,0.0,0.0,05401007,Portillo
2026-05-02,0.04,0.04,05401007,Portillo
2026-05-03,0.0,0.0,05401007,Portillo
2026-05-04,0.0,0.0,05401007,Portillo
2026-05-05,0.0,0.0,05401007,Portillo
2026-05-06,0.0,0.0,05401007,Portillo
2026-05-07,4.83,4.83,05401007,Portillo
2026-05-08,4.54,4.54,05401007,Portillo
2026-05-09,3.71,3.71,05401007,Portillo
2026-05-10,1.71,1.71,05401007,Portillo
2026-05-11,0.21,0.21,05401007,Portillo
2026-05-12,0.25,0.25,05401007,Portillo
2026-05-13,0.08,0.08,05401007,Portillo
2026-05-14,0.12,0.12,05401007,Portillo
2026-05-15,0.08,0.08,05401007,Portillo
2026-05-16,0.12,0.12,05401007,Portillo
2026-05-17,0.42,0.42,05401007,Portillo
2026-05-18,0.29,0.29,05401007,Portillo
2026-05-19,0.29,0.29,05401007,Portillo
2026-05-20,0.54,0.54,05401007,Portillo
2026-05-21,0.54,0.54,05401007,Portillo
2026-05-22,0.21,0.21,05401007,Portillo
2026-05-23,0.21,0.21,05401007,Portillo
2026-05-24,0.08,0.08,05401007,Portillo
2026-05-25,0.25,0.25,05401007,Portillo
2026-05-26,0.21,0.21,05401007,Portillo
2026-05-27,0.21,0.21,05401007,Portillo
2026-05-28,0.08,0.08,05401007,Portillo
2026-05-29,0.21,0.21,05401007,Portillo
2026-05-30,0.25,0.25,05401007,Portillo
2026-05-31,0.21,0.21,05401007,Portillo
2026-06-01,0.08,0.08,05401007,Portillo
2026-06-02,0.08,0.08,05401007,Portillo
2026-06-03,0.08,0.08,05401007,Portillo
2026-06-04,0.21,0.21,05401007,Portillo
2026-06-05,0.12,0.12,05401007,Portillo
2026-06-06,0.08,0.08,05401007,Portillo
2026-06-07,0.25,0.25,05401007,Portillo
2026-06-08,0.25,0.25,05401007,Portillo
2026-06-09,0.0,0.0,05401007,Portillo
2026-06-10,18.96,18.96,05401007,Portillo
2026-06-11,27.12,27.12,05401007,Portillo
2026-06-12,22.33,22.33,05401007,Portillo
2026-06-13,19.46,19.46,05401007,Portillo
2026-06-14,17.67,17.67,05401007,Portillo
2026-06-15,15.83,15.83,05401007,Portillo
2026-06-16,13.42,13.42,05401007,Portillo
2026-06-17,11.83,11.83,05401007,Portillo
2026-06-18,13.29,13.29,05401007,Portillo
2026-06-19,14.04,14.04,05401007,Portillo
2026-06-20,11.54,11.54,05401007,Portillo
2026-06-21,11.0,11.0,05401007,Portillo
2026-06-22,12.17,12.17,05401007,Portillo
2026-06-23,12.17,12.17,05401007,Portillo
2026-06-24,12.62,12.62,05401007,Portillo
2026-06-25,13.17,13.17,05401007,Portillo
2026-06-26,12.67,12.67,05401007,Portillo
2026-06-27,11.42,11.42,05401007,Portillo
2026-06-28,10.29,10.29,05401007,Portillo
2026-06-29,9.92,9.92,05401007,Portillo
2026-06-30,9.67,9.67,05401007,Portillo
2026-07-01,9.71,9.71,05401007,Portillo
2026-07-02,9.33,9.33,05401007,Portillo
2026-07-03,9.04,9.04,05401007,Portillo
2026-07-04,8.83,8.83,05401007,Portillo
2026-07-05,9.79,9.79,05401007,Portillo
2026-07-06,9.25,9.25,05401007,Portillo
2026-07-07,8.67,8.67,05401007,Portillo
2026-07-08,7.62,7.62,05401007,Portillo
2026-07-09,7.0,7.0,05401007,Portillo
2026-07-10,12.79,12.79,05401007,Portillo
2026-07-11,17.83,17.83,05401007,Portillo
2026-07-12,16.62,16.62,05401007,Portillo
2026-07-13,15.71,15.71,05401007,Portillo
2026-07-14,15.04,15.04,05401007,Portillo
2026-07-15,20.36,20.36,05401007,Portillo
2026-07-16,41.42,41.42,05401007,Portillo
2026-07-17,120.92,120.92,05401007,Portillo
2026-07-18,201.0,201.0,05401007,Portillo
2026-07-19,193.29,193.29,05401007,Portillo
2026-07-20,212.5,212.5,05401007,Portillo
2026-07-21,222.08,222.08,05401007,Portillo
2026-07-22,211.83,211.83,05401007,Portillo
2026-07-23,224.79,224.79,05401007,Portillo
2026-07-24,217.17,217.17,05401007,Portillo
2026-07-25,227.67,227.67,05401007,Portillo
2026-07-26,224.79,224.79,05401007,Portillo
2026-07-27,218.08,218.08,05401007,Portillo
2026-07-28,214.88,214.88,05401007,Portillo
2026-07-29,217.79,217.79,05401007,Portillo
2026-07-30,216.71,216.71,05401007,Portillo
2026-07-31,211.08,211.08,05401007,Portillo
2026-08-01,234.792,234.792,05401007,Portillo
2026-08-02,251.208,251.208,05401007,Portillo
2026-08-03,248.333,248.333,05401007,Portillo
2026-08-04,242.458,242.458,05401007,Portillo
2026-08-05,236.333,236.333,05401007,Portillo
2026-08-06,242.417,242.417,05401007,Portillo
2026-08-07,240.125,240.125,05401007,Portillo
2026-08-08,235.375,235.375,05401007,Portillo
2026-08-09,228.875,228.875,05401007,Portillo
2026-08-10,224.75,224.75,05401007,Portillo
2026-08-11,223.75,223.75,05401007,Portillo
2026-08-12,228.0,228.0,05401007,Portillo
2026-08-13,227.792,227.792,05401007,Portillo
2026-08-14,238.625,238.625,05401007,Portillo
2026-08-15,257.667,257.667,05401007,Portillo
2026-08-16,267.042,267.042,05401007,Portillo
2026-08-17,268.25,268.25,05401007,Portillo
2026-08-18,259.375,259.375,05401007,Portillo
2026-08-19,252.458,252.458,05401007,Portillo
2026-08-20,245.458,245.458,05401007,Portillo
2026-08-21,238.0,238.0,05401007,Portillo
2026-08-22,230.417,230.417,05401007,Portillo
2026-08-23,224.333,224.333,05401007,Portillo
2026-08-24,218.417,218.417,05401007,Portillo
2026-08-25,231.583,231.583,05401007,Portillo
2026-08-26,267.0,267.0,05401007,Portillo
2026-08-27,280.75,280.75,05401007,Portillo
2026-08-28,284.5,284.5,05401007,Portillo
2026-08-29,273.167,273.167,05401007,Portillo
2026-08-30,268.875,268.875,05401007,Portillo
2026-08-31,272.667,272.667,05401007,Portillo
