date,SD_mean_clean,SD_mean_raw,station_id,station_name
2015-02-20,,342.5,04520006,Quebrada Larga
2015-02-21,,,04520006,Quebrada Larga
2015-02-22,,,04520006,Quebrada Larga
2015-02-23,,,04520006,Quebrada Larga
2015-02-24,,,04520006,Quebrada Larga
2015-02-25,,,04520006,Quebrada Larga
2015-02-26,,,04520006,Quebrada Larga
2015-02-27,,,04520006,Quebrada Larga
2015-02-28,,,04520006,Quebrada Larga
2015-03-01,,,04520006,Quebrada Larga
2015-03-02,,,04520006,Quebrada Larga
2015-03-03,,,04520006,Quebrada Larga
2015-03-04,,,04520006,Quebrada Larga
2015-03-05,,,04520006,Quebrada Larga
2015-03-06,,,04520006,Quebrada Larga
2015-03-07,0.0,-2.0,04520006,Quebrada Larga
2015-03-08,0.0,-1.67,04520006,Quebrada Larga
2015-03-09,0.0,-1.48,04520006,Quebrada Larga
2015-03-10,0.0,-1.27,04520006,Quebrada Larga
2015-03-11,0.0,-1.65,04520006,Quebrada Larga
2015-03-12,0.0,-1.48,04520006,Quebrada Larga
2015-03-13,0.1,-0.86,04520006,Quebrada Larga
2015-03-14,0.37,-0.71,04520006,Quebrada Larga
2015-03-15,0.0,-1.0,04520006,Quebrada Larga
2015-03-16,0.0,-1.18,04520006,Quebrada Larga
2015-03-17,0.0,-1.3,04520006,Quebrada Larga
2015-03-18,0.02,-0.73,04520006,Quebrada Larga
2015-03-19,0.0,-0.9,04520006,Quebrada Larga
2015-03-20,0.0,-0.86,04520006,Quebrada Larga
2015-03-21,0.0,-1.14,04520006,Quebrada Larga
2015-03-22,0.55,-0.27,04520006,Quebrada Larga
2015-03-23,0.23,-0.78,04520006,Quebrada Larga
2015-03-24,7.83,7.29,04520006,Quebrada Larga
2015-03-25,28.05,28.77,04520006,Quebrada Larga
2015-03-26,26.21,25.67,04520006,Quebrada Larga
2015-03-27,16.95,16.4,04520006,Quebrada Larga
2015-03-28,11.8,11.25,04520006,Quebrada Larga
2015-03-29,7.0,6.45,04520006,Quebrada Larga
2015-03-30,2.55,2.0,04520006,Quebrada Larga
2015-03-31,0.0,-0.55,04520006,Quebrada Larga
2015-04-01,0.0,-1.48,04520006,Quebrada Larga
2015-04-02,0.0,-1.43,04520006,Quebrada Larga
2015-04-03,0.0,-1.29,04520006,Quebrada Larga
2015-04-04,0.0,-1.17,04520006,Quebrada Larga
2015-04-05,,-0.91,04520006,Quebrada Larga
2015-04-06,0.0,-1.29,04520006,Quebrada Larga
2015-04-07,0.0,-1.21,04520006,Quebrada Larga
2015-04-08,0.0,-1.04,04520006,Quebrada Larga
2015-04-09,0.0,-1.29,04520006,Quebrada Larga
2015-04-10,0.0,-1.17,04520006,Quebrada Larga
2015-04-11,0.0,-1.75,04520006,Quebrada Larga
2015-04-12,0.0,-1.43,04520006,Quebrada Larga
2015-04-13,0.0,-0.87,04520006,Quebrada Larga
2015-04-14,0.0,-0.78,04520006,Quebrada Larga
2015-04-15,0.0,-0.79,04520006,Quebrada Larga
2015-04-16,0.13,-0.42,04520006,Quebrada Larga
2015-04-17,0.26,-0.29,04520006,Quebrada Larga
2015-04-18,0.0,-0.65,04520006,Quebrada Larga
2015-04-19,0.11,-0.54,04520006,Quebrada Larga
2015-04-20,0.11,-0.58,04520006,Quebrada Larga
2015-04-21,0.02,-0.52,04520006,Quebrada Larga
2015-04-22,0.0,-0.78,04520006,Quebrada Larga
2015-04-23,0.0,-0.96,04520006,Quebrada Larga
2015-04-24,0.0,-0.83,04520006,Quebrada Larga
2015-04-25,0.0,-1.17,04520006,Quebrada Larga
2015-04-26,0.0,-1.22,04520006,Quebrada Larga
2015-04-27,0.0,-1.04,04520006,Quebrada Larga
2015-04-28,0.29,-0.92,04520006,Quebrada Larga
2015-04-29,0.0,-1.21,04520006,Quebrada Larga
2015-04-30,0.38,-0.83,04520006,Quebrada Larga
2015-05-01,0.92,-0.63,04520006,Quebrada Larga
2015-05-02,0.99,-0.22,04520006,Quebrada Larga
2015-05-03,1.21,-0.59,04520006,Quebrada Larga
2015-05-04,0.89,-0.54,04520006,Quebrada Larga
2015-05-05,0.63,-0.58,04520006,Quebrada Larga
2015-05-06,0.86,-0.46,04520006,Quebrada Larga
2015-05-07,0.54,-0.67,04520006,Quebrada Larga
2015-05-08,0.6,-0.71,04520006,Quebrada Larga
2015-05-09,0.12,-1.09,04520006,Quebrada Larga
2015-05-10,0.29,-0.92,04520006,Quebrada Larga
2015-05-11,0.01,-1.17,04520006,Quebrada Larga
2015-05-12,0.37,-0.83,04520006,Quebrada Larga
2015-05-13,0.56,-0.65,04520006,Quebrada Larga
2015-05-14,0.42,-0.79,04520006,Quebrada Larga
2015-05-15,0.42,-0.79,04520006,Quebrada Larga
2015-05-16,0.08,-1.12,04520006,Quebrada Larga
2015-05-17,0.12,-1.08,04520006,Quebrada Larga
2015-05-18,0.04,-1.17,04520006,Quebrada Larga
2015-05-19,0.12,-1.08,04520006,Quebrada Larga
2015-05-20,0.0,-1.33,04520006,Quebrada Larga
2015-05-21,0.08,-1.13,04520006,Quebrada Larga
2015-05-22,0.57,-0.83,04520006,Quebrada Larga
2015-05-23,0.54,-0.67,04520006,Quebrada Larga
2015-05-24,0.46,-0.75,04520006,Quebrada Larga
2015-05-25,0.0,-0.75,04520006,Quebrada Larga
2015-05-26,0.05,-0.83,04520006,Quebrada Larga
2015-05-27,0.0,-0.78,04520006,Quebrada Larga
2015-05-28,0.0,-1.0,04520006,Quebrada Larga
2015-05-29,0.0,-0.87,04520006,Quebrada Larga
2015-05-30,0.14,-0.79,04520006,Quebrada Larga
2015-05-31,0.14,-0.48,04520006,Quebrada Larga
2015-06-01,0.0,-0.96,04520006,Quebrada Larga
2015-06-02,0.0,-0.83,04520006,Quebrada Larga
2015-06-03,0.0,-0.96,04520006,Quebrada Larga
2015-06-04,0.02,-0.71,04520006,Quebrada Larga
2015-06-05,0.0,-0.75,04520006,Quebrada Larga
2015-06-06,0.1,-0.62,04520006,Quebrada Larga
2015-06-07,0.14,-0.79,04520006,Quebrada Larga
2015-06-08,0.16,-0.67,04520006,Quebrada Larga
2015-06-09,0.0,-0.79,04520006,Quebrada Larga
2015-06-10,0.1,-0.62,04520006,Quebrada Larga
2015-06-11,0.0,-0.76,04520006,Quebrada Larga
2015-06-12,0.41,-0.43,04520006,Quebrada Larga
2015-06-13,0.16,-0.57,04520006,Quebrada Larga
2015-06-14,0.73,0.0,04520006,Quebrada Larga
2015-06-15,0.68,-0.05,04520006,Quebrada Larga
2015-06-16,0.47,-0.26,04520006,Quebrada Larga
2015-06-17,0.49,-0.26,04520006,Quebrada Larga
2015-06-18,0.14,-0.59,04520006,Quebrada Larga
2015-06-19,0.0,-0.83,04520006,Quebrada Larga
2015-06-20,0.0,-0.92,04520006,Quebrada Larga
2015-06-21,0.0,-0.83,04520006,Quebrada Larga
2015-06-22,0.14,-0.79,04520006,Quebrada Larga
2015-06-23,0.0,-1.04,04520006,Quebrada Larga
2015-06-24,0.0,-1.12,04520006,Quebrada Larga
2015-06-25,0.0,-0.79,04520006,Quebrada Larga
2015-06-26,0.02,-0.71,04520006,Quebrada Larga
2015-06-27,0.15,-0.58,04520006,Quebrada Larga
2015-06-28,0.0,-0.96,04520006,Quebrada Larga
2015-06-29,0.23,-0.5,04520006,Quebrada Larga
2015-06-30,0.03,-0.7,04520006,Quebrada Larga
2015-07-01,0.29,-0.33,04520006,Quebrada Larga
2015-07-02,0.44,-0.41,04520006,Quebrada Larga
2015-07-03,0.32,-0.41,04520006,Quebrada Larga
2015-07-04,0.15,-0.58,04520006,Quebrada Larga
2015-07-05,0.0,-0.83,04520006,Quebrada Larga
2015-07-06,0.0,-1.04,04520006,Quebrada Larga
2015-07-07,,4.583333333333333e+37,04520006,Quebrada Larga
2015-07-08,0.1,-0.63,04520006,Quebrada Larga
2015-07-09,0.0,-1.21,04520006,Quebrada Larga
2015-07-10,0.0,-0.96,04520006,Quebrada Larga
2015-07-11,0.0,-0.92,04520006,Quebrada Larga
2015-07-12,26.1,25.37,04520006,Quebrada Larga
2015-07-13,59.56,58.83,04520006,Quebrada Larga
2015-07-14,47.82,47.09,04520006,Quebrada Larga
2015-07-15,39.46,38.73,04520006,Quebrada Larga
2015-07-16,26.64,25.91,04520006,Quebrada Larga
2015-07-17,24.08,23.35,04520006,Quebrada Larga
2015-07-18,23.1,22.37,04520006,Quebrada Larga
2015-07-19,21.48,20.75,04520006,Quebrada Larga
2015-07-20,18.68,17.95,04520006,Quebrada Larga
2015-07-21,17.86,17.29,04520006,Quebrada Larga
2015-07-22,18.25,17.25,04520006,Quebrada Larga
2015-07-23,17.6,16.87,04520006,Quebrada Larga
2015-07-24,16.77,16.04,04520006,Quebrada Larga
2015-07-25,16.29,15.57,04520006,Quebrada Larga
2015-07-26,16.51,15.58,04520006,Quebrada Larga
2015-07-27,16.65,15.92,04520006,Quebrada Larga
2015-07-28,13.56,12.83,04520006,Quebrada Larga
2015-07-29,12.94,12.21,04520006,Quebrada Larga
2015-07-30,12.44,11.5,04520006,Quebrada Larga
2015-07-31,11.38,10.65,04520006,Quebrada Larga
2015-08-01,10.19,9.46,04520006,Quebrada Larga
2015-08-02,11.35,10.62,04520006,Quebrada Larga
2015-08-03,10.77,10.04,04520006,Quebrada Larga
2015-08-04,9.32,8.59,04520006,Quebrada Larga
2015-08-05,13.77,13.04,04520006,Quebrada Larga
2015-08-06,35.44,34.71,04520006,Quebrada Larga
2015-08-07,49.69,48.96,04520006,Quebrada Larga
2015-08-08,62.94,62.21,04520006,Quebrada Larga
2015-08-09,95.1,94.37,04520006,Quebrada Larga
2015-08-10,99.44,98.71,04520006,Quebrada Larga
2015-08-11,120.4,119.67,04520006,Quebrada Larga
2015-08-12,133.65,132.92,04520006,Quebrada Larga
2015-08-13,130.64,129.91,04520006,Quebrada Larga
2015-08-14,117.9,117.17,04520006,Quebrada Larga
2015-08-15,110.77,110.04,04520006,Quebrada Larga
2015-08-16,107.17,106.62,04520006,Quebrada Larga
2015-08-17,103.82,103.09,04520006,Quebrada Larga
2015-08-18,99.23,98.5,04520006,Quebrada Larga
2015-08-19,96.56,95.83,04520006,Quebrada Larga
2015-08-20,97.94,97.21,04520006,Quebrada Larga
2015-08-21,95.94,95.21,04520006,Quebrada Larga
2015-08-22,101.48,100.75,04520006,Quebrada Larga
2015-08-23,101.85,101.12,04520006,Quebrada Larga
2015-08-24,98.85,98.12,04520006,Quebrada Larga
2015-08-25,97.9,97.17,04520006,Quebrada Larga
2015-08-26,96.21,95.48,04520006,Quebrada Larga
2015-08-27,94.02,93.29,04520006,Quebrada Larga
2015-08-28,92.15,91.42,04520006,Quebrada Larga
2015-08-29,89.73,89.0,04520006,Quebrada Larga
2015-08-30,86.69,85.96,04520006,Quebrada Larga
2015-08-31,82.9,82.17,04520006,Quebrada Larga
2015-09-01,79.77,79.04,04520006,Quebrada Larga
2015-09-02,77.16,76.13,04520006,Quebrada Larga
2015-09-03,75.69,74.96,04520006,Quebrada Larga
2015-09-04,74.1,73.38,04520006,Quebrada Larga
2015-09-05,72.44,71.71,04520006,Quebrada Larga
2015-09-06,72.4,71.67,04520006,Quebrada Larga
2015-09-07,70.19,69.46,04520006,Quebrada Larga
2015-09-08,70.52,69.79,04520006,Quebrada Larga
2015-09-09,73.86,87.25,04520006,Quebrada Larga
2015-09-10,81.4,80.67,04520006,Quebrada Larga
2015-09-11,81.73,81.0,04520006,Quebrada Larga
2015-09-12,77.69,76.96,04520006,Quebrada Larga
2015-09-13,77.35,76.62,04520006,Quebrada Larga
2015-09-14,76.94,76.21,04520006,Quebrada Larga
2015-09-15,76.56,75.83,04520006,Quebrada Larga
2015-09-16,76.23,75.5,04520006,Quebrada Larga
2015-09-17,75.56,74.83,04520006,Quebrada Larga
2015-09-18,75.35,74.63,04520006,Quebrada Larga
2015-09-19,74.44,73.71,04520006,Quebrada Larga
2015-09-20,72.23,71.5,04520006,Quebrada Larga
2015-09-21,69.81,69.08,04520006,Quebrada Larga
2015-09-22,69.31,68.58,04520006,Quebrada Larga
2015-09-23,69.6,68.88,04520006,Quebrada Larga
2015-09-24,69.98,69.25,04520006,Quebrada Larga
2015-09-25,68.38,67.65,04520006,Quebrada Larga
2015-09-26,68.69,67.79,04520006,Quebrada Larga
2015-09-27,66.98,66.25,04520006,Quebrada Larga
2015-09-28,65.77,65.05,04520006,Quebrada Larga
2015-09-29,64.51,63.78,04520006,Quebrada Larga
2015-09-30,,61.75,04520006,Quebrada Larga
2015-10-01,65.69,64.96,04520006,Quebrada Larga
2015-10-02,63.16,62.43,04520006,Quebrada Larga
2015-10-03,61.02,60.29,04520006,Quebrada Larga
2015-10-04,61.06,60.33,04520006,Quebrada Larga
2015-10-05,59.6,58.88,04520006,Quebrada Larga
2015-10-06,59.27,58.54,04520006,Quebrada Larga
2015-10-07,58.31,57.58,04520006,Quebrada Larga
2015-10-08,58.19,57.46,04520006,Quebrada Larga
2015-10-09,57.77,57.04,04520006,Quebrada Larga
2015-10-10,57.1,56.38,04520006,Quebrada Larga
2015-10-11,55.98,55.25,04520006,Quebrada Larga
2015-10-12,55.6,54.88,04520006,Quebrada Larga
2015-10-13,51.6,50.88,04520006,Quebrada Larga
2015-10-14,69.73,69.0,04520006,Quebrada Larga
2015-10-15,88.35,87.17,04520006,Quebrada Larga
2015-10-16,82.16,81.43,04520006,Quebrada Larga
2015-10-17,76.95,76.22,04520006,Quebrada Larga
2015-10-18,73.69,72.96,04520006,Quebrada Larga
2015-10-19,76.25,75.52,04520006,Quebrada Larga
2015-10-20,74.34,73.61,04520006,Quebrada Larga
2015-10-21,72.94,72.21,04520006,Quebrada Larga
2015-10-22,71.21,70.48,04520006,Quebrada Larga
2015-10-23,68.31,67.58,04520006,Quebrada Larga
2015-10-24,65.44,64.71,04520006,Quebrada Larga
2015-10-25,62.69,61.96,04520006,Quebrada Larga
2015-10-26,61.77,60.79,04520006,Quebrada Larga
2015-10-27,58.9,58.17,04520006,Quebrada Larga
2015-10-28,55.81,55.08,04520006,Quebrada Larga
2015-10-29,54.02,53.29,04520006,Quebrada Larga
2015-10-30,52.9,52.17,04520006,Quebrada Larga
2015-10-31,49.94,49.21,04520006,Quebrada Larga
2015-11-01,49.08,48.35,04520006,Quebrada Larga
2015-11-02,47.5,46.77,04520006,Quebrada Larga
2015-11-03,44.85,44.12,04520006,Quebrada Larga
2015-11-04,42.73,42.0,04520006,Quebrada Larga
2015-11-05,42.1,41.37,04520006,Quebrada Larga
2015-11-06,41.1,40.37,04520006,Quebrada Larga
2015-11-07,38.85,38.12,04520006,Quebrada Larga
2015-11-08,35.81,35.08,04520006,Quebrada Larga
2015-11-09,33.19,32.46,04520006,Quebrada Larga
2015-11-10,29.94,29.21,04520006,Quebrada Larga
2015-11-11,28.4,27.67,04520006,Quebrada Larga
2015-11-12,26.41,25.29,04520006,Quebrada Larga
2015-11-13,23.44,22.71,04520006,Quebrada Larga
2015-11-14,19.6,18.87,04520006,Quebrada Larga
2015-11-15,15.52,14.79,04520006,Quebrada Larga
2015-11-16,11.65,10.92,04520006,Quebrada Larga
2015-11-17,8.94,8.21,04520006,Quebrada Larga
2015-11-18,9.15,8.42,04520006,Quebrada Larga
2015-11-19,7.98,7.25,04520006,Quebrada Larga
2015-11-20,3.65,2.92,04520006,Quebrada Larga
2015-11-21,0.23,-0.5,04520006,Quebrada Larga
2015-11-22,0.23,-0.5,04520006,Quebrada Larga
2015-11-23,0.23,-0.5,04520006,Quebrada Larga
2015-11-24,0.19,-0.54,04520006,Quebrada Larga
2015-11-25,0.3,-0.65,04520006,Quebrada Larga
2015-11-26,0.38,-0.46,04520006,Quebrada Larga
2015-11-27,0.0,-0.75,04520006,Quebrada Larga
2015-11-28,0.0,-1.04,04520006,Quebrada Larga
2015-11-29,0.0,-0.83,04520006,Quebrada Larga
2015-11-30,0.23,-0.5,04520006,Quebrada Larga
2015-12-01,0.1,-0.63,04520006,Quebrada Larga
2015-12-02,0.0,-1.04,04520006,Quebrada Larga
2015-12-03,0.0,-0.87,04520006,Quebrada Larga
2015-12-04,0.0,-1.08,04520006,Quebrada Larga
2015-12-05,0.0,-1.25,04520006,Quebrada Larga
2015-12-06,0.0,-1.21,04520006,Quebrada Larga
2015-12-07,0.0,-1.62,04520006,Quebrada Larga
2015-12-08,0.0,-1.25,04520006,Quebrada Larga
2015-12-09,0.29,-0.92,04520006,Quebrada Larga
2015-12-10,0.37,-0.83,04520006,Quebrada Larga
2015-12-11,0.59,-0.71,04520006,Quebrada Larga
2015-12-12,0.08,-1.13,04520006,Quebrada Larga
2015-12-13,0.29,-0.92,04520006,Quebrada Larga
2015-12-14,0.43,-0.67,04520006,Quebrada Larga
2015-12-15,0.0,-1.21,04520006,Quebrada Larga
2015-12-16,0.21,-1.0,04520006,Quebrada Larga
2015-12-17,0.25,-1.12,04520006,Quebrada Larga
2015-12-18,0.42,-0.79,04520006,Quebrada Larga
2015-12-19,0.37,-0.83,04520006,Quebrada Larga
2015-12-20,0.12,-1.08,04520006,Quebrada Larga
2015-12-21,0.0,-1.21,04520006,Quebrada Larga
2015-12-22,0.0,-1.22,04520006,Quebrada Larga
2015-12-23,0.25,-0.96,04520006,Quebrada Larga
2015-12-24,0.12,-1.08,04520006,Quebrada Larga
2015-12-25,0.0,-1.46,04520006,Quebrada Larga
2015-12-26,0.0,-1.46,04520006,Quebrada Larga
2015-12-27,0.0,-1.75,04520006,Quebrada Larga
2015-12-28,0.0,-2.0,04520006,Quebrada Larga
2015-12-29,0.0,-1.38,04520006,Quebrada Larga
2015-12-30,0.0,-1.67,04520006,Quebrada Larga
2015-12-31,0.0,-1.21,04520006,Quebrada Larga
2016-01-01,0.0,-1.5,04520006,Quebrada Larga
2016-01-02,0.0,-2.04,04520006,Quebrada Larga
2016-01-03,0.0,-1.54,04520006,Quebrada Larga
2016-01-04,0.0,-1.7,04520006,Quebrada Larga
2016-01-05,0.0,-1.61,04520006,Quebrada Larga
2016-01-06,0.0,-1.29,04520006,Quebrada Larga
2016-01-07,0.0,-1.83,04520006,Quebrada Larga
2016-01-08,0.29,-1.33,04520006,Quebrada Larga
2016-01-09,0.14,-1.38,04520006,Quebrada Larga
2016-01-10,0.0,-1.63,04520006,Quebrada Larga
2016-01-11,0.0,-1.58,04520006,Quebrada Larga
2016-01-12,0.41,-1.21,04520006,Quebrada Larga
2016-01-13,0.33,-1.29,04520006,Quebrada Larga
2016-01-14,0.37,-1.54,04520006,Quebrada Larga
2016-01-15,0.49,-1.13,04520006,Quebrada Larga
2016-01-16,0.41,-1.21,04520006,Quebrada Larga
2016-01-17,0.04,-1.58,04520006,Quebrada Larga
2016-01-18,0.0,-2.3,04520006,Quebrada Larga
2016-01-19,0.0,-2.5,04520006,Quebrada Larga
2016-01-20,0.0,-2.0,04520006,Quebrada Larga
2016-01-21,0.0,-2.65,04520006,Quebrada Larga
2016-01-22,0.0,-2.5,04520006,Quebrada Larga
2016-01-23,0.0,-2.42,04520006,Quebrada Larga
2016-01-24,0.16,-1.5,04520006,Quebrada Larga
2016-01-25,0.29,-1.33,04520006,Quebrada Larga
2016-01-26,0.58,-1.04,04520006,Quebrada Larga
2016-01-27,0.0,-1.46,04520006,Quebrada Larga
2016-01-28,0.21,-1.67,04520006,Quebrada Larga
2016-01-29,0.0,-1.83,04520006,Quebrada Larga
2016-01-30,0.23,-1.5,04520006,Quebrada Larga
2016-01-31,0.0,-2.08,04520006,Quebrada Larga
2016-02-01,0.0,-1.75,04520006,Quebrada Larga
2016-02-02,0.0,-1.87,04520006,Quebrada Larga
2016-02-03,0.01,-1.5,04520006,Quebrada Larga
2016-02-04,0.18,-1.54,04520006,Quebrada Larga
2016-02-05,0.0,-1.9,04520006,Quebrada Larga
2016-02-06,0.1,-1.67,04520006,Quebrada Larga
2016-02-07,0.0,-2.04,04520006,Quebrada Larga
2016-02-08,0.0,-2.08,04520006,Quebrada Larga
2016-02-09,0.05,-1.67,04520006,Quebrada Larga
2016-02-10,0.05,-1.75,04520006,Quebrada Larga
2016-02-11,0.0,-2.1,04520006,Quebrada Larga
2016-02-12,0.0,-1.67,04520006,Quebrada Larga
2016-02-13,0.35,-1.43,04520006,Quebrada Larga
2016-02-14,0.26,-1.58,04520006,Quebrada Larga
2016-02-15,0.0,-1.62,04520006,Quebrada Larga
2016-02-16,0.0,-1.83,04520006,Quebrada Larga
2016-02-17,0.29,-1.5,04520006,Quebrada Larga
2016-02-18,0.0,-2.04,04520006,Quebrada Larga
2016-02-19,0.0,-1.62,04520006,Quebrada Larga
2016-02-20,0.0,-2.08,04520006,Quebrada Larga
2016-02-21,0.0,-2.46,04520006,Quebrada Larga
2016-02-22,0.0,-2.37,04520006,Quebrada Larga
2016-02-23,0.0,-2.67,04520006,Quebrada Larga
2016-02-24,0.0,-2.71,04520006,Quebrada Larga
2016-02-25,0.0,-1.75,04520006,Quebrada Larga
2016-02-26,0.49,-1.12,04520006,Quebrada Larga
2016-02-27,0.49,-1.12,04520006,Quebrada Larga
2016-02-28,0.37,-1.25,04520006,Quebrada Larga
2016-02-29,1.05,-0.71,04520006,Quebrada Larga
2016-03-01,0.66,-0.96,04520006,Quebrada Larga
2016-03-02,0.95,-0.67,04520006,Quebrada Larga
2016-03-03,1.23,-0.39,04520006,Quebrada Larga
2016-03-04,1.24,-0.37,04520006,Quebrada Larga
2016-03-05,0.74,-0.87,04520006,Quebrada Larga
2016-03-06,0.62,-1.0,04520006,Quebrada Larga
2016-03-07,0.84,-0.92,04520006,Quebrada Larga
2016-03-08,1.1,-0.92,04520006,Quebrada Larga
2016-03-09,1.26,-0.71,04520006,Quebrada Larga
2016-03-10,0.41,-1.21,04520006,Quebrada Larga
2016-03-11,0.58,-1.04,04520006,Quebrada Larga
2016-03-12,0.79,-0.83,04520006,Quebrada Larga
2016-03-13,0.41,-1.21,04520006,Quebrada Larga
2016-03-14,0.37,-1.25,04520006,Quebrada Larga
2016-03-15,0.54,-1.08,04520006,Quebrada Larga
2016-03-16,,-1.42,04520006,Quebrada Larga
2016-03-17,0.58,-1.04,04520006,Quebrada Larga
2016-03-18,0.74,-0.88,04520006,Quebrada Larga
2016-03-19,0.95,-0.67,04520006,Quebrada Larga
2016-03-20,1.04,-0.58,04520006,Quebrada Larga
2016-03-21,1.33,-0.29,04520006,Quebrada Larga
2016-03-22,1.12,-0.5,04520006,Quebrada Larga
2016-03-23,,-0.33,04520006,Quebrada Larga
2016-03-24,1.29,-0.33,04520006,Quebrada Larga
2016-03-25,1.14,-0.62,04520006,Quebrada Larga
2016-03-26,1.31,-0.42,04520006,Quebrada Larga
2016-03-27,1.38,-0.75,04520006,Quebrada Larga
2016-03-28,1.12,-0.5,04520006,Quebrada Larga
2016-03-29,0.7,-0.92,04520006,Quebrada Larga
2016-03-30,1.0,-0.71,04520006,Quebrada Larga
2016-03-31,1.57,-0.05,04520006,Quebrada Larga
2016-04-01,2.36,0.62,04520006,Quebrada Larga
2016-04-02,2.48,0.62,04520006,Quebrada Larga
2016-04-03,2.24,0.62,04520006,Quebrada Larga
2016-04-04,2.41,0.79,04520006,Quebrada Larga
2016-04-05,2.54,0.48,04520006,Quebrada Larga
2016-04-06,2.37,0.75,04520006,Quebrada Larga
2016-04-07,2.08,0.46,04520006,Quebrada Larga
2016-04-08,2.2,0.58,04520006,Quebrada Larga
2016-04-09,1.99,0.38,04520006,Quebrada Larga
2016-04-10,2.1,0.38,04520006,Quebrada Larga
2016-04-11,2.2,0.58,04520006,Quebrada Larga
2016-04-12,2.2,0.58,04520006,Quebrada Larga
2016-04-13,2.54,0.92,04520006,Quebrada Larga
2016-04-14,2.62,0.71,04520006,Quebrada Larga
2016-04-15,2.45,0.67,04520006,Quebrada Larga
2016-04-16,2.74,1.12,04520006,Quebrada Larga
2016-04-17,2.33,0.71,04520006,Quebrada Larga
2016-04-18,2.84,0.79,04520006,Quebrada Larga
2016-04-19,2.45,0.83,04520006,Quebrada Larga
2016-04-20,2.58,0.96,04520006,Quebrada Larga
2016-04-21,2.45,0.67,04520006,Quebrada Larga
2016-04-22,2.62,1.04,04520006,Quebrada Larga
2016-04-23,3.09,4.1666666666666666e+36,04520006,Quebrada Larga
2016-04-24,3.16,1.58,04520006,Quebrada Larga
2016-04-25,2.85,1.23,04520006,Quebrada Larga
2016-04-26,1.62,0.0,04520006,Quebrada Larga
2016-04-27,2.31,0.54,04520006,Quebrada Larga
2016-04-28,2.27,0.54,04520006,Quebrada Larga
2016-04-29,2.04,0.42,04520006,Quebrada Larga
2016-04-30,2.2,0.58,04520006,Quebrada Larga
2016-05-01,2.62,1.0,04520006,Quebrada Larga
2016-05-02,2.39,0.54,04520006,Quebrada Larga
2016-05-03,2.2,0.58,04520006,Quebrada Larga
2016-05-04,2.18,0.46,04520006,Quebrada Larga
2016-05-05,2.62,1.04,04520006,Quebrada Larga
2016-05-06,2.83,1.21,04520006,Quebrada Larga
2016-05-07,2.53,0.79,04520006,Quebrada Larga
2016-05-08,2.91,1.29,04520006,Quebrada Larga
2016-05-09,2.92,1.21,04520006,Quebrada Larga
2016-05-10,2.54,0.92,04520006,Quebrada Larga
2016-05-11,2.71,8.333333333333333e+36,04520006,Quebrada Larga
2016-05-12,2.45,0.83,04520006,Quebrada Larga
2016-05-13,2.2,0.58,04520006,Quebrada Larga
2016-05-14,3.16,1.25e+37,04520006,Quebrada Larga
2016-05-15,,3.54,04520006,Quebrada Larga
2016-05-16,2.45,0.83,04520006,Quebrada Larga
2016-05-17,2.35,0.42,04520006,Quebrada Larga
2016-05-18,2.49,0.88,04520006,Quebrada Larga
2016-05-19,2.62,1.0,04520006,Quebrada Larga
2016-05-20,0.0,0.5,04520006,Quebrada Larga
2016-05-21,0.13,0.83,04520006,Quebrada Larga
2016-05-22,0.0,0.5,04520006,Quebrada Larga
2016-05-23,0.0,0.54,04520006,Quebrada Larga
2016-05-24,0.0,0.58,04520006,Quebrada Larga
2016-05-25,0.17,1.0,04520006,Quebrada Larga
2016-05-26,0.0,0.71,04520006,Quebrada Larga
2016-05-27,0.13,0.96,04520006,Quebrada Larga
2016-05-28,0.17,1.0,04520006,Quebrada Larga
2016-05-29,11.05,3.333333333333333e+37,04520006,Quebrada Larga
2016-05-30,16.26,17.08,04520006,Quebrada Larga
2016-05-31,12.23,2.0833333333333328e+37,04520006,Quebrada Larga
2016-06-01,34.89,2.5e+37,04520006,Quebrada Larga
2016-06-02,49.24,3.333333333333333e+37,04520006,Quebrada Larga
2016-06-03,79.67,4.1666666666666666e+36,04520006,Quebrada Larga
2016-06-04,97.09,5e+37,04520006,Quebrada Larga
2016-06-05,90.24,3.7499999999999997e+37,04520006,Quebrada Larga
2016-06-06,88.52,89.35,04520006,Quebrada Larga
2016-06-07,80.96,81.5,04520006,Quebrada Larga
2016-06-08,74.13,74.96,04520006,Quebrada Larga
2016-06-09,72.42,73.25,04520006,Quebrada Larga
2016-06-10,68.76,69.58,04520006,Quebrada Larga
2016-06-11,68.34,69.17,04520006,Quebrada Larga
2016-06-12,68.48,69.71,04520006,Quebrada Larga
2016-06-13,91.41,92.24,04520006,Quebrada Larga
2016-06-14,97.88,98.71,04520006,Quebrada Larga
2016-06-15,100.13,100.96,04520006,Quebrada Larga
2016-06-16,100.38,101.21,04520006,Quebrada Larga
2016-06-17,96.67,97.5,04520006,Quebrada Larga
2016-06-18,94.3,95.12,04520006,Quebrada Larga
2016-06-19,91.17,92.0,04520006,Quebrada Larga
2016-06-20,89.59,90.42,04520006,Quebrada Larga
2016-06-21,87.09,87.92,04520006,Quebrada Larga
2016-06-22,84.92,85.75,04520006,Quebrada Larga
2016-06-23,83.8,84.62,04520006,Quebrada Larga
2016-06-24,83.72,84.54,04520006,Quebrada Larga
2016-06-25,81.63,82.46,04520006,Quebrada Larga
2016-06-26,80.38,81.21,04520006,Quebrada Larga
2016-06-27,79.3,80.12,04520006,Quebrada Larga
2016-06-28,77.97,78.79,04520006,Quebrada Larga
2016-06-29,77.0,77.71,04520006,Quebrada Larga
2016-06-30,75.58,76.12,04520006,Quebrada Larga
2016-07-01,74.47,75.29,04520006,Quebrada Larga
2016-07-02,73.47,74.29,04520006,Quebrada Larga
2016-07-03,73.01,73.83,04520006,Quebrada Larga
2016-07-04,72.17,73.0,04520006,Quebrada Larga
2016-07-05,72.13,72.96,04520006,Quebrada Larga
2016-07-06,71.52,72.08,04520006,Quebrada Larga
2016-07-07,70.67,71.54,04520006,Quebrada Larga
2016-07-08,71.3,71.92,04520006,Quebrada Larga
2016-07-09,73.17,74.0,04520006,Quebrada Larga
2016-07-10,81.41,2.916666666666667e+37,04520006,Quebrada Larga
2016-07-11,111.94,4.1666666666666666e+36,04520006,Quebrada Larga
2016-07-12,105.7,106.92,04520006,Quebrada Larga
2016-07-13,99.63,100.46,04520006,Quebrada Larga
2016-07-14,102.45,103.27,04520006,Quebrada Larga
2016-07-15,100.88,101.71,04520006,Quebrada Larga
2016-07-16,99.51,100.33,04520006,Quebrada Larga
2016-07-17,97.34,98.17,04520006,Quebrada Larga
2016-07-18,95.26,96.08,04520006,Quebrada Larga
2016-07-19,94.17,94.79,04520006,Quebrada Larga
2016-07-20,92.72,93.54,04520006,Quebrada Larga
2016-07-21,91.51,92.33,04520006,Quebrada Larga
2016-07-22,91.34,92.17,04520006,Quebrada Larga
2016-07-23,90.3,91.12,04520006,Quebrada Larga
2016-07-24,89.17,90.67,04520006,Quebrada Larga
2016-07-25,116.35,121.16,04520006,Quebrada Larga
2016-07-26,114.3,115.12,04520006,Quebrada Larga
2016-07-27,107.26,108.08,04520006,Quebrada Larga
2016-07-28,108.8,109.62,04520006,Quebrada Larga
2016-07-29,108.3,109.12,04520006,Quebrada Larga
2016-07-30,106.92,107.75,04520006,Quebrada Larga
2016-07-31,105.47,106.29,04520006,Quebrada Larga
2016-08-01,103.17,104.0,04520006,Quebrada Larga
2016-08-02,102.09,102.92,04520006,Quebrada Larga
2016-08-03,102.09,102.92,04520006,Quebrada Larga
2016-08-04,100.55,101.38,04520006,Quebrada Larga
2016-08-05,99.88,100.71,04520006,Quebrada Larga
2016-08-06,99.72,100.54,04520006,Quebrada Larga
2016-08-07,99.17,100.0,04520006,Quebrada Larga
2016-08-08,98.63,99.46,04520006,Quebrada Larga
2016-08-09,98.38,99.21,04520006,Quebrada Larga
2016-08-10,97.13,97.96,04520006,Quebrada Larga
2016-08-11,97.6,98.25,04520006,Quebrada Larga
2016-08-12,96.09,96.92,04520006,Quebrada Larga
2016-08-13,96.09,96.91,04520006,Quebrada Larga
2016-08-14,96.13,96.96,04520006,Quebrada Larga
2016-08-15,95.59,96.42,04520006,Quebrada Larga
2016-08-16,95.51,96.33,04520006,Quebrada Larga
2016-08-17,95.55,96.38,04520006,Quebrada Larga
2016-08-18,95.42,96.25,04520006,Quebrada Larga
2016-08-19,95.26,96.08,04520006,Quebrada Larga
2016-08-20,93.88,94.71,04520006,Quebrada Larga
2016-08-21,93.55,94.38,04520006,Quebrada Larga
2016-08-22,92.26,93.08,04520006,Quebrada Larga
2016-08-23,90.84,91.67,04520006,Quebrada Larga
2016-08-24,90.35,91.17,04520006,Quebrada Larga
2016-08-25,88.42,89.25,04520006,Quebrada Larga
2016-08-26,87.34,88.17,04520006,Quebrada Larga
2016-08-27,88.8,89.62,04520006,Quebrada Larga
2016-08-28,85.27,86.1,04520006,Quebrada Larga
2016-08-29,87.08,87.48,04520006,Quebrada Larga
2016-08-30,86.47,87.29,04520006,Quebrada Larga
2016-08-31,87.26,88.08,04520006,Quebrada Larga
2016-09-01,85.76,86.58,04520006,Quebrada Larga
2016-09-02,83.59,84.79,04520006,Quebrada Larga
2016-09-03,84.17,85.0,04520006,Quebrada Larga
2016-09-04,83.17,84.0,04520006,Quebrada Larga
2016-09-05,83.05,83.88,04520006,Quebrada Larga
2016-09-06,82.72,83.54,04520006,Quebrada Larga
2016-09-07,81.84,82.67,04520006,Quebrada Larga
2016-09-08,81.38,82.21,04520006,Quebrada Larga
2016-09-09,80.8,81.62,04520006,Quebrada Larga
2016-09-10,79.22,80.04,04520006,Quebrada Larga
2016-09-11,75.97,76.79,04520006,Quebrada Larga
2016-09-12,75.88,76.71,04520006,Quebrada Larga
2016-09-13,74.72,75.54,04520006,Quebrada Larga
2016-09-14,74.3,75.12,04520006,Quebrada Larga
2016-09-15,69.72,70.54,04520006,Quebrada Larga
2016-09-16,67.55,68.38,04520006,Quebrada Larga
2016-09-17,66.26,67.08,04520006,Quebrada Larga
2016-09-18,64.01,64.83,04520006,Quebrada Larga
2016-09-19,60.92,61.75,04520006,Quebrada Larga
2016-09-20,58.01,58.83,04520006,Quebrada Larga
2016-09-21,55.72,56.54,04520006,Quebrada Larga
2016-09-22,52.74,53.57,04520006,Quebrada Larga
2016-09-23,50.22,51.04,04520006,Quebrada Larga
2016-09-24,46.67,47.5,04520006,Quebrada Larga
2016-09-25,42.39,43.22,04520006,Quebrada Larga
2016-09-26,39.38,40.21,04520006,Quebrada Larga
2016-09-27,35.55,36.38,04520006,Quebrada Larga
2016-09-28,33.6,34.43,04520006,Quebrada Larga
2016-09-29,32.05,32.88,04520006,Quebrada Larga
2016-09-30,30.3,31.12,04520006,Quebrada Larga
2016-10-01,28.09,28.92,04520006,Quebrada Larga
2016-10-02,26.26,27.08,04520006,Quebrada Larga
2016-10-03,23.42,24.25,04520006,Quebrada Larga
2016-10-04,21.59,22.42,04520006,Quebrada Larga
2016-10-05,19.47,20.29,04520006,Quebrada Larga
2016-10-06,16.3,17.13,04520006,Quebrada Larga
2016-10-07,14.86,15.38,04520006,Quebrada Larga
2016-10-08,13.8,14.62,04520006,Quebrada Larga
2016-10-09,10.59,11.42,04520006,Quebrada Larga
2016-10-10,8.09,8.84,04520006,Quebrada Larga
2016-10-11,4.55,5.38,04520006,Quebrada Larga
2016-10-12,4.09,5.0,04520006,Quebrada Larga
2016-10-13,2.01,2.88,04520006,Quebrada Larga
2016-10-14,1.47,2.29,04520006,Quebrada Larga
2016-10-15,0.67,1.61,04520006,Quebrada Larga
2016-10-16,1.38,2.21,04520006,Quebrada Larga
2016-10-17,0.91,1.74,04520006,Quebrada Larga
2016-10-18,2.48,3.04,04520006,Quebrada Larga
2016-10-19,1.47,2.29,04520006,Quebrada Larga
2016-10-20,0.38,1.21,04520006,Quebrada Larga
2016-10-21,0.0,0.62,04520006,Quebrada Larga
2016-10-22,0.0,0.58,04520006,Quebrada Larga
2016-10-23,0.05,0.88,04520006,Quebrada Larga
2016-10-24,0.0,0.65,04520006,Quebrada Larga
2016-10-25,0.22,1.04,04520006,Quebrada Larga
2016-10-26,0.0,0.29,04520006,Quebrada Larga
2016-10-27,0.0,0.19,04520006,Quebrada Larga
2016-10-28,0.0,-0.17,04520006,Quebrada Larga
2016-10-29,0.0,0.2,04520006,Quebrada Larga
2016-10-30,0.0,0.5,04520006,Quebrada Larga
2016-10-31,0.0,0.75,04520006,Quebrada Larga
2016-11-01,0.52,1.28,04520006,Quebrada Larga
2016-11-02,0.0,0.71,04520006,Quebrada Larga
2016-11-03,0.0,-0.17,04520006,Quebrada Larga
2016-11-04,0.0,-0.08,04520006,Quebrada Larga
2016-11-05,0.0,-0.08,04520006,Quebrada Larga
2016-11-06,0.0,0.12,04520006,Quebrada Larga
2016-11-07,0.0,0.39,04520006,Quebrada Larga
2016-11-08,0.0,0.04,04520006,Quebrada Larga
2016-11-09,0.0,0.04,04520006,Quebrada Larga
2016-11-10,0.0,0.17,04520006,Quebrada Larga
2016-11-11,0.0,0.17,04520006,Quebrada Larga
2016-11-12,0.0,0.33,04520006,Quebrada Larga
2016-11-13,0.0,0.5,04520006,Quebrada Larga
2016-11-14,0.04,0.67,04520006,Quebrada Larga
2016-11-15,0.4,0.96,04520006,Quebrada Larga
2016-11-16,0.26,1.08,04520006,Quebrada Larga
2016-11-17,0.0,0.68,04520006,Quebrada Larga
2016-11-18,0.0,0.21,04520006,Quebrada Larga
2016-11-19,0.22,1.04,04520006,Quebrada Larga
2016-11-20,0.0,0.62,04520006,Quebrada Larga
2016-11-21,0.13,0.96,04520006,Quebrada Larga
2016-11-22,0.73,1.1,04520006,Quebrada Larga
2016-11-23,0.0,-1.22,04520006,Quebrada Larga
2016-11-24,0.0,0.73,04520006,Quebrada Larga
2016-11-25,0.0,0.38,04520006,Quebrada Larga
2016-11-26,0.0,0.21,04520006,Quebrada Larga
2016-11-27,0.0,0.46,04520006,Quebrada Larga
2016-11-28,0.0,0.62,04520006,Quebrada Larga
2016-11-29,0.0,0.17,04520006,Quebrada Larga
2016-11-30,0.0,0.33,04520006,Quebrada Larga
2016-12-01,0.04,0.58,04520006,Quebrada Larga
2016-12-02,0.0,0.29,04520006,Quebrada Larga
2016-12-03,0.0,0.17,04520006,Quebrada Larga
2016-12-04,0.0,0.5,04520006,Quebrada Larga
2016-12-05,,0.21,04520006,Quebrada Larga
2016-12-06,0.0,0.75,04520006,Quebrada Larga
2016-12-07,0.0,0.75,04520006,Quebrada Larga
2016-12-08,0.03,0.42,04520006,Quebrada Larga
2016-12-09,0.0,0.04,04520006,Quebrada Larga
2016-12-10,0.22,1.04,04520006,Quebrada Larga
2016-12-11,0.0,0.42,04520006,Quebrada Larga
2016-12-12,0.0,0.33,04520006,Quebrada Larga
2016-12-13,0.0,0.58,04520006,Quebrada Larga
2016-12-14,0.0,-0.08,04520006,Quebrada Larga
2016-12-15,0.0,-0.08,04520006,Quebrada Larga
2016-12-16,0.0,0.33,04520006,Quebrada Larga
2016-12-17,0.0,0.25,04520006,Quebrada Larga
2016-12-18,0.0,0.4,04520006,Quebrada Larga
2016-12-19,0.0,0.08,04520006,Quebrada Larga
2016-12-20,0.0,-0.17,04520006,Quebrada Larga
2016-12-21,0.0,-0.12,04520006,Quebrada Larga
2016-12-22,0.0,0.04,04520006,Quebrada Larga
2016-12-23,0.0,0.54,04520006,Quebrada Larga
2016-12-24,0.0,0.29,04520006,Quebrada Larga
2016-12-25,0.0,0.42,04520006,Quebrada Larga
2016-12-26,0.03,0.57,04520006,Quebrada Larga
2016-12-27,0.0,-0.12,04520006,Quebrada Larga
2016-12-28,0.0,0.17,04520006,Quebrada Larga
2016-12-29,0.0,0.04,04520006,Quebrada Larga
2016-12-30,0.0,-0.12,04520006,Quebrada Larga
2016-12-31,0.0,-0.12,04520006,Quebrada Larga
2017-01-01,0.0,-1.67,04520006,Quebrada Larga
2017-01-02,0.0,-1.38,04520006,Quebrada Larga
2017-01-03,0.0,-0.58,04520006,Quebrada Larga
2017-01-04,0.0,-0.92,04520006,Quebrada Larga
2017-01-05,0.0,-0.42,04520006,Quebrada Larga
2017-01-06,0.0,-1.04,04520006,Quebrada Larga
2017-01-07,0.0,-0.88,04520006,Quebrada Larga
2017-01-08,0.0,-1.12,04520006,Quebrada Larga
2017-01-09,0.0,-0.75,04520006,Quebrada Larga
2017-01-10,0.0,-0.88,04520006,Quebrada Larga
2017-01-11,0.0,-1.5,04520006,Quebrada Larga
2017-01-12,0.0,-1.08,04520006,Quebrada Larga
2017-01-13,0.0,-0.96,04520006,Quebrada Larga
2017-01-14,0.0,-0.58,04520006,Quebrada Larga
2017-01-15,0.0,-1.08,04520006,Quebrada Larga
2017-01-16,0.0,-2.71,04520006,Quebrada Larga
2017-01-17,0.0,-2.6,04520006,Quebrada Larga
2017-01-18,0.0,-3.08,04520006,Quebrada Larga
2017-01-19,0.0,-3.12,04520006,Quebrada Larga
2017-01-20,0.0,-3.88,04520006,Quebrada Larga
2017-01-21,0.0,-2.96,04520006,Quebrada Larga
2017-01-22,0.0,-1.83,04520006,Quebrada Larga
2017-01-23,0.0,-1.75,04520006,Quebrada Larga
2017-01-24,0.0,-3.0,04520006,Quebrada Larga
2017-01-25,0.0,-3.17,04520006,Quebrada Larga
2017-01-26,0.0,-3.25,04520006,Quebrada Larga
2017-01-27,0.0,-2.21,04520006,Quebrada Larga
2017-01-28,0.0,-2.54,04520006,Quebrada Larga
2017-01-29,0.0,-2.38,04520006,Quebrada Larga
2017-01-30,0.0,-2.17,04520006,Quebrada Larga
2017-01-31,0.0,-1.96,04520006,Quebrada Larga
2017-02-01,0.0,-1.75,04520006,Quebrada Larga
2017-02-02,0.0,-1.38,04520006,Quebrada Larga
2017-02-03,0.0,-1.67,04520006,Quebrada Larga
2017-02-04,0.0,-1.62,04520006,Quebrada Larga
2017-02-05,0.0,-1.42,04520006,Quebrada Larga
2017-02-06,0.0,-1.54,04520006,Quebrada Larga
2017-02-07,0.0,-1.33,04520006,Quebrada Larga
2017-02-08,0.0,-1.46,04520006,Quebrada Larga
2017-02-09,0.12,-1.29,04520006,Quebrada Larga
2017-02-10,0.0,-1.42,04520006,Quebrada Larga
2017-02-11,0.0,-1.42,04520006,Quebrada Larga
2017-02-12,0.0,-1.92,04520006,Quebrada Larga
2017-02-13,0.0,-2.38,04520006,Quebrada Larga
2017-02-14,0.0,-1.96,04520006,Quebrada Larga
2017-02-15,0.0,-2.12,04520006,Quebrada Larga
2017-02-16,0.0,-1.62,04520006,Quebrada Larga
2017-02-17,0.0,-2.04,04520006,Quebrada Larga
2017-02-18,0.0,-1.71,04520006,Quebrada Larga
2017-02-19,0.0,-2.38,04520006,Quebrada Larga
2017-02-20,0.0,-2.58,04520006,Quebrada Larga
2017-02-21,0.0,-2.29,04520006,Quebrada Larga
2017-02-22,0.0,-2.5,04520006,Quebrada Larga
2017-02-23,0.0,-2.54,04520006,Quebrada Larga
2017-02-24,0.0,-2.33,04520006,Quebrada Larga
2017-02-25,0.0,-2.29,04520006,Quebrada Larga
2017-02-26,0.04,-2.08,04520006,Quebrada Larga
2017-02-27,0.0,-2.17,04520006,Quebrada Larga
2017-02-28,0.25,-1.88,04520006,Quebrada Larga
2017-03-01,0.0,-2.21,04520006,Quebrada Larga
2017-03-02,0.08,-2.0,04520006,Quebrada Larga
2017-03-03,0.82,-1.5,04520006,Quebrada Larga
2017-03-04,0.67,-1.46,04520006,Quebrada Larga
2017-03-05,0.81,-1.54,04520006,Quebrada Larga
2017-03-06,0.33,-1.79,04520006,Quebrada Larga
2017-03-07,0.62,-1.71,04520006,Quebrada Larga
2017-03-08,0.95,-1.38,04520006,Quebrada Larga
2017-03-09,1.17,-1.08,04520006,Quebrada Larga
2017-03-10,1.41,-1.0,04520006,Quebrada Larga
2017-03-11,0.91,-1.33,04520006,Quebrada Larga
2017-03-12,0.54,-1.58,04520006,Quebrada Larga
2017-03-13,0.21,-1.92,04520006,Quebrada Larga
2017-03-14,0.94,-1.42,04520006,Quebrada Larga
2017-03-15,1.0,-1.12,04520006,Quebrada Larga
2017-03-16,1.08,-1.04,04520006,Quebrada Larga
2017-03-17,1.04,-1.21,04520006,Quebrada Larga
2017-03-18,0.76,-1.68,04520006,Quebrada Larga
2017-03-19,0.0,-2.29,04520006,Quebrada Larga
2017-03-20,0.42,-1.71,04520006,Quebrada Larga
2017-03-21,0.76,-1.38,04520006,Quebrada Larga
2017-03-22,0.69,-1.54,04520006,Quebrada Larga
2017-03-23,0.56,-1.48,04520006,Quebrada Larga
2017-03-24,0.39,-1.54,04520006,Quebrada Larga
2017-03-25,0.49,-1.38,04520006,Quebrada Larga
2017-03-26,0.78,-1.46,04520006,Quebrada Larga
2017-03-27,0.67,-1.4,04520006,Quebrada Larga
2017-03-28,0.25,-1.88,04520006,Quebrada Larga
2017-03-29,0.79,-1.33,04520006,Quebrada Larga
2017-03-30,0.38,-1.75,04520006,Quebrada Larga
2017-03-31,0.0,-2.12,04520006,Quebrada Larga
2017-04-01,0.65,-1.58,04520006,Quebrada Larga
2017-04-02,0.96,-1.17,04520006,Quebrada Larga
2017-04-03,0.86,-1.38,04520006,Quebrada Larga
2017-04-04,0.92,-1.21,04520006,Quebrada Larga
2017-04-05,0.5,-1.62,04520006,Quebrada Larga
2017-04-06,0.92,-1.21,04520006,Quebrada Larga
2017-04-07,1.46,-0.67,04520006,Quebrada Larga
2017-04-08,1.52,-0.71,04520006,Quebrada Larga
2017-04-09,1.58,-0.75,04520006,Quebrada Larga
2017-04-10,0.67,-1.46,04520006,Quebrada Larga
2017-04-11,0.67,-1.46,04520006,Quebrada Larga
2017-04-12,0.5,-1.62,04520006,Quebrada Larga
2017-04-13,0.6,-1.62,04520006,Quebrada Larga
2017-04-14,0.78,-1.46,04520006,Quebrada Larga
2017-04-15,1.0,-1.12,04520006,Quebrada Larga
2017-04-16,0.92,-1.21,04520006,Quebrada Larga
2017-04-17,0.83,-1.32,04520006,Quebrada Larga
2017-04-18,1.4,-0.96,04520006,Quebrada Larga
2017-04-19,1.25,-0.88,04520006,Quebrada Larga
2017-04-20,0.75,-1.38,04520006,Quebrada Larga
2017-04-21,0.92,-1.21,04520006,Quebrada Larga
2017-04-22,1.08,-1.04,04520006,Quebrada Larga
2017-04-23,0.83,-1.29,04520006,Quebrada Larga
2017-04-24,1.12,-1.12,04520006,Quebrada Larga
2017-04-25,1.29,-0.83,04520006,Quebrada Larga
2017-04-26,0.0,-0.5,04520006,Quebrada Larga
2017-04-27,1.33,-0.79,04520006,Quebrada Larga
2017-04-28,1.21,-0.92,04520006,Quebrada Larga
2017-04-29,1.08,-1.04,04520006,Quebrada Larga
2017-04-30,1.3,-0.96,04520006,Quebrada Larga
2017-05-01,1.5,-0.62,04520006,Quebrada Larga
2017-05-02,1.12,-1.0,04520006,Quebrada Larga
2017-05-03,1.58,-0.75,04520006,Quebrada Larga
2017-05-04,0.96,-1.17,04520006,Quebrada Larga
2017-05-05,1.34,-0.92,04520006,Quebrada Larga
2017-05-06,1.21,-0.92,04520006,Quebrada Larga
2017-05-07,1.65,-0.58,04520006,Quebrada Larga
2017-05-08,1.33,-0.79,04520006,Quebrada Larga
2017-05-09,1.46,-0.67,04520006,Quebrada Larga
2017-05-10,1.4,-0.96,04520006,Quebrada Larga
2017-05-11,39.38,37.25,04520006,Quebrada Larga
2017-05-12,124.12,119.12,04520006,Quebrada Larga
2017-05-13,109.79,107.67,04520006,Quebrada Larga
2017-05-14,86.79,84.67,04520006,Quebrada Larga
2017-05-15,77.29,75.17,04520006,Quebrada Larga
2017-05-16,70.04,67.92,04520006,Quebrada Larga
2017-05-17,64.0,61.88,04520006,Quebrada Larga
2017-05-18,76.81,74.68,04520006,Quebrada Larga
2017-05-19,77.94,75.61,04520006,Quebrada Larga
2017-05-20,70.91,68.78,04520006,Quebrada Larga
2017-05-21,65.42,63.29,04520006,Quebrada Larga
2017-05-22,59.54,57.42,04520006,Quebrada Larga
2017-05-23,58.74,56.77,04520006,Quebrada Larga
2017-05-24,58.52,56.39,04520006,Quebrada Larga
2017-05-25,73.41,71.29,04520006,Quebrada Larga
2017-05-26,72.95,70.54,04520006,Quebrada Larga
2017-05-27,69.17,67.04,04520006,Quebrada Larga
2017-05-28,68.69,66.12,04520006,Quebrada Larga
2017-05-29,69.54,67.42,04520006,Quebrada Larga
2017-05-30,67.29,65.17,04520006,Quebrada Larga
2017-05-31,65.0,62.88,04520006,Quebrada Larga
2017-06-01,63.71,61.58,04520006,Quebrada Larga
2017-06-02,63.38,61.25,04520006,Quebrada Larga
2017-06-03,62.46,60.33,04520006,Quebrada Larga
2017-06-04,62.25,60.12,04520006,Quebrada Larga
2017-06-05,61.46,59.33,04520006,Quebrada Larga
2017-06-06,60.78,58.65,04520006,Quebrada Larga
2017-06-07,61.08,58.7,04520006,Quebrada Larga
2017-06-08,63.17,61.04,04520006,Quebrada Larga
2017-06-09,62.08,59.96,04520006,Quebrada Larga
2017-06-10,59.92,57.79,04520006,Quebrada Larga
2017-06-11,59.54,57.42,04520006,Quebrada Larga
2017-06-12,60.08,57.96,04520006,Quebrada Larga
2017-06-13,59.67,57.54,04520006,Quebrada Larga
2017-06-14,58.88,56.75,04520006,Quebrada Larga
2017-06-15,58.12,56.0,04520006,Quebrada Larga
2017-06-16,58.38,56.2,04520006,Quebrada Larga
2017-06-17,72.89,69.52,04520006,Quebrada Larga
2017-06-18,73.75,71.62,04520006,Quebrada Larga
2017-06-19,71.73,69.42,04520006,Quebrada Larga
2017-06-20,70.42,68.29,04520006,Quebrada Larga
2017-06-21,70.04,67.92,04520006,Quebrada Larga
2017-06-22,69.88,67.75,04520006,Quebrada Larga
2017-06-23,71.08,68.96,04520006,Quebrada Larga
2017-06-24,69.04,66.92,04520006,Quebrada Larga
2017-06-25,68.12,66.0,04520006,Quebrada Larga
2017-06-26,70.07,69.86,04520006,Quebrada Larga
2017-06-27,100.28,98.16,04520006,Quebrada Larga
2017-06-28,96.47,94.08,04520006,Quebrada Larga
2017-06-29,92.52,90.39,04520006,Quebrada Larga
2017-06-30,89.08,86.96,04520006,Quebrada Larga
2017-07-01,86.58,84.46,04520006,Quebrada Larga
2017-07-02,84.83,82.71,04520006,Quebrada Larga
2017-07-03,83.71,81.58,04520006,Quebrada Larga
2017-07-04,84.04,81.91,04520006,Quebrada Larga
2017-07-05,82.33,80.21,04520006,Quebrada Larga
2017-07-06,80.62,78.5,04520006,Quebrada Larga
2017-07-07,78.04,75.91,04520006,Quebrada Larga
2017-07-08,76.46,74.33,04520006,Quebrada Larga
2017-07-09,76.25,74.12,04520006,Quebrada Larga
2017-07-10,75.42,73.29,04520006,Quebrada Larga
2017-07-11,74.33,72.21,04520006,Quebrada Larga
2017-07-12,74.79,72.67,04520006,Quebrada Larga
2017-07-13,73.54,71.42,04520006,Quebrada Larga
2017-07-14,73.46,71.33,04520006,Quebrada Larga
2017-07-15,72.69,70.57,04520006,Quebrada Larga
2017-07-16,71.52,69.39,04520006,Quebrada Larga
2017-07-17,71.0,68.88,04520006,Quebrada Larga
2017-07-18,70.21,67.88,04520006,Quebrada Larga
2017-07-19,70.12,68.0,04520006,Quebrada Larga
2017-07-20,70.38,68.25,04520006,Quebrada Larga
2017-07-21,69.38,67.25,04520006,Quebrada Larga
2017-07-22,69.12,67.0,04520006,Quebrada Larga
2017-07-23,67.25,65.12,04520006,Quebrada Larga
2017-07-24,66.88,64.75,04520006,Quebrada Larga
2017-07-25,66.21,64.08,04520006,Quebrada Larga
2017-07-26,65.5,63.38,04520006,Quebrada Larga
2017-07-27,65.58,63.46,04520006,Quebrada Larga
2017-07-28,66.08,63.96,04520006,Quebrada Larga
2017-07-29,64.38,62.25,04520006,Quebrada Larga
2017-07-30,62.96,60.83,04520006,Quebrada Larga
2017-07-31,61.88,59.75,04520006,Quebrada Larga
2017-08-01,61.3,59.17,04520006,Quebrada Larga
2017-08-02,59.62,57.5,04520006,Quebrada Larga
2017-08-03,59.69,57.57,04520006,Quebrada Larga
2017-08-04,59.79,57.67,04520006,Quebrada Larga
2017-08-05,60.5,58.38,04520006,Quebrada Larga
2017-08-06,59.96,57.83,04520006,Quebrada Larga
2017-08-07,60.38,58.25,04520006,Quebrada Larga
2017-08-08,59.5,57.38,04520006,Quebrada Larga
2017-08-09,59.46,57.33,04520006,Quebrada Larga
2017-08-10,59.89,57.74,04520006,Quebrada Larga
2017-08-11,64.58,62.45,04520006,Quebrada Larga
2017-08-12,77.69,75.57,04520006,Quebrada Larga
2017-08-13,75.39,73.26,04520006,Quebrada Larga
2017-08-14,73.5,71.38,04520006,Quebrada Larga
2017-08-15,71.96,69.83,04520006,Quebrada Larga
2017-08-16,70.17,68.04,04520006,Quebrada Larga
2017-08-17,69.43,66.92,04520006,Quebrada Larga
2017-08-18,69.04,66.92,04520006,Quebrada Larga
2017-08-19,69.35,67.23,04520006,Quebrada Larga
2017-08-20,69.78,67.38,04520006,Quebrada Larga
2017-08-21,69.92,67.79,04520006,Quebrada Larga
2017-08-22,70.12,67.92,04520006,Quebrada Larga
2017-08-23,70.08,67.96,04520006,Quebrada Larga
2017-08-24,69.71,67.58,04520006,Quebrada Larga
2017-08-25,69.52,67.39,04520006,Quebrada Larga
2017-08-26,69.5,67.32,04520006,Quebrada Larga
2017-08-27,68.75,66.68,04520006,Quebrada Larga
2017-08-28,69.04,66.92,04520006,Quebrada Larga
2017-08-29,68.17,66.04,04520006,Quebrada Larga
2017-08-30,65.62,63.5,04520006,Quebrada Larga
2017-08-31,65.58,63.46,04520006,Quebrada Larga
2017-09-01,63.83,61.71,04520006,Quebrada Larga
2017-09-02,61.67,59.54,04520006,Quebrada Larga
2017-09-03,61.25,59.12,04520006,Quebrada Larga
2017-09-04,59.25,57.12,04520006,Quebrada Larga
2017-09-05,59.62,57.5,04520006,Quebrada Larga
2017-09-06,59.21,57.08,04520006,Quebrada Larga
2017-09-07,58.04,55.92,04520006,Quebrada Larga
2017-09-08,58.12,56.0,04520006,Quebrada Larga
2017-09-09,57.26,55.14,04520006,Quebrada Larga
2017-09-10,65.3,63.17,04520006,Quebrada Larga
2017-09-11,65.17,62.67,04520006,Quebrada Larga
2017-09-12,64.21,61.88,04520006,Quebrada Larga
2017-09-13,63.08,60.96,04520006,Quebrada Larga
2017-09-14,62.5,60.38,04520006,Quebrada Larga
2017-09-15,60.21,58.08,04520006,Quebrada Larga
2017-09-16,58.91,56.78,04520006,Quebrada Larga
2017-09-17,56.21,54.09,04520006,Quebrada Larga
2017-09-18,54.42,52.29,04520006,Quebrada Larga
2017-09-19,49.42,47.29,04520006,Quebrada Larga
2017-09-20,44.46,42.33,04520006,Quebrada Larga
2017-09-21,42.17,40.04,04520006,Quebrada Larga
2017-09-22,39.83,37.71,04520006,Quebrada Larga
2017-09-23,36.29,34.17,04520006,Quebrada Larga
2017-09-24,33.96,31.83,04520006,Quebrada Larga
2017-09-25,30.54,28.42,04520006,Quebrada Larga
2017-09-26,27.29,25.17,04520006,Quebrada Larga
2017-09-27,24.69,22.29,04520006,Quebrada Larga
2017-09-28,22.9,20.5,04520006,Quebrada Larga
2017-09-29,21.04,18.92,04520006,Quebrada Larga
2017-09-30,19.82,17.58,04520006,Quebrada Larga
2017-10-01,19.25,17.12,04520006,Quebrada Larga
2017-10-02,19.12,17.0,04520006,Quebrada Larga
2017-10-03,17.96,15.83,04520006,Quebrada Larga
2017-10-04,15.5,13.38,04520006,Quebrada Larga
2017-10-05,14.25,12.12,04520006,Quebrada Larga
2017-10-06,13.33,11.21,04520006,Quebrada Larga
2017-10-07,11.62,9.5,04520006,Quebrada Larga
2017-10-08,9.25,7.12,04520006,Quebrada Larga
2017-10-09,6.67,4.54,04520006,Quebrada Larga
2017-10-10,5.5,3.38,04520006,Quebrada Larga
2017-10-11,4.17,2.04,04520006,Quebrada Larga
2017-10-12,2.52,0.08,04520006,Quebrada Larga
2017-10-13,2.26,-0.08,04520006,Quebrada Larga
2017-10-14,1.62,-0.5,04520006,Quebrada Larga
2017-10-15,1.38,-0.75,04520006,Quebrada Larga
2017-10-16,1.75,-0.38,04520006,Quebrada Larga
2017-10-17,1.83,-0.29,04520006,Quebrada Larga
2017-10-18,0.0,-0.43,04520006,Quebrada Larga
2017-10-19,0.0,-0.58,04520006,Quebrada Larga
2017-10-20,0.0,-0.29,04520006,Quebrada Larga
2017-10-21,0.0,-0.71,04520006,Quebrada Larga
2017-10-22,0.0,-0.5,04520006,Quebrada Larga
2017-10-23,0.0,-0.62,04520006,Quebrada Larga
2017-10-24,0.0,-0.54,04520006,Quebrada Larga
2017-10-25,0.0,-0.38,04520006,Quebrada Larga
2017-10-26,0.0,-0.38,04520006,Quebrada Larga
2017-10-27,0.0,-0.33,04520006,Quebrada Larga
2017-10-28,0.0,-0.21,04520006,Quebrada Larga
2017-10-29,0.0,-0.12,04520006,Quebrada Larga
2017-10-30,0.0,-0.08,04520006,Quebrada Larga
2017-10-31,0.17,0.17,04520006,Quebrada Larga
2017-11-01,0.0,-0.25,04520006,Quebrada Larga
2017-11-02,0.12,0.12,04520006,Quebrada Larga
2017-11-03,0.0,0.0,04520006,Quebrada Larga
2017-11-04,0.22,0.12,04520006,Quebrada Larga
2017-11-05,0.0,-0.62,04520006,Quebrada Larga
2017-11-06,0.0,-0.58,04520006,Quebrada Larga
2017-11-07,0.0,-0.5,04520006,Quebrada Larga
2017-11-08,0.0,-0.17,04520006,Quebrada Larga
2017-11-09,0.0,-0.62,04520006,Quebrada Larga
2017-11-10,0.0,-0.58,04520006,Quebrada Larga
2017-11-11,0.0,-0.71,04520006,Quebrada Larga
2017-11-12,0.0,-1.21,04520006,Quebrada Larga
2017-11-13,0.0,-0.84,04520006,Quebrada Larga
2017-11-14,0.0,-0.58,04520006,Quebrada Larga
2017-11-15,0.0,-0.67,04520006,Quebrada Larga
2017-11-16,0.0,-0.42,04520006,Quebrada Larga
2017-11-17,0.0,-0.33,04520006,Quebrada Larga
2017-11-18,0.0,-0.43,04520006,Quebrada Larga
2017-11-19,0.0,-0.4,04520006,Quebrada Larga
2017-11-20,0.0,-0.46,04520006,Quebrada Larga
2017-11-21,0.0,0.0,04520006,Quebrada Larga
2017-11-22,0.08,-0.29,04520006,Quebrada Larga
2017-11-23,0.0,-0.42,04520006,Quebrada Larga
2017-11-24,0.0,-0.38,04520006,Quebrada Larga
2017-11-25,0.0,-0.54,04520006,Quebrada Larga
2017-11-26,0.0,-0.71,04520006,Quebrada Larga
2017-11-27,0.0,-0.79,04520006,Quebrada Larga
2017-11-28,0.0,-0.6,04520006,Quebrada Larga
2017-11-29,0.0,-0.48,04520006,Quebrada Larga
2017-11-30,0.0,-0.79,04520006,Quebrada Larga
2017-12-01,0.0,-0.5,04520006,Quebrada Larga
2017-12-02,0.0,-0.62,04520006,Quebrada Larga
2017-12-03,0.0,-0.54,04520006,Quebrada Larga
2017-12-04,0.0,-0.62,04520006,Quebrada Larga
2017-12-05,0.0,-0.68,04520006,Quebrada Larga
2017-12-06,0.04,-0.92,04520006,Quebrada Larga
2017-12-07,0.0,-0.96,04520006,Quebrada Larga
2017-12-08,0.24,-0.46,04520006,Quebrada Larga
2017-12-09,0.0,-0.88,04520006,Quebrada Larga
2017-12-10,0.0,-1.29,04520006,Quebrada Larga
2017-12-11,0.0,-1.58,04520006,Quebrada Larga
2017-12-12,0.0,-0.96,04520006,Quebrada Larga
2017-12-13,0.0,-0.71,04520006,Quebrada Larga
2017-12-14,0.0,-0.79,04520006,Quebrada Larga
2017-12-15,0.0,-1.38,04520006,Quebrada Larga
2017-12-16,0.0,-1.5,04520006,Quebrada Larga
2017-12-17,0.0,-0.96,04520006,Quebrada Larga
2017-12-18,0.0,-1.17,04520006,Quebrada Larga
2017-12-19,0.0,-1.25,04520006,Quebrada Larga
2017-12-20,0.0,-1.33,04520006,Quebrada Larga
2017-12-21,0.0,-1.17,04520006,Quebrada Larga
2017-12-22,0.0,-0.75,04520006,Quebrada Larga
2017-12-23,0.0,-0.58,04520006,Quebrada Larga
2017-12-24,0.0,-0.54,04520006,Quebrada Larga
2017-12-25,0.0,-0.79,04520006,Quebrada Larga
2017-12-26,0.0,-0.67,04520006,Quebrada Larga
2017-12-27,0.33,-0.62,04520006,Quebrada Larga
2017-12-28,0.0,-1.52,04520006,Quebrada Larga
2017-12-29,0.0,-1.75,04520006,Quebrada Larga
2017-12-30,0.0,-1.21,04520006,Quebrada Larga
2017-12-31,0.0,-0.96,04520006,Quebrada Larga
2018-01-01,0.0,-0.83,04520006,Quebrada Larga
2018-01-02,0.0,-0.54,04520006,Quebrada Larga
2018-01-03,0.0,-0.79,04520006,Quebrada Larga
2018-01-04,0.0,-0.71,04520006,Quebrada Larga
2018-01-05,0.06,-0.54,04520006,Quebrada Larga
2018-01-06,0.0,-1.25,04520006,Quebrada Larga
2018-01-07,0.0,-1.42,04520006,Quebrada Larga
2018-01-08,0.0,-1.21,04520006,Quebrada Larga
2018-01-09,0.0,-1.0,04520006,Quebrada Larga
2018-01-10,0.0,-1.21,04520006,Quebrada Larga
2018-01-11,0.0,-1.38,04520006,Quebrada Larga
2018-01-12,0.0,-1.29,04520006,Quebrada Larga
2018-01-13,0.0,-0.54,04520006,Quebrada Larga
2018-01-14,0.0,-0.62,04520006,Quebrada Larga
2018-01-15,0.0,-0.88,04520006,Quebrada Larga
2018-01-16,0.08,-0.29,04520006,Quebrada Larga
2018-01-17,0.0,-0.54,04520006,Quebrada Larga
2018-01-18,0.0,-0.62,04520006,Quebrada Larga
2018-01-19,0.0,-0.58,04520006,Quebrada Larga
2018-01-20,0.28,-0.58,04520006,Quebrada Larga
2018-01-21,0.0,-0.5,04520006,Quebrada Larga
2018-01-22,0.12,-0.25,04520006,Quebrada Larga
2018-01-23,0.0,-0.46,04520006,Quebrada Larga
2018-01-24,0.0,-0.71,04520006,Quebrada Larga
2018-01-25,0.0,-0.88,04520006,Quebrada Larga
2018-01-26,0.0,-0.78,04520006,Quebrada Larga
2018-01-27,0.0,-0.5,04520006,Quebrada Larga
2018-01-28,0.0,-1.08,04520006,Quebrada Larga
2018-01-29,0.0,-1.33,04520006,Quebrada Larga
2018-01-30,0.0,-0.75,04520006,Quebrada Larga
2018-01-31,0.0,-1.71,04520006,Quebrada Larga
2018-02-01,0.0,-1.62,04520006,Quebrada Larga
2018-02-02,0.0,-3.12,04520006,Quebrada Larga
2018-02-03,0.0,-3.04,04520006,Quebrada Larga
2018-02-04,0.0,-3.04,04520006,Quebrada Larga
2018-02-05,0.0,-2.92,04520006,Quebrada Larga
2018-02-06,0.0,-2.67,04520006,Quebrada Larga
2018-02-07,0.0,-2.75,04520006,Quebrada Larga
2018-02-08,0.0,-2.58,04520006,Quebrada Larga
2018-02-09,0.0,-2.33,04520006,Quebrada Larga
2018-02-10,0.0,-2.04,04520006,Quebrada Larga
2018-02-11,0.0,-2.17,04520006,Quebrada Larga
2018-02-12,0.0,-2.75,04520006,Quebrada Larga
2018-02-13,0.0,-3.58,04520006,Quebrada Larga
2018-02-14,0.0,-3.5,04520006,Quebrada Larga
2018-02-15,0.0,-3.21,04520006,Quebrada Larga
2018-02-16,0.0,-1.92,04520006,Quebrada Larga
2018-02-17,0.0,-2.25,04520006,Quebrada Larga
2018-02-18,0.0,-1.46,04520006,Quebrada Larga
2018-02-19,0.0,-1.42,04520006,Quebrada Larga
2018-02-20,0.0,-1.08,04520006,Quebrada Larga
2018-02-21,0.0,-1.5,04520006,Quebrada Larga
2018-02-22,0.0,-1.62,04520006,Quebrada Larga
2018-02-23,0.0,-1.21,04520006,Quebrada Larga
2018-02-24,0.0,-1.29,04520006,Quebrada Larga
2018-02-25,0.0,-1.17,04520006,Quebrada Larga
2018-02-26,0.0,-1.29,04520006,Quebrada Larga
2018-02-27,0.0,-1.0,04520006,Quebrada Larga
2018-02-28,0.0,-0.92,04520006,Quebrada Larga
2018-03-01,0.0,-0.96,04520006,Quebrada Larga
2018-03-02,0.0,-1.54,04520006,Quebrada Larga
2018-03-03,0.0,-1.38,04520006,Quebrada Larga
2018-03-04,0.0,-1.29,04520006,Quebrada Larga
2018-03-05,0.0,-1.38,04520006,Quebrada Larga
2018-03-06,0.0,-1.42,04520006,Quebrada Larga
2018-03-07,0.0,-1.13,04520006,Quebrada Larga
2018-03-08,0.0,-1.25,04520006,Quebrada Larga
2018-03-09,0.0,-1.25,04520006,Quebrada Larga
2018-03-10,0.0,-1.75,04520006,Quebrada Larga
2018-03-11,0.0,-2.21,04520006,Quebrada Larga
2018-03-12,0.0,-1.88,04520006,Quebrada Larga
2018-03-13,0.0,-1.54,04520006,Quebrada Larga
2018-03-14,0.0,-1.46,04520006,Quebrada Larga
2018-03-15,0.0,-1.38,04520006,Quebrada Larga
2018-03-16,0.0,-1.33,04520006,Quebrada Larga
2018-03-17,0.0,-1.5,04520006,Quebrada Larga
2018-03-18,0.0,-1.54,04520006,Quebrada Larga
2018-03-19,0.0,-1.62,04520006,Quebrada Larga
2018-03-20,0.0,-1.75,04520006,Quebrada Larga
2018-03-21,0.0,-1.88,04520006,Quebrada Larga
2018-03-22,0.0,-1.62,04520006,Quebrada Larga
2018-03-23,0.0,-1.46,04520006,Quebrada Larga
2018-03-24,0.0,-1.38,04520006,Quebrada Larga
2018-03-25,0.0,-1.79,04520006,Quebrada Larga
2018-03-26,0.0,-1.46,04520006,Quebrada Larga
2018-03-27,0.0,-1.83,04520006,Quebrada Larga
2018-03-28,0.0,-1.86,04520006,Quebrada Larga
2018-03-29,0.0,-1.96,04520006,Quebrada Larga
2018-03-30,0.0,-2.38,04520006,Quebrada Larga
2018-03-31,0.0,-1.71,04520006,Quebrada Larga
2018-04-01,0.0,-1.25,04520006,Quebrada Larga
2018-04-02,0.0,-1.33,04520006,Quebrada Larga
2018-04-03,0.0,-1.67,04520006,Quebrada Larga
2018-04-04,0.0,-1.46,04520006,Quebrada Larga
2018-04-05,0.0,-1.46,04520006,Quebrada Larga
2018-04-06,0.03,-1.46,04520006,Quebrada Larga
2018-04-07,0.0,-1.54,04520006,Quebrada Larga
2018-04-08,0.0,-1.33,04520006,Quebrada Larga
2018-04-09,0.18,-1.65,04520006,Quebrada Larga
2018-04-10,0.0,-1.5,04520006,Quebrada Larga
2018-04-11,0.0,-1.08,04520006,Quebrada Larga
2018-04-12,0.0,-1.54,04520006,Quebrada Larga
2018-04-13,0.0,-1.58,04520006,Quebrada Larga
2018-04-14,0.0,-1.92,04520006,Quebrada Larga
2018-04-15,0.0,-2.21,04520006,Quebrada Larga
2018-04-16,0.0,-2.42,04520006,Quebrada Larga
2018-04-17,0.0,-2.09,04520006,Quebrada Larga
2018-04-18,0.0,-1.92,04520006,Quebrada Larga
2018-04-19,0.0,-1.54,04520006,Quebrada Larga
2018-04-20,0.16,-1.29,04520006,Quebrada Larga
2018-04-21,0.0,-1.79,04520006,Quebrada Larga
2018-04-22,0.0,-1.88,04520006,Quebrada Larga
2018-04-23,0.0,-1.38,04520006,Quebrada Larga
2018-04-24,0.07,-1.38,04520006,Quebrada Larga
2018-04-25,0.0,-1.5,04520006,Quebrada Larga
2018-04-26,0.0,-1.62,04520006,Quebrada Larga
2018-04-27,0.0,-1.5,04520006,Quebrada Larga
2018-04-28,0.0,-1.46,04520006,Quebrada Larga
2018-04-29,0.0,-1.42,04520006,Quebrada Larga
2018-04-30,0.0,-1.38,04520006,Quebrada Larga
2018-05-01,0.0,-1.5,04520006,Quebrada Larga
2018-05-02,0.0,-1.5,04520006,Quebrada Larga
2018-05-03,0.0,-1.38,04520006,Quebrada Larga
2018-05-04,0.0,-1.71,04520006,Quebrada Larga
2018-05-05,0.0,-1.88,04520006,Quebrada Larga
2018-05-06,0.0,-1.62,04520006,Quebrada Larga
2018-05-07,0.0,-1.79,04520006,Quebrada Larga
2018-05-08,0.0,-1.67,04520006,Quebrada Larga
2018-05-09,0.0,-1.5,04520006,Quebrada Larga
2018-05-10,0.15,-1.3,04520006,Quebrada Larga
2018-05-11,0.0,-1.79,04520006,Quebrada Larga
2018-05-12,0.0,-1.75,04520006,Quebrada Larga
2018-05-13,0.0,-1.58,04520006,Quebrada Larga
2018-05-14,0.33,-1.21,04520006,Quebrada Larga
2018-05-15,0.0,-1.33,04520006,Quebrada Larga
2018-05-16,0.0,-1.83,04520006,Quebrada Larga
2018-05-17,0.0,-1.58,04520006,Quebrada Larga
2018-05-18,0.0,-1.54,04520006,Quebrada Larga
2018-05-19,0.0,-1.62,04520006,Quebrada Larga
2018-05-20,0.0,-1.62,04520006,Quebrada Larga
2018-05-21,0.12,-1.21,04520006,Quebrada Larga
2018-05-22,0.08,-1.25,04520006,Quebrada Larga
2018-05-23,0.02,-1.12,04520006,Quebrada Larga
2018-05-24,0.0,-1.79,04520006,Quebrada Larga
2018-05-25,0.0,-1.5,04520006,Quebrada Larga
2018-05-26,0.0,-1.71,04520006,Quebrada Larga
2018-05-27,0.0,-1.54,04520006,Quebrada Larga
2018-05-28,0.04,-1.29,04520006,Quebrada Larga
2018-05-29,0.0,-1.38,04520006,Quebrada Larga
2018-05-30,2.51,8.17,04520006,Quebrada Larga
2018-05-31,15.83,15.42,04520006,Quebrada Larga
2018-06-01,13.92,12.59,04520006,Quebrada Larga
2018-06-02,12.71,11.71,04520006,Quebrada Larga
2018-06-03,12.21,10.88,04520006,Quebrada Larga
2018-06-04,10.54,9.21,04520006,Quebrada Larga
2018-06-05,9.86,8.52,04520006,Quebrada Larga
2018-06-06,9.71,8.38,04520006,Quebrada Larga
2018-06-07,9.07,7.54,04520006,Quebrada Larga
2018-06-08,8.81,7.58,04520006,Quebrada Larga
2018-06-09,8.79,7.46,04520006,Quebrada Larga
2018-06-10,9.62,9.41,04520006,Quebrada Larga
2018-06-11,34.67,33.33,04520006,Quebrada Larga
2018-06-12,36.16,34.83,04520006,Quebrada Larga
2018-06-13,35.59,34.26,04520006,Quebrada Larga
2018-06-14,33.46,32.12,04520006,Quebrada Larga
2018-06-15,31.75,30.42,04520006,Quebrada Larga
2018-06-16,30.88,29.54,04520006,Quebrada Larga
2018-06-17,29.67,28.33,04520006,Quebrada Larga
2018-06-18,28.62,27.29,04520006,Quebrada Larga
2018-06-19,27.58,26.25,04520006,Quebrada Larga
2018-06-20,27.75,26.42,04520006,Quebrada Larga
2018-06-21,28.02,26.0,04520006,Quebrada Larga
2018-06-22,27.29,25.96,04520006,Quebrada Larga
2018-06-23,26.88,25.75,04520006,Quebrada Larga
2018-06-24,28.55,27.53,04520006,Quebrada Larga
2018-06-25,30.29,28.96,04520006,Quebrada Larga
2018-06-26,29.92,28.58,04520006,Quebrada Larga
2018-06-27,29.88,28.54,04520006,Quebrada Larga
2018-06-28,28.75,27.42,04520006,Quebrada Larga
2018-06-29,26.64,25.04,04520006,Quebrada Larga
2018-06-30,26.68,25.35,04520006,Quebrada Larga
2018-07-01,26.58,25.25,04520006,Quebrada Larga
2018-07-02,25.75,24.42,04520006,Quebrada Larga
2018-07-03,27.29,26.18,04520006,Quebrada Larga
2018-07-04,29.71,28.38,04520006,Quebrada Larga
2018-07-05,36.79,34.96,04520006,Quebrada Larga
2018-07-06,35.75,34.42,04520006,Quebrada Larga
2018-07-07,34.42,33.08,04520006,Quebrada Larga
2018-07-08,33.79,32.46,04520006,Quebrada Larga
2018-07-09,33.29,31.96,04520006,Quebrada Larga
2018-07-10,32.79,31.46,04520006,Quebrada Larga
2018-07-11,32.25,30.92,04520006,Quebrada Larga
2018-07-12,31.25,29.92,04520006,Quebrada Larga
2018-07-13,31.12,29.79,04520006,Quebrada Larga
2018-07-14,31.12,29.79,04520006,Quebrada Larga
2018-07-15,30.92,29.58,04520006,Quebrada Larga
2018-07-16,31.12,29.54,04520006,Quebrada Larga
2018-07-17,32.02,32.37,04520006,Quebrada Larga
2018-07-18,54.43,53.1,04520006,Quebrada Larga
2018-07-19,60.19,58.86,04520006,Quebrada Larga
2018-07-20,58.51,57.17,04520006,Quebrada Larga
2018-07-21,53.5,52.17,04520006,Quebrada Larga
2018-07-22,52.79,51.46,04520006,Quebrada Larga
2018-07-23,50.79,49.46,04520006,Quebrada Larga
2018-07-24,50.5,49.17,04520006,Quebrada Larga
2018-07-25,48.83,47.5,04520006,Quebrada Larga
2018-07-26,48.46,47.33,04520006,Quebrada Larga
2018-07-27,49.13,47.41,04520006,Quebrada Larga
2018-07-28,47.83,46.5,04520006,Quebrada Larga
2018-07-29,47.87,46.54,04520006,Quebrada Larga
2018-07-30,47.08,45.75,04520006,Quebrada Larga
2018-07-31,46.92,45.58,04520006,Quebrada Larga
2018-08-01,45.92,44.58,04520006,Quebrada Larga
2018-08-02,45.87,44.54,04520006,Quebrada Larga
2018-08-03,44.75,43.42,04520006,Quebrada Larga
2018-08-04,44.59,42.96,04520006,Quebrada Larga
2018-08-05,43.83,42.5,04520006,Quebrada Larga
2018-08-06,44.21,42.88,04520006,Quebrada Larga
2018-08-07,45.56,44.17,04520006,Quebrada Larga
2018-08-08,45.12,43.78,04520006,Quebrada Larga
2018-08-09,44.51,43.17,04520006,Quebrada Larga
2018-08-10,43.56,42.23,04520006,Quebrada Larga
2018-08-11,43.72,42.39,04520006,Quebrada Larga
2018-08-12,43.59,42.04,04520006,Quebrada Larga
2018-08-13,44.2,42.86,04520006,Quebrada Larga
2018-08-14,43.37,42.04,04520006,Quebrada Larga
2018-08-15,42.54,41.21,04520006,Quebrada Larga
2018-08-16,41.86,40.52,04520006,Quebrada Larga
2018-08-17,42.29,40.96,04520006,Quebrada Larga
2018-08-18,41.9,40.67,04520006,Quebrada Larga
2018-08-19,40.2,39.12,04520006,Quebrada Larga
2018-08-20,39.42,39.42,04520006,Quebrada Larga
2018-08-21,40.17,38.83,04520006,Quebrada Larga
2018-08-22,40.0,38.67,04520006,Quebrada Larga
2018-08-23,38.67,37.33,04520006,Quebrada Larga
2018-08-24,35.38,34.04,04520006,Quebrada Larga
2018-08-25,34.03,32.5,04520006,Quebrada Larga
2018-08-26,33.25,31.71,04520006,Quebrada Larga
2018-08-27,31.83,30.5,04520006,Quebrada Larga
2018-08-28,28.67,27.33,04520006,Quebrada Larga
2018-08-29,26.54,25.21,04520006,Quebrada Larga
2018-08-30,26.0,24.67,04520006,Quebrada Larga
2018-08-31,26.48,25.05,04520006,Quebrada Larga
2018-09-01,20.97,19.64,04520006,Quebrada Larga
2018-09-02,21.62,20.29,04520006,Quebrada Larga
2018-09-03,19.94,18.38,04520006,Quebrada Larga
2018-09-04,17.0,15.67,04520006,Quebrada Larga
2018-09-05,13.42,12.33,04520006,Quebrada Larga
2018-09-06,10.75,9.42,04520006,Quebrada Larga
2018-09-07,8.29,6.96,04520006,Quebrada Larga
2018-09-08,6.08,4.75,04520006,Quebrada Larga
2018-09-09,3.17,1.83,04520006,Quebrada Larga
2018-09-10,0.92,-0.42,04520006,Quebrada Larga
2018-09-11,0.0,-1.83,04520006,Quebrada Larga
2018-09-12,0.0,-2.08,04520006,Quebrada Larga
2018-09-13,0.0,-2.13,04520006,Quebrada Larga
2018-09-14,0.0,-1.83,04520006,Quebrada Larga
2018-09-15,0.0,-1.54,04520006,Quebrada Larga
2018-09-16,0.0,-1.46,04520006,Quebrada Larga
2018-09-17,0.12,-1.21,04520006,Quebrada Larga
2018-09-18,0.1,-1.46,04520006,Quebrada Larga
2018-09-19,0.0,-1.46,04520006,Quebrada Larga
2018-09-20,0.12,-1.21,04520006,Quebrada Larga
2018-09-21,0.0,-1.67,04520006,Quebrada Larga
2018-09-22,0.0,-1.38,04520006,Quebrada Larga
2018-09-23,0.0,-1.75,04520006,Quebrada Larga
2018-09-24,0.29,-1.04,04520006,Quebrada Larga
2018-09-25,0.0,-1.33,04520006,Quebrada Larga
2018-09-26,0.0,-1.46,04520006,Quebrada Larga
2018-09-27,0.07,-1.38,04520006,Quebrada Larga
2018-09-28,0.15,-1.42,04520006,Quebrada Larga
2018-09-29,0.33,-1.0,04520006,Quebrada Larga
2018-09-30,0.61,-0.92,04520006,Quebrada Larga
2018-10-01,0.0,-1.29,04520006,Quebrada Larga
2018-10-02,0.0,-1.5,04520006,Quebrada Larga
2018-10-03,0.33,-1.0,04520006,Quebrada Larga
2018-10-04,0.33,-1.0,04520006,Quebrada Larga
2018-10-05,0.16,-1.17,04520006,Quebrada Larga
2018-10-06,0.29,-1.04,04520006,Quebrada Larga
2018-10-07,0.0,-1.83,04520006,Quebrada Larga
2018-10-08,4.62,3.29,04520006,Quebrada Larga
2018-10-09,13.86,12.53,04520006,Quebrada Larga
2018-10-10,15.05,13.71,04520006,Quebrada Larga
2018-10-11,14.71,14.06,04520006,Quebrada Larga
2018-10-12,19.24,17.91,04520006,Quebrada Larga
2018-10-13,14.25,12.92,04520006,Quebrada Larga
2018-10-14,10.25,8.42,04520006,Quebrada Larga
2018-10-15,4.58,3.25,04520006,Quebrada Larga
2018-10-16,1.17,-0.17,04520006,Quebrada Larga
2018-10-17,0.0,-1.71,04520006,Quebrada Larga
2018-10-18,0.0,-1.96,04520006,Quebrada Larga
2018-10-19,0.0,-2.33,04520006,Quebrada Larga
2018-10-20,0.0,-1.71,04520006,Quebrada Larga
2018-10-21,0.0,-1.67,04520006,Quebrada Larga
2018-10-22,0.0,-1.5,04520006,Quebrada Larga
2018-10-23,0.12,-1.21,04520006,Quebrada Larga
2018-10-24,0.0,-1.62,04520006,Quebrada Larga
2018-10-25,0.0,-1.5,04520006,Quebrada Larga
2018-10-26,0.0,-1.54,04520006,Quebrada Larga
2018-10-27,0.0,-1.42,04520006,Quebrada Larga
2018-10-28,0.0,-1.67,04520006,Quebrada Larga
2018-10-29,0.33,-1.0,04520006,Quebrada Larga
2018-10-30,0.0,1.65,04520006,Quebrada Larga
2018-10-31,0.17,-1.17,04520006,Quebrada Larga
2018-11-01,0.0,-1.5,04520006,Quebrada Larga
2018-11-02,0.0,-1.96,04520006,Quebrada Larga
2018-11-03,0.0,-1.62,04520006,Quebrada Larga
2018-11-04,0.0,-1.46,04520006,Quebrada Larga
2018-11-05,0.29,-1.17,04520006,Quebrada Larga
2018-11-06,0.33,-1.21,04520006,Quebrada Larga
2018-11-07,0.0,-2.04,04520006,Quebrada Larga
2018-11-08,0.0,-1.83,04520006,Quebrada Larga
2018-11-09,0.0,-1.91,04520006,Quebrada Larga
2018-11-10,0.08,-1.25,04520006,Quebrada Larga
2018-11-11,0.17,-1.17,04520006,Quebrada Larga
2018-11-12,0.0,-1.42,04520006,Quebrada Larga
2018-11-13,0.58,-0.75,04520006,Quebrada Larga
2018-11-14,0.33,-1.0,04520006,Quebrada Larga
2018-11-15,0.0,-1.46,04520006,Quebrada Larga
2018-11-16,0.0,-1.42,04520006,Quebrada Larga
2018-11-17,0.33,-1.0,04520006,Quebrada Larga
2018-11-18,0.25,-1.08,04520006,Quebrada Larga
2018-11-19,0.0,-1.79,04520006,Quebrada Larga
2018-11-20,0.0,-1.62,04520006,Quebrada Larga
2018-11-21,0.0,-1.33,04520006,Quebrada Larga
2018-11-22,0.0,-1.46,04520006,Quebrada Larga
2018-11-23,0.0,-1.67,04520006,Quebrada Larga
2018-11-24,0.0,-1.83,04520006,Quebrada Larga
2018-11-25,0.25,-1.08,04520006,Quebrada Larga
2018-11-26,0.08,-1.25,04520006,Quebrada Larga
2018-11-27,0.37,-0.96,04520006,Quebrada Larga
2018-11-28,0.12,-1.21,04520006,Quebrada Larga
2018-11-29,0.42,-0.92,04520006,Quebrada Larga
2018-11-30,0.7,-0.88,04520006,Quebrada Larga
2018-12-01,0.25,-1.08,04520006,Quebrada Larga
2018-12-02,0.12,-1.21,04520006,Quebrada Larga
2018-12-03,0.33,-1.0,04520006,Quebrada Larga
2018-12-04,0.46,-0.88,04520006,Quebrada Larga
2018-12-05,0.42,-0.91,04520006,Quebrada Larga
2018-12-06,0.81,-0.67,04520006,Quebrada Larga
2018-12-07,0.17,-1.17,04520006,Quebrada Larga
2018-12-08,0.62,-0.71,04520006,Quebrada Larga
2018-12-09,0.58,-0.75,04520006,Quebrada Larga
2018-12-10,0.46,-1.04,04520006,Quebrada Larga
2018-12-11,0.04,-1.29,04520006,Quebrada Larga
2018-12-12,0.37,-0.96,04520006,Quebrada Larga
2018-12-13,0.25,-1.08,04520006,Quebrada Larga
2018-12-14,0.33,-1.0,04520006,Quebrada Larga
2018-12-15,0.25,-1.08,04520006,Quebrada Larga
2018-12-16,0.04,-1.29,04520006,Quebrada Larga
2018-12-17,0.0,-1.92,04520006,Quebrada Larga
2018-12-18,0.0,-1.88,04520006,Quebrada Larga
2018-12-19,0.11,-1.46,04520006,Quebrada Larga
2018-12-20,0.12,-1.21,04520006,Quebrada Larga
2018-12-21,0.21,-1.12,04520006,Quebrada Larga
2018-12-22,0.0,-1.54,04520006,Quebrada Larga
2018-12-23,0.0,-1.38,04520006,Quebrada Larga
2018-12-24,0.0,-1.33,04520006,Quebrada Larga
2018-12-25,0.0,-1.71,04520006,Quebrada Larga
2018-12-26,0.0,-2.17,04520006,Quebrada Larga
2018-12-27,0.0,-1.46,04520006,Quebrada Larga
2018-12-28,0.17,-1.17,04520006,Quebrada Larga
2018-12-29,0.12,-1.21,04520006,Quebrada Larga
2018-12-30,0.0,-1.5,04520006,Quebrada Larga
2018-12-31,0.0,-1.92,04520006,Quebrada Larga
2019-01-01,0.0,-1.92,04520006,Quebrada Larga
2019-01-02,0.0,-1.54,04520006,Quebrada Larga
2019-01-03,0.0,-1.62,04520006,Quebrada Larga
2019-01-04,0.0,-1.67,04520006,Quebrada Larga
2019-01-05,,-2.29,04520006,Quebrada Larga
2019-01-06,0.0,-1.42,04520006,Quebrada Larga
2019-01-07,0.25,-1.08,04520006,Quebrada Larga
2019-01-08,0.37,-0.96,04520006,Quebrada Larga
2019-01-09,0.54,-0.79,04520006,Quebrada Larga
2019-01-10,0.88,-0.42,04520006,Quebrada Larga
2019-01-11,0.17,-1.17,04520006,Quebrada Larga
2019-01-12,0.62,-0.71,04520006,Quebrada Larga
2019-01-13,1.0,-0.33,04520006,Quebrada Larga
2019-01-14,0.42,-0.92,04520006,Quebrada Larga
2019-01-15,0.0,-1.38,04520006,Quebrada Larga
2019-01-16,0.0,-1.38,04520006,Quebrada Larga
2019-01-17,0.0,-2.52,04520006,Quebrada Larga
2019-01-18,0.0,-2.83,04520006,Quebrada Larga
2019-01-19,0.0,-2.54,04520006,Quebrada Larga
2019-01-20,,-3.35,04520006,Quebrada Larga
2019-01-21,0.0,-2.71,04520006,Quebrada Larga
2019-01-22,0.0,-2.79,04520006,Quebrada Larga
2019-01-23,0.0,-3.12,04520006,Quebrada Larga
2019-01-24,0.0,-3.04,04520006,Quebrada Larga
2019-01-25,0.0,-3.17,04520006,Quebrada Larga
2019-01-26,0.0,-3.46,04520006,Quebrada Larga
2019-01-27,0.0,-3.5,04520006,Quebrada Larga
2019-01-28,0.0,-3.5,04520006,Quebrada Larga
2019-01-29,0.0,-3.29,04520006,Quebrada Larga
2019-01-30,0.0,-3.39,04520006,Quebrada Larga
2019-01-31,0.0,-4.12,04520006,Quebrada Larga
2019-02-01,0.0,-2.92,04520006,Quebrada Larga
2019-02-02,0.0,-2.92,04520006,Quebrada Larga
2019-02-03,0.0,-2.71,04520006,Quebrada Larga
2019-02-04,0.0,-2.38,04520006,Quebrada Larga
2019-02-05,0.0,-2.42,04520006,Quebrada Larga
2019-02-06,0.0,-2.75,04520006,Quebrada Larga
2019-02-07,0.0,-2.38,04520006,Quebrada Larga
2019-02-08,0.0,-2.08,04520006,Quebrada Larga
2019-02-09,0.0,-1.67,04520006,Quebrada Larga
2019-02-10,0.0,-1.71,04520006,Quebrada Larga
2019-02-11,0.0,-2.0,04520006,Quebrada Larga
2019-02-12,0.0,-2.08,04520006,Quebrada Larga
2019-02-13,0.0,-2.0,04520006,Quebrada Larga
2019-02-14,0.0,-1.75,04520006,Quebrada Larga
2019-02-15,0.0,-2.17,04520006,Quebrada Larga
2019-02-16,0.0,-2.75,04520006,Quebrada Larga
2019-02-17,0.0,-2.61,04520006,Quebrada Larga
2019-02-18,0.0,-2.42,04520006,Quebrada Larga
2019-02-19,0.0,-2.08,04520006,Quebrada Larga
2019-02-20,0.0,-1.83,04520006,Quebrada Larga
2019-02-21,0.0,-2.21,04520006,Quebrada Larga
2019-02-22,0.0,-2.29,04520006,Quebrada Larga
2019-02-23,0.0,-2.25,04520006,Quebrada Larga
2019-02-24,0.0,-2.12,04520006,Quebrada Larga
2019-02-25,0.0,-1.79,04520006,Quebrada Larga
2019-02-26,0.0,-1.33,04520006,Quebrada Larga
2019-02-27,0.0,-1.71,04520006,Quebrada Larga
2019-02-28,0.0,-1.79,04520006,Quebrada Larga
2019-03-01,0.0,-1.75,04520006,Quebrada Larga
2019-03-02,0.0,-2.08,04520006,Quebrada Larga
2019-03-03,0.0,-1.83,04520006,Quebrada Larga
2019-03-04,0.0,-1.67,04520006,Quebrada Larga
2019-03-05,0.0,-1.42,04520006,Quebrada Larga
2019-03-06,0.0,-1.75,04520006,Quebrada Larga
2019-03-07,0.0,-1.62,04520006,Quebrada Larga
2019-03-08,0.0,-1.96,04520006,Quebrada Larga
2019-03-09,0.0,-1.96,04520006,Quebrada Larga
2019-03-10,0.0,-1.54,04520006,Quebrada Larga
2019-03-11,0.29,-1.04,04520006,Quebrada Larga
2019-03-12,0.37,-0.96,04520006,Quebrada Larga
2019-03-13,0.33,-1.0,04520006,Quebrada Larga
2019-03-14,0.12,-1.21,04520006,Quebrada Larga
2019-03-15,0.0,-1.71,04520006,Quebrada Larga
2019-03-16,0.0,-1.33,04520006,Quebrada Larga
2019-03-17,0.08,-1.25,04520006,Quebrada Larga
2019-03-18,0.12,-1.21,04520006,Quebrada Larga
2019-03-19,0.17,-1.17,04520006,Quebrada Larga
2019-03-20,0.33,-1.0,04520006,Quebrada Larga
2019-03-21,0.04,-1.29,04520006,Quebrada Larga
2019-03-22,0.29,-1.04,04520006,Quebrada Larga
2019-03-23,0.0,-1.42,04520006,Quebrada Larga
2019-03-24,0.04,-1.29,04520006,Quebrada Larga
2019-03-25,0.12,-1.21,04520006,Quebrada Larga
2019-03-26,0.29,-1.04,04520006,Quebrada Larga
2019-03-27,0.25,-1.08,04520006,Quebrada Larga
2019-03-28,0.46,-0.88,04520006,Quebrada Larga
2019-03-29,0.08,-1.25,04520006,Quebrada Larga
2019-03-30,0.0,-1.33,04520006,Quebrada Larga
2019-03-31,,-2.17,04520006,Quebrada Larga
2019-04-01,0.0,-1.67,04520006,Quebrada Larga
2019-04-02,0.21,-1.12,04520006,Quebrada Larga
2019-04-03,0.04,-1.29,04520006,Quebrada Larga
2019-04-04,0.33,-1.0,04520006,Quebrada Larga
2019-04-05,0.58,-0.75,04520006,Quebrada Larga
2019-04-06,0.21,-1.12,04520006,Quebrada Larga
2019-04-07,0.05,-1.71,04520006,Quebrada Larga
2019-04-08,0.0,-1.71,04520006,Quebrada Larga
2019-04-09,0.21,-1.12,04520006,Quebrada Larga
2019-04-10,0.37,-0.96,04520006,Quebrada Larga
2019-04-11,0.5,-0.83,04520006,Quebrada Larga
2019-04-12,0.79,-0.54,04520006,Quebrada Larga
2019-04-13,0.37,-0.96,04520006,Quebrada Larga
2019-04-14,0.67,-0.67,04520006,Quebrada Larga
2019-04-15,0.29,-1.04,04520006,Quebrada Larga
2019-04-16,0.46,-0.88,04520006,Quebrada Larga
2019-04-17,0.08,-0.88,04520006,Quebrada Larga
2019-04-18,0.0,-1.12,04520006,Quebrada Larga
2019-04-19,0.0,-1.12,04520006,Quebrada Larga
2019-04-20,0.0,-1.08,04520006,Quebrada Larga
2019-04-21,0.3,-0.75,04520006,Quebrada Larga
2019-04-22,0.39,-0.96,04520006,Quebrada Larga
2019-04-23,0.27,-0.88,04520006,Quebrada Larga
2019-04-24,0.0,2.3,04520006,Quebrada Larga
2019-04-25,0.0,-1.0,04520006,Quebrada Larga
2019-04-26,0.0,-1.21,04520006,Quebrada Larga
2019-04-27,0.0,-1.38,04520006,Quebrada Larga
2019-04-28,0.0,-1.29,04520006,Quebrada Larga
2019-04-29,0.0,-1.04,04520006,Quebrada Larga
2019-04-30,0.0,-1.08,04520006,Quebrada Larga
2019-05-01,0.0,-1.04,04520006,Quebrada Larga
2019-05-02,0.04,-0.92,04520006,Quebrada Larga
2019-05-03,0.0,-1.21,04520006,Quebrada Larga
2019-05-04,0.0,-1.17,04520006,Quebrada Larga
2019-05-05,0.0,-1.21,04520006,Quebrada Larga
2019-05-06,0.0,-1.42,04520006,Quebrada Larga
2019-05-07,0.0,-2.11,04520006,Quebrada Larga
2019-05-08,0.0,-1.29,04520006,Quebrada Larga
2019-05-09,0.48,-0.74,04520006,Quebrada Larga
2019-05-10,0.43,-0.96,04520006,Quebrada Larga
2019-05-11,0.0,-1.46,04520006,Quebrada Larga
2019-05-12,0.0,-1.67,04520006,Quebrada Larga
2019-05-13,0.0,-1.67,04520006,Quebrada Larga
2019-05-14,0.0,-1.83,04520006,Quebrada Larga
2019-05-15,0.0,-1.54,04520006,Quebrada Larga
2019-05-16,0.0,-1.79,04520006,Quebrada Larga
2019-05-17,0.0,-1.46,04520006,Quebrada Larga
2019-05-18,0.08,-1.33,04520006,Quebrada Larga
2019-05-19,0.04,-1.38,04520006,Quebrada Larga
2019-05-20,0.16,-1.42,04520006,Quebrada Larga
2019-05-21,0.92,-0.71,04520006,Quebrada Larga
2019-05-22,0.81,-0.75,04520006,Quebrada Larga
2019-05-23,0.42,-1.25,04520006,Quebrada Larga
2019-05-24,0.42,-1.08,04520006,Quebrada Larga
2019-05-25,0.42,-1.0,04520006,Quebrada Larga
2019-05-26,0.46,-1.08,04520006,Quebrada Larga
2019-05-27,0.54,-0.88,04520006,Quebrada Larga
2019-05-28,0.04,-1.38,04520006,Quebrada Larga
2019-05-29,3.68,2.65,04520006,Quebrada Larga
2019-05-30,13.31,11.08,04520006,Quebrada Larga
2019-05-31,11.24,9.58,04520006,Quebrada Larga
2019-06-01,8.29,6.88,04520006,Quebrada Larga
2019-06-02,7.71,6.29,04520006,Quebrada Larga
2019-06-03,7.0,5.58,04520006,Quebrada Larga
2019-06-04,5.88,4.46,04520006,Quebrada Larga
2019-06-05,5.42,4.0,04520006,Quebrada Larga
2019-06-06,4.5,3.08,04520006,Quebrada Larga
2019-06-07,4.33,2.92,04520006,Quebrada Larga
2019-06-08,3.5,2.08,04520006,Quebrada Larga
2019-06-09,3.33,1.92,04520006,Quebrada Larga
2019-06-10,3.67,2.25,04520006,Quebrada Larga
2019-06-11,3.46,2.04,04520006,Quebrada Larga
2019-06-12,2.62,1.21,04520006,Quebrada Larga
2019-06-13,3.22,1.43,04520006,Quebrada Larga
2019-06-14,1.38,-0.04,04520006,Quebrada Larga
2019-06-15,2.36,0.79,04520006,Quebrada Larga
2019-06-16,2.88,1.46,04520006,Quebrada Larga
2019-06-17,2.16,0.74,04520006,Quebrada Larga
2019-06-18,1.21,-0.21,04520006,Quebrada Larga
2019-06-19,0.33,-1.08,04520006,Quebrada Larga
2019-06-20,0.0,-1.79,04520006,Quebrada Larga
2019-06-21,0.14,-1.54,04520006,Quebrada Larga
2019-06-22,0.0,-1.92,04520006,Quebrada Larga
2019-06-23,0.42,-1.04,04520006,Quebrada Larga
2019-06-24,1.31,16.57,04520006,Quebrada Larga
2019-06-25,13.96,12.54,04520006,Quebrada Larga
2019-06-26,9.92,8.5,04520006,Quebrada Larga
2019-06-27,7.42,6.12,04520006,Quebrada Larga
2019-06-28,7.37,5.96,04520006,Quebrada Larga
2019-06-29,7.33,5.91,04520006,Quebrada Larga
2019-06-30,6.75,5.33,04520006,Quebrada Larga
2019-07-01,6.08,4.67,04520006,Quebrada Larga
2019-07-02,5.5,4.08,04520006,Quebrada Larga
2019-07-03,5.33,3.92,04520006,Quebrada Larga
2019-07-04,4.92,3.5,04520006,Quebrada Larga
2019-07-05,4.33,2.92,04520006,Quebrada Larga
2019-07-06,4.0,2.58,04520006,Quebrada Larga
2019-07-07,3.87,2.45,04520006,Quebrada Larga
2019-07-08,3.04,1.62,04520006,Quebrada Larga
2019-07-09,1.58,0.17,04520006,Quebrada Larga
2019-07-10,1.01,-0.62,04520006,Quebrada Larga
2019-07-11,0.0,-1.54,04520006,Quebrada Larga
2019-07-12,0.0,-1.67,04520006,Quebrada Larga
2019-07-13,0.0,-1.92,04520006,Quebrada Larga
2019-07-14,0.0,-1.92,04520006,Quebrada Larga
2019-07-15,,-2.46,04520006,Quebrada Larga
2019-07-16,0.0,-1.83,04520006,Quebrada Larga
2019-07-17,0.0,-1.79,04520006,Quebrada Larga
2019-07-18,0.0,-1.74,04520006,Quebrada Larga
2019-07-19,0.0,-2.21,04520006,Quebrada Larga
2019-07-20,0.0,-1.79,04520006,Quebrada Larga
2019-07-21,0.72,-0.79,04520006,Quebrada Larga
2019-07-22,1.22,-0.58,04520006,Quebrada Larga
2019-07-23,0.72,-0.92,04520006,Quebrada Larga
2019-07-24,0.0,-1.61,04520006,Quebrada Larga
2019-07-25,0.0,-1.92,04520006,Quebrada Larga
2019-07-26,0.0,-2.04,04520006,Quebrada Larga
2019-07-27,0.0,-1.83,04520006,Quebrada Larga
2019-07-28,0.08,-1.58,04520006,Quebrada Larga
2019-07-29,0.0,-1.42,04520006,Quebrada Larga
2019-07-30,0.0,-1.83,04520006,Quebrada Larga
2019-07-31,0.03,-1.46,04520006,Quebrada Larga
2019-08-01,0.37,-1.0,04520006,Quebrada Larga
2019-08-02,0.04,-1.38,04520006,Quebrada Larga
2019-08-03,0.0,-1.92,04520006,Quebrada Larga
2019-08-04,0.0,-1.75,04520006,Quebrada Larga
2019-08-05,0.0,-1.88,04520006,Quebrada Larga
2019-08-06,0.0,-1.79,04520006,Quebrada Larga
2019-08-07,0.33,-1.12,04520006,Quebrada Larga
2019-08-08,0.33,-1.08,04520006,Quebrada Larga
2019-08-09,0.46,-0.96,04520006,Quebrada Larga
2019-08-10,0.12,-1.36,04520006,Quebrada Larga
2019-08-11,0.0,-1.36,04520006,Quebrada Larga
2019-08-12,0.21,-1.21,04520006,Quebrada Larga
2019-08-13,0.0,-1.61,04520006,Quebrada Larga
2019-08-14,0.0,-1.58,04520006,Quebrada Larga
2019-08-15,0.0,-1.62,04520006,Quebrada Larga
2019-08-16,0.0,-1.67,04520006,Quebrada Larga
2019-08-17,0.12,-1.29,04520006,Quebrada Larga
2019-08-18,0.0,-1.42,04520006,Quebrada Larga
2019-08-19,0.11,-1.42,04520006,Quebrada Larga
2019-08-20,0.0,-1.71,04520006,Quebrada Larga
2019-08-21,0.1,-1.71,04520006,Quebrada Larga
2019-08-22,0.0,-2.04,04520006,Quebrada Larga
2019-08-23,0.0,-1.71,04520006,Quebrada Larga
2019-08-24,0.0,-1.5,04520006,Quebrada Larga
2019-08-25,0.0,-1.54,04520006,Quebrada Larga
2019-08-26,0.01,-1.42,04520006,Quebrada Larga
2019-08-27,0.0,-2.08,04520006,Quebrada Larga
2019-08-28,0.0,-1.79,04520006,Quebrada Larga
2019-08-29,0.0,-1.75,04520006,Quebrada Larga
2019-08-30,0.0,-1.83,04520006,Quebrada Larga
2019-08-31,0.0,-1.54,04520006,Quebrada Larga
2019-09-01,0.0,-1.88,04520006,Quebrada Larga
2019-09-02,0.0,-1.62,04520006,Quebrada Larga
2019-09-03,0.08,-1.33,04520006,Quebrada Larga
2019-09-04,0.0,-1.83,04520006,Quebrada Larga
2019-09-05,0.0,-1.5,04520006,Quebrada Larga
2019-09-06,0.16,-1.38,04520006,Quebrada Larga
2019-09-07,0.21,-1.21,04520006,Quebrada Larga
2019-09-08,0.42,-1.0,04520006,Quebrada Larga
2019-09-09,0.99,-0.43,04520006,Quebrada Larga
2019-09-10,1.38,-0.04,04520006,Quebrada Larga
2019-09-11,0.29,-1.13,04520006,Quebrada Larga
2019-09-12,0.0,-1.79,04520006,Quebrada Larga
2019-09-13,0.0,-1.67,04520006,Quebrada Larga
2019-09-14,,-1.5,04520006,Quebrada Larga
2019-09-15,0.0,-1.67,04520006,Quebrada Larga
2019-09-16,0.0,-1.75,04520006,Quebrada Larga
2019-09-17,0.0,-1.71,04520006,Quebrada Larga
2019-09-18,0.0,-1.79,04520006,Quebrada Larga
2019-09-19,0.0,-1.54,04520006,Quebrada Larga
2019-09-20,0.2,-1.38,04520006,Quebrada Larga
2019-09-21,0.0,-1.92,04520006,Quebrada Larga
2019-09-22,0.0,-1.75,04520006,Quebrada Larga
2019-09-23,0.0,-1.75,04520006,Quebrada Larga
2019-09-24,0.0,-2.71,04520006,Quebrada Larga
2019-09-25,0.0,-2.08,04520006,Quebrada Larga
2019-09-26,0.0,-2.54,04520006,Quebrada Larga
2019-09-27,0.0,-1.83,04520006,Quebrada Larga
2019-09-28,0.0,-2.08,04520006,Quebrada Larga
2019-09-29,0.0,-1.75,04520006,Quebrada Larga
2019-09-30,0.0,-1.67,04520006,Quebrada Larga
2019-10-01,0.25,-1.17,04520006,Quebrada Larga
2019-10-02,0.17,-1.25,04520006,Quebrada Larga
2019-10-03,0.0,-1.46,04520006,Quebrada Larga
2019-10-04,0.03,-1.54,04520006,Quebrada Larga
2019-10-05,0.1,-1.58,04520006,Quebrada Larga
2019-10-06,0.1,-1.33,04520006,Quebrada Larga
2019-10-07,0.0,-1.79,04520006,Quebrada Larga
2019-10-08,0.0,-2.08,04520006,Quebrada Larga
2019-10-09,0.0,-2.08,04520006,Quebrada Larga
2019-10-10,0.0,-1.54,04520006,Quebrada Larga
2019-10-11,0.0,-2.08,04520006,Quebrada Larga
2019-10-12,0.0,-1.67,04520006,Quebrada Larga
2019-10-13,0.0,-2.21,04520006,Quebrada Larga
2019-10-14,0.0,-2.04,04520006,Quebrada Larga
2019-10-15,0.0,-1.67,04520006,Quebrada Larga
2019-10-16,0.0,-1.79,04520006,Quebrada Larga
2019-10-17,0.04,-1.58,04520006,Quebrada Larga
2019-10-18,0.0,-1.71,04520006,Quebrada Larga
2019-10-19,0.0,-1.96,04520006,Quebrada Larga
2019-10-20,0.0,-1.5,04520006,Quebrada Larga
2019-10-21,0.0,-1.92,04520006,Quebrada Larga
2019-10-22,0.0,-1.62,04520006,Quebrada Larga
2019-10-23,0.0,-1.67,04520006,Quebrada Larga
2019-10-24,0.0,-2.04,04520006,Quebrada Larga
2019-10-25,0.02,-1.62,04520006,Quebrada Larga
2019-10-26,0.0,-1.92,04520006,Quebrada Larga
2019-10-27,0.0,-2.0,04520006,Quebrada Larga
2019-10-28,0.0,-2.21,04520006,Quebrada Larga
2019-10-29,,-1.71,04520006,Quebrada Larga
2019-10-30,0.0,-1.96,04520006,Quebrada Larga
2019-10-31,,-2.42,04520006,Quebrada Larga
2019-11-01,0.0,-2.0,04520006,Quebrada Larga
2019-11-02,0.0,-2.12,04520006,Quebrada Larga
2019-11-03,0.0,-2.21,04520006,Quebrada Larga
2019-11-04,0.0,-1.88,04520006,Quebrada Larga
2019-11-05,0.07,-1.96,04520006,Quebrada Larga
2019-11-06,0.0,-1.92,04520006,Quebrada Larga
2019-11-07,0.0,-1.92,04520006,Quebrada Larga
2019-11-08,0.0,-2.21,04520006,Quebrada Larga
2019-11-09,0.01,-1.67,04520006,Quebrada Larga
2019-11-10,0.0,-2.21,04520006,Quebrada Larga
2019-11-11,0.0,-2.5,04520006,Quebrada Larga
2019-11-12,0.0,-2.57,04520006,Quebrada Larga
2019-11-13,0.0,-2.04,04520006,Quebrada Larga
2019-11-14,0.0,-2.46,04520006,Quebrada Larga
2019-11-15,0.0,-2.67,04520006,Quebrada Larga
2019-11-16,0.0,-2.67,04520006,Quebrada Larga
2019-11-17,0.0,-2.26,04520006,Quebrada Larga
2019-11-18,0.0,-2.33,04520006,Quebrada Larga
2019-11-19,0.0,-2.5,04520006,Quebrada Larga
2019-11-20,0.0,-3.04,04520006,Quebrada Larga
2019-11-21,0.0,-2.88,04520006,Quebrada Larga
2019-11-22,0.0,-2.96,04520006,Quebrada Larga
2019-11-23,0.0,-2.39,04520006,Quebrada Larga
2019-11-24,0.0,-2.58,04520006,Quebrada Larga
2019-11-25,0.0,-1.88,04520006,Quebrada Larga
2019-11-26,0.0,-1.83,04520006,Quebrada Larga
2019-11-27,0.0,-2.08,04520006,Quebrada Larga
2019-11-28,0.0,-2.0,04520006,Quebrada Larga
2019-11-29,0.0,-2.17,04520006,Quebrada Larga
2019-11-30,0.0,-2.08,04520006,Quebrada Larga
2019-12-01,0.0,-2.42,04520006,Quebrada Larga
2019-12-02,0.0,-2.5,04520006,Quebrada Larga
2019-12-03,0.0,-2.38,04520006,Quebrada Larga
2019-12-04,0.12,-1.96,04520006,Quebrada Larga
2019-12-05,0.0,-2.08,04520006,Quebrada Larga
2019-12-06,0.0,-2.08,04520006,Quebrada Larga
2019-12-07,0.21,-1.88,04520006,Quebrada Larga
2019-12-08,0.21,-1.88,04520006,Quebrada Larga
2019-12-09,0.3,-1.92,04520006,Quebrada Larga
2019-12-10,0.0,-2.25,04520006,Quebrada Larga
2019-12-11,0.0,-2.17,04520006,Quebrada Larga
2019-12-12,0.0,-2.17,04520006,Quebrada Larga
2019-12-13,0.33,-1.75,04520006,Quebrada Larga
2019-12-14,0.17,-1.92,04520006,Quebrada Larga
2019-12-15,0.29,-1.79,04520006,Quebrada Larga
2019-12-16,0.34,-1.74,04520006,Quebrada Larga
2019-12-17,0.9,-1.39,04520006,Quebrada Larga
2019-12-18,0.86,-1.46,04520006,Quebrada Larga
2019-12-19,0.0,-2.12,04520006,Quebrada Larga
2019-12-20,0.46,-1.62,04520006,Quebrada Larga
2019-12-21,0.71,-1.38,04520006,Quebrada Larga
2019-12-22,0.83,-1.25,04520006,Quebrada Larga
2019-12-23,0.0,-2.17,04520006,Quebrada Larga
2019-12-24,0.12,-1.96,04520006,Quebrada Larga
2019-12-25,0.17,-1.92,04520006,Quebrada Larga
2019-12-26,0.21,-1.88,04520006,Quebrada Larga
2019-12-27,0.25,-1.83,04520006,Quebrada Larga
2019-12-28,0.04,-2.04,04520006,Quebrada Larga
2019-12-29,0.62,-1.46,04520006,Quebrada Larga
2019-12-30,0.92,-1.17,04520006,Quebrada Larga
2019-12-31,0.61,-1.67,04520006,Quebrada Larga
2020-01-01,0.0,-2.08,04520006,Quebrada Larga
2020-01-02,0.83,-1.25,04520006,Quebrada Larga
2020-01-03,0.04,-2.04,04520006,Quebrada Larga
2020-01-04,,-3.0,04520006,Quebrada Larga
2020-01-05,0.7,-1.71,04520006,Quebrada Larga
2020-01-06,0.83,-1.25,04520006,Quebrada Larga
2020-01-07,0.79,-1.29,04520006,Quebrada Larga
2020-01-08,0.87,-1.21,04520006,Quebrada Larga
2020-01-09,,-0.67,04520006,Quebrada Larga
2020-01-10,1.04,-1.04,04520006,Quebrada Larga
2020-01-11,0.62,-1.46,04520006,Quebrada Larga
2020-01-12,0.37,-1.71,04520006,Quebrada Larga
2020-01-13,0.68,-1.62,04520006,Quebrada Larga
2020-01-14,0.04,-2.04,04520006,Quebrada Larga
2020-01-15,0.94,-1.5,04520006,Quebrada Larga
2020-01-16,0.0,-2.17,04520006,Quebrada Larga
2020-01-17,0.0,-2.21,04520006,Quebrada Larga
2020-01-18,0.0,-2.46,04520006,Quebrada Larga
2020-01-19,0.0,-2.46,04520006,Quebrada Larga
2020-01-20,0.0,-2.33,04520006,Quebrada Larga
2020-01-21,0.17,-1.92,04520006,Quebrada Larga
2020-01-22,0.04,-2.5,04520006,Quebrada Larga
2020-01-23,0.0,-2.58,04520006,Quebrada Larga
2020-01-24,0.0,-2.62,04520006,Quebrada Larga
2020-01-25,0.0,-3.18,04520006,Quebrada Larga
2020-01-26,0.0,-3.42,04520006,Quebrada Larga
2020-01-27,0.0,-2.58,04520006,Quebrada Larga
2020-01-28,0.0,-2.17,04520006,Quebrada Larga
2020-01-29,0.21,-1.88,04520006,Quebrada Larga
2020-01-30,0.29,-1.79,04520006,Quebrada Larga
2020-01-31,0.25,-1.83,04520006,Quebrada Larga
2020-02-01,0.47,-1.75,04520006,Quebrada Larga
2020-02-02,0.08,-2.0,04520006,Quebrada Larga
2020-02-03,0.17,-1.92,04520006,Quebrada Larga
2020-02-04,0.29,-1.79,04520006,Quebrada Larga
2020-02-05,,-1.7,04520006,Quebrada Larga
2020-02-06,0.37,-1.71,04520006,Quebrada Larga
2020-02-07,0.08,-2.0,04520006,Quebrada Larga
2020-02-08,0.17,-1.92,04520006,Quebrada Larga
2020-02-09,0.0,-2.17,04520006,Quebrada Larga
2020-02-10,0.0,-2.29,04520006,Quebrada Larga
2020-02-11,0.0,-2.33,04520006,Quebrada Larga
2020-02-12,0.0,-2.38,04520006,Quebrada Larga
2020-02-13,,-2.12,04520006,Quebrada Larga
2020-02-14,0.0,-2.38,04520006,Quebrada Larga
2020-02-15,0.0,-2.33,04520006,Quebrada Larga
2020-02-16,0.0,-2.5,04520006,Quebrada Larga
2020-02-17,0.0,-2.5,04520006,Quebrada Larga
2020-02-18,0.17,-1.92,04520006,Quebrada Larga
2020-02-19,0.0,-2.46,04520006,Quebrada Larga
2020-02-20,0.04,-2.04,04520006,Quebrada Larga
2020-02-21,0.0,-2.17,04520006,Quebrada Larga
2020-02-22,0.0,-2.08,04520006,Quebrada Larga
2020-02-23,0.29,-1.79,04520006,Quebrada Larga
2020-02-24,0.29,-1.79,04520006,Quebrada Larga
2020-02-25,0.39,-1.92,04520006,Quebrada Larga
2020-02-26,0.04,-2.04,04520006,Quebrada Larga
2020-02-27,0.56,-1.67,04520006,Quebrada Larga
2020-02-28,0.0,-2.12,04520006,Quebrada Larga
2020-02-29,0.73,-1.75,04520006,Quebrada Larga
2020-03-01,0.04,-2.04,04520006,Quebrada Larga
2020-03-02,0.17,-1.92,04520006,Quebrada Larga
2020-03-03,0.82,-1.38,04520006,Quebrada Larga
2020-03-04,0.0,-2.5,04520006,Quebrada Larga
2020-03-05,0.0,-2.46,04520006,Quebrada Larga
2020-03-06,0.0,-2.29,04520006,Quebrada Larga
2020-03-07,0.0,-2.58,04520006,Quebrada Larga
2020-03-08,0.0,-2.61,04520006,Quebrada Larga
2020-03-09,0.0,-2.33,04520006,Quebrada Larga
2020-03-10,0.0,-2.42,04520006,Quebrada Larga
2020-03-11,0.21,-1.88,04520006,Quebrada Larga
2020-03-12,0.0,-2.33,04520006,Quebrada Larga
2020-03-13,0.12,-1.96,04520006,Quebrada Larga
2020-03-14,0.25,-1.83,04520006,Quebrada Larga
2020-03-15,0.0,-2.12,04520006,Quebrada Larga
2020-03-16,0.52,-1.71,04520006,Quebrada Larga
2020-03-17,0.58,-1.5,04520006,Quebrada Larga
2020-03-18,0.71,-1.38,04520006,Quebrada Larga
2020-03-19,0.87,-1.21,04520006,Quebrada Larga
2020-03-20,1.18,-1.46,04520006,Quebrada Larga
2020-03-21,0.29,-1.79,04520006,Quebrada Larga
2020-03-22,0.48,-1.92,04520006,Quebrada Larga
2020-03-23,0.62,-1.46,04520006,Quebrada Larga
2020-03-24,0.46,-1.62,04520006,Quebrada Larga
2020-03-25,0.58,-1.5,04520006,Quebrada Larga
2020-03-26,,,04520006,Quebrada Larga
2020-03-27,,,04520006,Quebrada Larga
2020-03-28,,,04520006,Quebrada Larga
2020-03-29,,,04520006,Quebrada Larga
2020-03-30,,,04520006,Quebrada Larga
2020-03-31,,,04520006,Quebrada Larga
2020-04-01,,,04520006,Quebrada Larga
2020-04-02,,,04520006,Quebrada Larga
2020-04-03,,,04520006,Quebrada Larga
2020-04-04,,,04520006,Quebrada Larga
2020-04-05,,,04520006,Quebrada Larga
2020-04-06,,,04520006,Quebrada Larga
2020-04-07,,,04520006,Quebrada Larga
2020-04-08,,,04520006,Quebrada Larga
2020-04-09,,,04520006,Quebrada Larga
2020-04-10,0.58,-1.5,04520006,Quebrada Larga
2020-04-11,0.61,-1.58,04520006,Quebrada Larga
2020-04-12,1.54,-0.54,04520006,Quebrada Larga
2020-04-13,1.0,-1.08,04520006,Quebrada Larga
2020-04-14,0.83,-1.25,04520006,Quebrada Larga
2020-04-15,1.0,-1.08,04520006,Quebrada Larga
2020-04-16,0.67,-1.42,04520006,Quebrada Larga
2020-04-17,0.54,-1.54,04520006,Quebrada Larga
2020-04-18,0.17,-1.92,04520006,Quebrada Larga
2020-04-19,0.78,-1.46,04520006,Quebrada Larga
2020-04-20,0.12,-1.96,04520006,Quebrada Larga
2020-04-21,0.25,-1.83,04520006,Quebrada Larga
2020-04-22,0.54,-1.54,04520006,Quebrada Larga
2020-04-23,1.04,-1.04,04520006,Quebrada Larga
2020-04-24,1.08,-1.0,04520006,Quebrada Larga
2020-04-25,0.54,-1.54,04520006,Quebrada Larga
2020-04-26,0.58,-1.5,04520006,Quebrada Larga
2020-04-27,0.77,-1.54,04520006,Quebrada Larga
2020-04-28,0.91,14.21,04520006,Quebrada Larga
2020-04-29,0.96,-1.12,04520006,Quebrada Larga
2020-04-30,0.77,13.92,04520006,Quebrada Larga
2020-05-01,1.34,-0.92,04520006,Quebrada Larga
2020-05-02,0.82,-1.38,04520006,Quebrada Larga
2020-05-03,1.38,60.79,04520006,Quebrada Larga
2020-05-04,1.04,-1.21,04520006,Quebrada Larga
2020-05-05,1.17,-0.79,04520006,Quebrada Larga
2020-05-06,0.8,45.21,04520006,Quebrada Larga
2020-05-07,0.95,-1.38,04520006,Quebrada Larga
2020-05-08,1.08,-1.38,04520006,Quebrada Larga
2020-05-09,1.04,-1.04,04520006,Quebrada Larga
2020-05-10,1.36,-0.96,04520006,Quebrada Larga
2020-05-11,0.81,14.78,04520006,Quebrada Larga
2020-05-12,1.12,-0.96,04520006,Quebrada Larga
2020-05-13,1.61,-0.7,04520006,Quebrada Larga
2020-05-14,1.82,-0.62,04520006,Quebrada Larga
2020-05-15,0.95,-1.33,04520006,Quebrada Larga
2020-05-16,0.92,-1.17,04520006,Quebrada Larga
2020-05-17,0.96,-1.12,04520006,Quebrada Larga
2020-05-18,1.26,14.62,04520006,Quebrada Larga
2020-05-19,1.17,14.5,04520006,Quebrada Larga
2020-05-20,1.54,-0.54,04520006,Quebrada Larga
2020-05-21,1.5,-0.58,04520006,Quebrada Larga
2020-05-22,1.65,4.1666666666666666e+36,04520006,Quebrada Larga
2020-05-23,1.13,4.1666666666666666e+36,04520006,Quebrada Larga
2020-05-24,0.65,4.1666666666666666e+36,04520006,Quebrada Larga
2020-05-25,0.35,3.7499999999999997e+37,04520006,Quebrada Larga
2020-05-26,0.67,-1.42,04520006,Quebrada Larga
2020-05-27,0.82,-1.38,04520006,Quebrada Larga
2020-05-28,1.08,-0.96,04520006,Quebrada Larga
2020-05-29,1.08,-0.83,04520006,Quebrada Larga
2020-05-30,1.37,1.06,04520006,Quebrada Larga
2020-05-31,7.67,5.58,04520006,Quebrada Larga
2020-06-01,4.82,2.74,04520006,Quebrada Larga
2020-06-02,4.93,2.85,04520006,Quebrada Larga
2020-06-03,6.28,4.2,04520006,Quebrada Larga
2020-06-04,5.43,3.08,04520006,Quebrada Larga
2020-06-05,3.74,1.65,04520006,Quebrada Larga
2020-06-06,2.67,0.58,04520006,Quebrada Larga
2020-06-07,3.08,1.0,04520006,Quebrada Larga
2020-06-08,2.67,0.58,04520006,Quebrada Larga
2020-06-09,1.92,-0.17,04520006,Quebrada Larga
2020-06-10,1.0,-1.08,04520006,Quebrada Larga
2020-06-11,1.33,-0.75,04520006,Quebrada Larga
2020-06-12,2.08,-0.04,04520006,Quebrada Larga
2020-06-13,0.54,-1.54,04520006,Quebrada Larga
2020-06-14,0.58,-1.5,04520006,Quebrada Larga
2020-06-15,0.51,-1.42,04520006,Quebrada Larga
2020-06-16,0.33,-1.75,04520006,Quebrada Larga
2020-06-17,9.85,7.76,04520006,Quebrada Larga
2020-06-18,4.54,2.46,04520006,Quebrada Larga
2020-06-19,3.42,1.04,04520006,Quebrada Larga
2020-06-20,1.87,-0.08,04520006,Quebrada Larga
2020-06-21,0.58,-1.5,04520006,Quebrada Larga
2020-06-22,0.82,-1.17,04520006,Quebrada Larga
2020-06-23,2.36,0.04,04520006,Quebrada Larga
2020-06-24,3.08,1.21,04520006,Quebrada Larga
2020-06-25,3.21,1.12,04520006,Quebrada Larga
2020-06-26,3.29,1.21,04520006,Quebrada Larga
2020-06-27,2.83,0.75,04520006,Quebrada Larga
2020-06-28,2.37,0.29,04520006,Quebrada Larga
2020-06-29,10.85,8.76,04520006,Quebrada Larga
2020-06-30,17.47,15.39,04520006,Quebrada Larga
2020-07-01,17.62,15.54,04520006,Quebrada Larga
2020-07-02,17.58,15.5,04520006,Quebrada Larga
2020-07-03,16.83,14.75,04520006,Quebrada Larga
2020-07-04,16.54,14.46,04520006,Quebrada Larga
2020-07-05,17.54,15.75,04520006,Quebrada Larga
2020-07-06,16.5,14.42,04520006,Quebrada Larga
2020-07-07,16.31,13.67,04520006,Quebrada Larga
2020-07-08,15.78,13.7,04520006,Quebrada Larga
2020-07-09,14.58,12.5,04520006,Quebrada Larga
2020-07-10,14.87,12.54,04520006,Quebrada Larga
2020-07-11,14.25,12.17,04520006,Quebrada Larga
2020-07-12,13.38,11.29,04520006,Quebrada Larga
2020-07-13,13.69,11.42,04520006,Quebrada Larga
2020-07-14,13.04,10.96,04520006,Quebrada Larga
2020-07-15,12.88,10.79,04520006,Quebrada Larga
2020-07-16,13.39,11.42,04520006,Quebrada Larga
2020-07-17,13.29,11.21,04520006,Quebrada Larga
2020-07-18,11.96,9.88,04520006,Quebrada Larga
2020-07-19,11.52,9.29,04520006,Quebrada Larga
2020-07-20,10.92,8.83,04520006,Quebrada Larga
2020-07-21,10.25,8.17,04520006,Quebrada Larga
2020-07-22,10.36,8.27,04520006,Quebrada Larga
2020-07-23,10.04,7.95,04520006,Quebrada Larga
2020-07-24,9.27,6.91,04520006,Quebrada Larga
2020-07-25,9.47,7.25,04520006,Quebrada Larga
2020-07-26,9.92,7.83,04520006,Quebrada Larga
2020-07-27,9.67,7.58,04520006,Quebrada Larga
2020-07-28,9.46,7.14,04520006,Quebrada Larga
2020-07-29,8.5,6.42,04520006,Quebrada Larga
2020-07-30,8.83,6.75,04520006,Quebrada Larga
2020-07-31,7.71,5.62,04520006,Quebrada Larga
2020-08-01,7.33,5.25,04520006,Quebrada Larga
2020-08-02,6.04,3.96,04520006,Quebrada Larga
2020-08-03,5.38,3.29,04520006,Quebrada Larga
2020-08-04,4.17,2.08,04520006,Quebrada Larga
2020-08-05,2.08,0.0,04520006,Quebrada Larga
2020-08-06,0.0,-2.12,04520006,Quebrada Larga
2020-08-07,0.0,-2.62,04520006,Quebrada Larga
2020-08-08,0.0,-2.79,04520006,Quebrada Larga
2020-08-09,0.0,-2.46,04520006,Quebrada Larga
2020-08-10,0.0,-2.54,04520006,Quebrada Larga
2020-08-11,0.0,-2.12,04520006,Quebrada Larga
2020-08-12,0.26,-1.71,04520006,Quebrada Larga
2020-08-13,0.08,-2.0,04520006,Quebrada Larga
2020-08-14,0.29,-1.79,04520006,Quebrada Larga
2020-08-15,0.0,-2.08,04520006,Quebrada Larga
2020-08-16,0.0,-2.21,04520006,Quebrada Larga
2020-08-17,0.5,-1.58,04520006,Quebrada Larga
2020-08-18,0.67,-1.42,04520006,Quebrada Larga
2020-08-19,1.61,-0.48,04520006,Quebrada Larga
2020-08-20,,0.08,04520006,Quebrada Larga
2020-08-21,1.75,-0.33,04520006,Quebrada Larga
2020-08-22,1.89,-0.19,04520006,Quebrada Larga
2020-08-23,2.08,0.0,04520006,Quebrada Larga
2020-08-24,2.34,0.17,04520006,Quebrada Larga
2020-08-25,1.95,-0.14,04520006,Quebrada Larga
2020-08-26,2.51,0.22,04520006,Quebrada Larga
2020-08-27,2.0,-0.08,04520006,Quebrada Larga
2020-08-28,2.83,0.17,04520006,Quebrada Larga
2020-08-29,2.42,0.33,04520006,Quebrada Larga
2020-08-30,2.08,0.0,04520006,Quebrada Larga
2020-08-31,2.21,0.12,04520006,Quebrada Larga
2020-09-01,2.25,0.17,04520006,Quebrada Larga
2020-09-02,2.43,-0.09,04520006,Quebrada Larga
2020-09-03,2.29,0.21,04520006,Quebrada Larga
2020-09-04,2.7,0.21,04520006,Quebrada Larga
2020-09-05,2.52,0.43,04520006,Quebrada Larga
2020-09-06,2.08,0.0,04520006,Quebrada Larga
2020-09-07,2.0,-0.08,04520006,Quebrada Larga
2020-09-08,2.75,0.33,04520006,Quebrada Larga
2020-09-09,1.67,-0.42,04520006,Quebrada Larga
2020-09-10,2.12,0.04,04520006,Quebrada Larga
2020-09-11,2.17,0.08,04520006,Quebrada Larga
2020-09-12,2.22,0.12,04520006,Quebrada Larga
2020-09-13,2.36,-0.04,04520006,Quebrada Larga
2020-09-14,2.08,0.0,04520006,Quebrada Larga
2020-09-15,,-0.04,04520006,Quebrada Larga
2020-09-16,2.12,0.04,04520006,Quebrada Larga
2020-09-17,1.83,-0.25,04520006,Quebrada Larga
2020-09-18,1.96,-0.12,04520006,Quebrada Larga
2020-09-19,1.96,-0.12,04520006,Quebrada Larga
2020-09-20,0.0,-0.17,04520006,Quebrada Larga
2020-09-21,0.0,-0.42,04520006,Quebrada Larga
2020-09-22,0.04,0.04,04520006,Quebrada Larga
2020-09-23,0.04,0.04,04520006,Quebrada Larga
2020-09-24,0.17,0.17,04520006,Quebrada Larga
2020-09-25,0.0,-0.21,04520006,Quebrada Larga
2020-09-26,0.25,0.25,04520006,Quebrada Larga
2020-09-27,0.8,0.46,04520006,Quebrada Larga
2020-09-28,0.55,0.43,04520006,Quebrada Larga
2020-09-29,0.0,-0.21,04520006,Quebrada Larga
2020-09-30,0.85,0.12,04520006,Quebrada Larga
2020-10-01,0.8,0.29,04520006,Quebrada Larga
2020-10-02,0.0,0.0,04520006,Quebrada Larga
2020-10-03,0.0,-0.14,04520006,Quebrada Larga
2020-10-04,0.36,0.08,04520006,Quebrada Larga
2020-10-05,0.53,61.88,04520006,Quebrada Larga
2020-10-06,,24.0,04520006,Quebrada Larga
2020-10-07,0.5,0.5,04520006,Quebrada Larga
2020-10-08,,-0.88,04520006,Quebrada Larga
2020-10-09,0.04,0.04,04520006,Quebrada Larga
2020-10-10,0.0,-0.12,04520006,Quebrada Larga
2020-10-11,0.0,-0.25,04520006,Quebrada Larga
2020-10-12,0.0,-0.21,04520006,Quebrada Larga
2020-10-13,0.0,-0.42,04520006,Quebrada Larga
2020-10-14,0.0,-0.29,04520006,Quebrada Larga
2020-10-15,0.0,-0.62,04520006,Quebrada Larga
2020-10-16,0.04,0.04,04520006,Quebrada Larga
2020-10-17,0.0,0.0,04520006,Quebrada Larga
2020-10-18,0.0,-0.79,04520006,Quebrada Larga
2020-10-19,0.04,0.04,04520006,Quebrada Larga
2020-10-20,0.0,-0.25,04520006,Quebrada Larga
2020-10-21,0.0,30.54,04520006,Quebrada Larga
2020-10-22,0.0,14.83,04520006,Quebrada Larga
2020-10-23,0.0,-0.17,04520006,Quebrada Larga
2020-10-24,0.0,15.17,04520006,Quebrada Larga
2020-10-25,,46.29,04520006,Quebrada Larga
2020-10-26,0.0,-0.38,04520006,Quebrada Larga
2020-10-27,0.0,14.96,04520006,Quebrada Larga
2020-10-28,0.0,15.91,04520006,Quebrada Larga
2020-10-29,0.0,-0.42,04520006,Quebrada Larga
2020-10-30,0.0,-0.25,04520006,Quebrada Larga
2020-10-31,0.0,-0.21,04520006,Quebrada Larga
2020-11-01,0.0,-0.25,04520006,Quebrada Larga
2020-11-02,0.0,-0.42,04520006,Quebrada Larga
2020-11-03,0.0,-0.5,04520006,Quebrada Larga
2020-11-04,0.0,-0.57,04520006,Quebrada Larga
2020-11-05,0.0,-0.71,04520006,Quebrada Larga
2020-11-06,0.0,-0.54,04520006,Quebrada Larga
2020-11-07,0.0,-0.42,04520006,Quebrada Larga
2020-11-08,0.0,-0.83,04520006,Quebrada Larga
2020-11-09,0.0,-0.12,04520006,Quebrada Larga
2020-11-10,0.0,-0.71,04520006,Quebrada Larga
2020-11-11,0.0,-0.33,04520006,Quebrada Larga
2020-11-12,0.0,-0.33,04520006,Quebrada Larga
2020-11-13,0.0,-0.33,04520006,Quebrada Larga
2020-11-14,0.0,-0.17,04520006,Quebrada Larga
2020-11-15,0.0,-0.21,04520006,Quebrada Larga
2020-11-16,0.0,-0.46,04520006,Quebrada Larga
2020-11-17,0.09,-0.12,04520006,Quebrada Larga
2020-11-18,,-0.92,04520006,Quebrada Larga
2020-11-19,0.0,-0.29,04520006,Quebrada Larga
2020-11-20,0.0,-0.33,04520006,Quebrada Larga
2020-11-21,0.0,-0.39,04520006,Quebrada Larga
2020-11-22,0.0,-0.54,04520006,Quebrada Larga
2020-11-23,0.0,-0.65,04520006,Quebrada Larga
2020-11-24,0.0,-0.54,04520006,Quebrada Larga
2020-11-25,0.0,-0.04,04520006,Quebrada Larga
2020-11-26,0.0,-0.21,04520006,Quebrada Larga
2020-11-27,0.0,-0.25,04520006,Quebrada Larga
2020-11-28,0.0,-0.58,04520006,Quebrada Larga
2020-11-29,0.0,-0.48,04520006,Quebrada Larga
2020-11-30,0.0,-0.5,04520006,Quebrada Larga
2020-12-01,0.0,-0.5,04520006,Quebrada Larga
2020-12-02,,0.04,04520006,Quebrada Larga
2020-12-03,0.0,-0.75,04520006,Quebrada Larga
2020-12-04,0.0,-0.38,04520006,Quebrada Larga
2020-12-05,0.0,-1.08,04520006,Quebrada Larga
2020-12-06,0.0,-0.54,04520006,Quebrada Larga
2020-12-07,0.0,-0.62,04520006,Quebrada Larga
2020-12-08,0.0,-0.08,04520006,Quebrada Larga
2020-12-09,0.0,-1.04,04520006,Quebrada Larga
2020-12-10,0.0,-0.71,04520006,Quebrada Larga
2020-12-11,0.0,-0.5,04520006,Quebrada Larga
2020-12-12,0.0,-0.67,04520006,Quebrada Larga
2020-12-13,0.0,-0.38,04520006,Quebrada Larga
2020-12-14,0.0,-0.96,04520006,Quebrada Larga
2020-12-15,0.0,-0.83,04520006,Quebrada Larga
2020-12-16,0.0,-0.5,04520006,Quebrada Larga
2020-12-17,0.0,-0.48,04520006,Quebrada Larga
2020-12-18,0.0,-0.25,04520006,Quebrada Larga
2020-12-19,0.0,-0.75,04520006,Quebrada Larga
2020-12-20,0.0,-0.5,04520006,Quebrada Larga
2020-12-21,0.0,-1.12,04520006,Quebrada Larga
2020-12-22,0.0,-0.88,04520006,Quebrada Larga
2020-12-23,0.0,-1.42,04520006,Quebrada Larga
2020-12-24,0.0,-1.21,04520006,Quebrada Larga
2020-12-25,0.0,-2.17,04520006,Quebrada Larga
2020-12-26,0.0,-2.04,04520006,Quebrada Larga
2020-12-27,0.0,-2.3,04520006,Quebrada Larga
2020-12-28,0.0,-2.08,04520006,Quebrada Larga
2020-12-29,0.0,-1.96,04520006,Quebrada Larga
2020-12-30,0.0,-1.79,04520006,Quebrada Larga
2020-12-31,0.0,-2.42,04520006,Quebrada Larga
2021-01-01,0.0,-2.54,04520006,Quebrada Larga
2021-01-02,0.0,-2.21,04520006,Quebrada Larga
2021-01-03,0.0,-1.75,04520006,Quebrada Larga
2021-01-04,,-2.39,04520006,Quebrada Larga
2021-01-05,0.0,-1.92,04520006,Quebrada Larga
2021-01-06,0.0,-1.71,04520006,Quebrada Larga
2021-01-07,0.0,-1.79,04520006,Quebrada Larga
2021-01-08,0.0,-1.42,04520006,Quebrada Larga
2021-01-09,0.0,-1.61,04520006,Quebrada Larga
2021-01-10,0.0,-1.62,04520006,Quebrada Larga
2021-01-11,0.0,-1.65,04520006,Quebrada Larga
2021-01-12,0.0,-1.54,04520006,Quebrada Larga
2021-01-13,0.0,-1.71,04520006,Quebrada Larga
2021-01-14,0.0,-2.13,04520006,Quebrada Larga
2021-01-15,0.0,-1.88,04520006,Quebrada Larga
2021-01-16,0.0,-1.87,04520006,Quebrada Larga
2021-01-17,0.0,-1.92,04520006,Quebrada Larga
2021-01-18,0.07,-2.42,04520006,Quebrada Larga
2021-01-19,0.21,-2.21,04520006,Quebrada Larga
2021-01-20,0.03,-2.18,04520006,Quebrada Larga
2021-01-21,0.0,-2.62,04520006,Quebrada Larga
2021-01-22,0.0,-2.58,04520006,Quebrada Larga
2021-01-23,0.0,-2.33,04520006,Quebrada Larga
2021-01-24,,-2.83,04520006,Quebrada Larga
2021-01-25,0.07,-2.3,04520006,Quebrada Larga
2021-01-26,0.33,-1.88,04520006,Quebrada Larga
2021-01-27,0.43,-1.92,04520006,Quebrada Larga
2021-01-28,0.42,-1.79,04520006,Quebrada Larga
2021-01-29,0.5,-1.71,04520006,Quebrada Larga
2021-01-30,0.5,-1.71,04520006,Quebrada Larga
2021-01-31,1.21,-1.54,04520006,Quebrada Larga
2021-02-01,0.92,-1.54,04520006,Quebrada Larga
2021-02-02,0.5,-1.71,04520006,Quebrada Larga
2021-02-03,0.83,-1.38,04520006,Quebrada Larga
2021-02-04,0.08,-2.13,04520006,Quebrada Larga
2021-02-05,0.08,-2.12,04520006,Quebrada Larga
2021-02-06,0.51,-1.83,04520006,Quebrada Larga
2021-02-07,0.21,-2.0,04520006,Quebrada Larga
2021-02-08,0.38,-1.83,04520006,Quebrada Larga
2021-02-09,0.51,-1.7,04520006,Quebrada Larga
2021-02-10,0.29,-1.92,04520006,Quebrada Larga
2021-02-11,0.08,-2.12,04520006,Quebrada Larga
2021-02-12,0.64,-1.67,04520006,Quebrada Larga
2021-02-13,0.88,-1.67,04520006,Quebrada Larga
2021-02-14,0.13,-2.08,04520006,Quebrada Larga
2021-02-15,0.78,-1.62,04520006,Quebrada Larga
2021-02-16,0.71,-1.5,04520006,Quebrada Larga
2021-02-17,0.5,-1.71,04520006,Quebrada Larga
2021-02-18,1.08,-1.12,04520006,Quebrada Larga
2021-02-19,0.79,-1.42,04520006,Quebrada Larga
2021-02-20,0.71,-1.5,04520006,Quebrada Larga
2021-02-21,1.13,-1.08,04520006,Quebrada Larga
2021-02-22,1.08,-1.12,04520006,Quebrada Larga
2021-02-23,0.75,-1.46,04520006,Quebrada Larga
2021-02-24,0.0,-2.21,04520006,Quebrada Larga
2021-02-25,0.13,-2.08,04520006,Quebrada Larga
2021-02-26,1.21,-1.29,04520006,Quebrada Larga
2021-02-27,0.63,-1.58,04520006,Quebrada Larga
2021-02-28,0.75,-1.46,04520006,Quebrada Larga
2021-03-01,0.0,-2.96,04520006,Quebrada Larga
2021-03-02,0.0,-3.21,04520006,Quebrada Larga
2021-03-03,0.0,-3.12,04520006,Quebrada Larga
2021-03-04,0.0,-3.21,04520006,Quebrada Larga
2021-03-05,0.0,-3.79,04520006,Quebrada Larga
2021-03-06,0.0,-3.46,04520006,Quebrada Larga
2021-03-07,0.0,-3.12,04520006,Quebrada Larga
2021-03-08,0.0,-3.17,04520006,Quebrada Larga
2021-03-09,0.0,-3.21,04520006,Quebrada Larga
2021-03-10,0.0,-3.5,04520006,Quebrada Larga
2021-03-11,0.0,-2.24,04520006,Quebrada Larga
2021-03-12,0.0,-2.46,04520006,Quebrada Larga
2021-03-13,0.0,-2.67,04520006,Quebrada Larga
2021-03-14,0.0,-2.58,04520006,Quebrada Larga
2021-03-15,0.0,-3.12,04520006,Quebrada Larga
2021-03-16,,-1.46,04520006,Quebrada Larga
2021-03-17,0.0,-2.42,04520006,Quebrada Larga
2021-03-18,0.0,-2.33,04520006,Quebrada Larga
2021-03-19,0.0,-2.27,04520006,Quebrada Larga
2021-03-20,0.5,-1.71,04520006,Quebrada Larga
2021-03-21,0.29,-1.92,04520006,Quebrada Larga
2021-03-22,0.0,-2.38,04520006,Quebrada Larga
2021-03-23,0.0,-2.21,04520006,Quebrada Larga
2021-03-24,0.08,-2.12,04520006,Quebrada Larga
2021-03-25,0.58,-1.62,04520006,Quebrada Larga
2021-03-26,0.71,60.04,04520006,Quebrada Larga
2021-03-27,0.16,75.71,04520006,Quebrada Larga
2021-03-28,0.0,-2.25,04520006,Quebrada Larga
2021-03-29,0.0,13.21,04520006,Quebrada Larga
2021-03-30,0.0,-2.46,04520006,Quebrada Larga
2021-03-31,0.25,-1.96,04520006,Quebrada Larga
2021-04-01,0.0,-2.42,04520006,Quebrada Larga
2021-04-02,0.33,-1.88,04520006,Quebrada Larga
2021-04-03,0.33,-1.88,04520006,Quebrada Larga
2021-04-04,0.04,-2.17,04520006,Quebrada Larga
2021-04-05,0.25,13.54,04520006,Quebrada Larga
2021-04-06,0.0,-2.83,04520006,Quebrada Larga
2021-04-07,0.0,-2.92,04520006,Quebrada Larga
2021-04-08,0.3,-2.12,04520006,Quebrada Larga
2021-04-09,0.04,-2.17,04520006,Quebrada Larga
2021-04-10,0.5,-1.71,04520006,Quebrada Larga
2021-04-11,0.73,-1.38,04520006,Quebrada Larga
2021-04-12,0.38,-1.83,04520006,Quebrada Larga
2021-04-13,0.44,13.79,04520006,Quebrada Larga
2021-04-14,0.67,-1.54,04520006,Quebrada Larga
2021-04-15,0.73,45.04,04520006,Quebrada Larga
2021-04-16,0.37,75.58,04520006,Quebrada Larga
2021-04-17,0.0,-2.25,04520006,Quebrada Larga
2021-04-18,0.86,-1.5,04520006,Quebrada Larga
2021-04-19,,137.75,04520006,Quebrada Larga
2021-04-20,0.0,59.67,04520006,Quebrada Larga
2021-04-21,0.46,-1.75,04520006,Quebrada Larga
2021-04-22,0.0,-2.46,04520006,Quebrada Larga
2021-04-23,1.0,-1.21,04520006,Quebrada Larga
2021-04-24,1.21,-1.0,04520006,Quebrada Larga
2021-04-25,0.83,45.08,04520006,Quebrada Larga
2021-04-26,0.58,-1.62,04520006,Quebrada Larga
2021-04-27,0.76,29.5,04520006,Quebrada Larga
2021-04-28,0.58,-1.62,04520006,Quebrada Larga
2021-04-29,0.46,-1.75,04520006,Quebrada Larga
2021-04-30,0.63,76.17,04520006,Quebrada Larga
2021-05-01,0.95,14.25,04520006,Quebrada Larga
2021-05-02,0.38,-1.83,04520006,Quebrada Larga
2021-05-03,0.63,-1.58,04520006,Quebrada Larga
2021-05-04,0.63,-1.58,04520006,Quebrada Larga
2021-05-05,,-1.04,04520006,Quebrada Larga
2021-05-06,0.71,14.04,04520006,Quebrada Larga
2021-05-07,0.89,-1.33,04520006,Quebrada Larga
2021-05-08,0.84,-1.37,04520006,Quebrada Larga
2021-05-09,0.83,-1.38,04520006,Quebrada Larga
2021-05-10,0.92,-1.29,04520006,Quebrada Larga
2021-05-11,1.01,47.13,04520006,Quebrada Larga
2021-05-12,1.33,76.12,04520006,Quebrada Larga
2021-05-13,0.31,44.75,04520006,Quebrada Larga
2021-05-14,0.0,-2.38,04520006,Quebrada Larga
2021-05-15,0.17,-2.04,04520006,Quebrada Larga
2021-05-16,0.17,-2.04,04520006,Quebrada Larga
2021-05-17,0.6,91.62,04520006,Quebrada Larga
2021-05-18,,153.46,04520006,Quebrada Larga
2021-05-19,0.46,-1.75,04520006,Quebrada Larga
2021-05-20,1.21,-1.33,04520006,Quebrada Larga
2021-05-21,1.78,-0.43,04520006,Quebrada Larga
2021-05-22,1.25,-0.96,04520006,Quebrada Larga
2021-05-23,0.62,-1.38,04520006,Quebrada Larga
2021-05-24,0.8,-1.42,04520006,Quebrada Larga
2021-05-25,1.04,-1.29,04520006,Quebrada Larga
2021-05-26,0.85,-1.58,04520006,Quebrada Larga
2021-05-27,0.48,13.58,04520006,Quebrada Larga
2021-05-28,1.25,-0.96,04520006,Quebrada Larga
2021-05-29,1.0,-1.21,04520006,Quebrada Larga
2021-05-30,0.78,-1.43,04520006,Quebrada Larga
2021-05-31,0.46,-1.75,04520006,Quebrada Larga
2021-06-01,0.29,-1.92,04520006,Quebrada Larga
2021-06-02,0.0,-2.54,04520006,Quebrada Larga
2021-06-03,0.25,-1.96,04520006,Quebrada Larga
2021-06-04,0.56,-1.75,04520006,Quebrada Larga
2021-06-05,0.88,-1.33,04520006,Quebrada Larga
2021-06-06,0.66,-1.65,04520006,Quebrada Larga
2021-06-07,1.04,-1.29,04520006,Quebrada Larga
2021-06-08,0.0,-1.5,04520006,Quebrada Larga
2021-06-09,0.0,-1.46,04520006,Quebrada Larga
2021-06-10,0.22,-1.17,04520006,Quebrada Larga
2021-06-11,0.2,-1.54,04520006,Quebrada Larga
2021-06-12,0.0,-1.5,04520006,Quebrada Larga
2021-06-13,0.24,60.67,04520006,Quebrada Larga
2021-06-14,0.0,76.04,04520006,Quebrada Larga
2021-06-15,3.99,2.6,04520006,Quebrada Larga
2021-06-16,5.44,3.7,04520006,Quebrada Larga
2021-06-17,5.08,2.71,04520006,Quebrada Larga
2021-06-18,4.14,2.75,04520006,Quebrada Larga
2021-06-19,3.0,1.61,04520006,Quebrada Larga
2021-06-20,3.93,2.54,04520006,Quebrada Larga
2021-06-21,2.97,1.58,04520006,Quebrada Larga
2021-06-22,1.54,46.17,04520006,Quebrada Larga
2021-06-23,0.72,0.85,04520006,Quebrada Larga
2021-06-24,3.14,1.75,04520006,Quebrada Larga
2021-06-25,1.75,0.38,04520006,Quebrada Larga
2021-06-26,3.65,2.26,04520006,Quebrada Larga
2021-06-27,2.57,1.17,04520006,Quebrada Larga
2021-06-28,2.39,1.0,04520006,Quebrada Larga
2021-06-29,1.1,-0.29,04520006,Quebrada Larga
2021-06-30,0.93,-0.46,04520006,Quebrada Larga
2021-07-01,1.31,-0.08,04520006,Quebrada Larga
2021-07-02,0.56,-0.83,04520006,Quebrada Larga
2021-07-03,0.0,-1.5,04520006,Quebrada Larga
2021-07-04,0.0,-2.25,04520006,Quebrada Larga
2021-07-05,0.0,-2.58,04520006,Quebrada Larga
2021-07-06,0.0,-1.92,04520006,Quebrada Larga
2021-07-07,0.0,-2.21,04520006,Quebrada Larga
2021-07-08,0.0,-2.38,04520006,Quebrada Larga
2021-07-09,0.0,-2.29,04520006,Quebrada Larga
2021-07-10,0.0,-2.7,04520006,Quebrada Larga
2021-07-11,0.0,-2.58,04520006,Quebrada Larga
2021-07-12,0.0,-2.38,04520006,Quebrada Larga
2021-07-13,0.0,-2.33,04520006,Quebrada Larga
2021-07-14,0.0,-1.65,04520006,Quebrada Larga
2021-07-15,0.0,-2.04,04520006,Quebrada Larga
2021-07-16,0.0,-1.92,04520006,Quebrada Larga
2021-07-17,0.0,-2.38,04520006,Quebrada Larga
2021-07-18,0.0,-2.25,04520006,Quebrada Larga
2021-07-19,0.0,-1.88,04520006,Quebrada Larga
2021-07-20,0.0,-2.29,04520006,Quebrada Larga
2021-07-21,0.0,-1.75,04520006,Quebrada Larga
2021-07-22,0.0,-1.67,04520006,Quebrada Larga
2021-07-23,0.0,-1.88,04520006,Quebrada Larga
2021-07-24,0.12,-1.08,04520006,Quebrada Larga
2021-07-25,0.31,-1.08,04520006,Quebrada Larga
2021-07-26,0.8,-0.88,04520006,Quebrada Larga
2021-07-27,0.49,-1.08,04520006,Quebrada Larga
2021-07-28,0.06,-1.33,04520006,Quebrada Larga
2021-07-29,0.22,-1.17,04520006,Quebrada Larga
2021-07-30,0.7,-0.7,04520006,Quebrada Larga
2021-07-31,0.0,-1.93,04520006,Quebrada Larga
2021-08-01,0.06,-1.33,04520006,Quebrada Larga
2021-08-02,0.25,-1.27,04520006,Quebrada Larga
2021-08-03,0.0,-1.68,04520006,Quebrada Larga
2021-08-04,0.0,-1.87,04520006,Quebrada Larga
2021-08-05,0.2,-1.58,04520006,Quebrada Larga
2021-08-06,0.0,-1.88,04520006,Quebrada Larga
2021-08-07,0.0,-1.5,04520006,Quebrada Larga
2021-08-08,0.06,-1.33,04520006,Quebrada Larga
2021-08-09,0.56,-0.83,04520006,Quebrada Larga
2021-08-10,0.14,-1.25,04520006,Quebrada Larga
2021-08-11,0.01,-1.5,04520006,Quebrada Larga
2021-08-12,0.02,-1.38,04520006,Quebrada Larga
2021-08-13,0.27,-1.12,04520006,Quebrada Larga
2021-08-14,0.09,14.17,04520006,Quebrada Larga
2021-08-15,0.0,-1.46,04520006,Quebrada Larga
2021-08-16,0.0,-1.57,04520006,Quebrada Larga
2021-08-17,0.0,-2.08,04520006,Quebrada Larga
2021-08-18,0.0,-1.67,04520006,Quebrada Larga
2021-08-19,0.53,-1.29,04520006,Quebrada Larga
2021-08-20,0.0,-1.92,04520006,Quebrada Larga
2021-08-21,0.0,13.38,04520006,Quebrada Larga
2021-08-22,0.0,-1.87,04520006,Quebrada Larga
2021-08-23,0.0,-1.54,04520006,Quebrada Larga
2021-08-24,0.27,-0.94,04520006,Quebrada Larga
2021-08-25,1.82,0.43,04520006,Quebrada Larga
2021-08-26,3.74,2.35,04520006,Quebrada Larga
2021-08-27,3.02,1.62,04520006,Quebrada Larga
2021-08-28,0.06,-1.33,04520006,Quebrada Larga
2021-08-29,0.0,-3.0,04520006,Quebrada Larga
2021-08-30,0.0,-2.46,04520006,Quebrada Larga
2021-08-31,0.0,-2.58,04520006,Quebrada Larga
2021-09-01,9.47,8.08,04520006,Quebrada Larga
2021-09-02,4.02,2.62,04520006,Quebrada Larga
2021-09-03,2.27,0.88,04520006,Quebrada Larga
2021-09-04,0.39,-1.26,04520006,Quebrada Larga
2021-09-05,0.0,-2.7,04520006,Quebrada Larga
2021-09-06,0.0,-2.12,04520006,Quebrada Larga
2021-09-07,0.0,-1.78,04520006,Quebrada Larga
2021-09-08,0.0,-1.64,04520006,Quebrada Larga
2021-09-09,0.0,-2.08,04520006,Quebrada Larga
2021-09-10,0.0,-2.25,04520006,Quebrada Larga
2021-09-11,0.0,-1.62,04520006,Quebrada Larga
2021-09-12,0.17,-1.33,04520006,Quebrada Larga
2021-09-13,0.0,-1.54,04520006,Quebrada Larga
2021-09-14,0.0,-1.46,04520006,Quebrada Larga
2021-09-15,0.0,-1.92,04520006,Quebrada Larga
2021-09-16,0.0,-1.88,04520006,Quebrada Larga
2021-09-17,0.0,-1.88,04520006,Quebrada Larga
2021-09-18,0.0,-1.54,04520006,Quebrada Larga
2021-09-19,0.0,13.92,04520006,Quebrada Larga
2021-09-20,0.0,13.62,04520006,Quebrada Larga
2021-09-21,0.0,13.42,04520006,Quebrada Larga
2021-09-22,0.0,13.83,04520006,Quebrada Larga
2021-09-23,0.0,-1.79,04520006,Quebrada Larga
2021-09-24,0.0,13.04,04520006,Quebrada Larga
2021-09-25,0.0,60.0,04520006,Quebrada Larga
2021-09-26,0.0,-1.88,04520006,Quebrada Larga
2021-09-27,0.0,13.46,04520006,Quebrada Larga
2021-09-28,0.0,29.25,04520006,Quebrada Larga
2021-09-29,0.0,60.33,04520006,Quebrada Larga
2021-09-30,0.0,60.21,04520006,Quebrada Larga
2021-10-01,0.0,-1.91,04520006,Quebrada Larga
2021-10-02,0.0,-1.92,04520006,Quebrada Larga
2021-10-03,0.0,-1.58,04520006,Quebrada Larga
2021-10-04,0.0,13.83,04520006,Quebrada Larga
2021-10-05,0.04,60.38,04520006,Quebrada Larga
2021-10-06,,106.67,04520006,Quebrada Larga
2021-10-07,0.0,76.33,04520006,Quebrada Larga
2021-10-08,0.0,28.96,04520006,Quebrada Larga
2021-10-09,0.0,60.54,04520006,Quebrada Larga
2021-10-10,,137.58,04520006,Quebrada Larga
2021-10-11,,230.96,04520006,Quebrada Larga
2021-10-12,,261.71,04520006,Quebrada Larga
2021-10-13,0.04,44.67,04520006,Quebrada Larga
2021-10-14,0.0,14.57,04520006,Quebrada Larga
2021-10-15,0.0,44.71,04520006,Quebrada Larga
2021-10-16,0.0,13.92,04520006,Quebrada Larga
2021-10-17,0.0,-1.88,04520006,Quebrada Larga
2021-10-18,0.0,13.42,04520006,Quebrada Larga
2021-10-19,0.0,-1.96,04520006,Quebrada Larga
2021-10-20,0.0,-1.88,04520006,Quebrada Larga
2021-10-21,0.0,-1.78,04520006,Quebrada Larga
2021-10-22,,106.96,04520006,Quebrada Larga
2021-10-23,0.08,32.36,04520006,Quebrada Larga
2021-10-24,0.0,-2.04,04520006,Quebrada Larga
2021-10-25,0.0,28.62,04520006,Quebrada Larga
2021-10-26,,106.21,04520006,Quebrada Larga
2021-10-27,0.0,-2.08,04520006,Quebrada Larga
2021-10-28,0.0,-2.08,04520006,Quebrada Larga
2021-10-29,0.0,44.38,04520006,Quebrada Larga
2021-10-30,0.0,13.62,04520006,Quebrada Larga
2021-10-31,0.0,-1.88,04520006,Quebrada Larga
2021-11-01,0.0,-1.79,04520006,Quebrada Larga
2021-11-02,0.0,-2.09,04520006,Quebrada Larga
2021-11-03,0.0,-1.65,04520006,Quebrada Larga
2021-11-04,0.0,-1.67,04520006,Quebrada Larga
2021-11-05,0.0,-2.04,04520006,Quebrada Larga
2021-11-06,0.0,-1.58,04520006,Quebrada Larga
2021-11-07,0.0,-1.88,04520006,Quebrada Larga
2021-11-08,0.0,-2.0,04520006,Quebrada Larga
2021-11-09,0.0,-1.54,04520006,Quebrada Larga
2021-11-10,0.0,-1.75,04520006,Quebrada Larga
2021-11-11,0.0,-1.88,04520006,Quebrada Larga
2021-11-12,0.0,-2.17,04520006,Quebrada Larga
2021-11-13,0.0,-1.88,04520006,Quebrada Larga
2021-11-14,0.0,-2.08,04520006,Quebrada Larga
2021-11-15,0.0,-1.67,04520006,Quebrada Larga
2021-11-16,0.0,-1.96,04520006,Quebrada Larga
2021-11-17,0.0,-1.58,04520006,Quebrada Larga
2021-11-18,0.0,-1.33,04520006,Quebrada Larga
2021-11-19,0.06,-1.39,04520006,Quebrada Larga
2021-11-20,0.0,-1.5,04520006,Quebrada Larga
2021-11-21,0.11,-1.42,04520006,Quebrada Larga
2021-11-22,0.0,-1.71,04520006,Quebrada Larga
2021-11-23,0.0,-1.92,04520006,Quebrada Larga
2021-11-24,0.08,-1.46,04520006,Quebrada Larga
2021-11-25,0.0,-1.75,04520006,Quebrada Larga
2021-11-26,0.0,-2.12,04520006,Quebrada Larga
2021-11-27,0.21,-1.46,04520006,Quebrada Larga
2021-11-28,0.0,-1.62,04520006,Quebrada Larga
2021-11-29,0.13,-1.38,04520006,Quebrada Larga
2021-11-30,0.0,-1.4,04520006,Quebrada Larga
2021-12-01,0.22,-1.37,04520006,Quebrada Larga
2021-12-02,0.0,-1.96,04520006,Quebrada Larga
2021-12-03,0.0,-1.58,04520006,Quebrada Larga
2021-12-04,0.0,-1.71,04520006,Quebrada Larga
2021-12-05,0.0,-2.12,04520006,Quebrada Larga
2021-12-06,0.0,-2.46,04520006,Quebrada Larga
2021-12-07,0.0,-1.58,04520006,Quebrada Larga
2021-12-08,0.0,-1.83,04520006,Quebrada Larga
2021-12-09,0.0,-1.59,04520006,Quebrada Larga
2021-12-10,0.0,-1.54,04520006,Quebrada Larga
2021-12-11,0.0,-1.5,04520006,Quebrada Larga
2021-12-12,0.0,-1.96,04520006,Quebrada Larga
2021-12-13,0.0,-1.67,04520006,Quebrada Larga
2021-12-14,0.0,-1.71,04520006,Quebrada Larga
2021-12-15,0.0,-2.08,04520006,Quebrada Larga
2021-12-16,0.0,-1.96,04520006,Quebrada Larga
2021-12-17,0.0,-1.96,04520006,Quebrada Larga
2021-12-18,0.0,-1.94,04520006,Quebrada Larga
2021-12-19,0.0,-2.33,04520006,Quebrada Larga
2021-12-20,0.0,-2.46,04520006,Quebrada Larga
2021-12-21,0.0,-2.79,04520006,Quebrada Larga
2021-12-22,0.0,-2.79,04520006,Quebrada Larga
2021-12-23,0.0,-3.38,04520006,Quebrada Larga
2021-12-24,0.0,-3.29,04520006,Quebrada Larga
2021-12-25,0.0,-3.25,04520006,Quebrada Larga
2021-12-26,0.0,-2.58,04520006,Quebrada Larga
2021-12-27,0.0,-3.04,04520006,Quebrada Larga
2021-12-28,0.0,-2.04,04520006,Quebrada Larga
2021-12-29,0.0,-2.29,04520006,Quebrada Larga
2021-12-30,0.0,-2.62,04520006,Quebrada Larga
2021-12-31,0.0,-2.25,04520006,Quebrada Larga
2022-01-01,0.0,-2.33,04520006,Quebrada Larga
2022-01-02,0.04,-2.25,04520006,Quebrada Larga
2022-01-03,0.0,-2.5,04520006,Quebrada Larga
2022-01-04,0.25,-2.04,04520006,Quebrada Larga
2022-01-05,0.04,-2.25,04520006,Quebrada Larga
2022-01-06,0.0,-2.38,04520006,Quebrada Larga
2022-01-07,0.0,-2.18,04520006,Quebrada Larga
2022-01-08,,-2.96,04520006,Quebrada Larga
2022-01-09,0.0,-2.54,04520006,Quebrada Larga
2022-01-10,0.0,-3.74,04520006,Quebrada Larga
2022-01-11,0.0,-4.39,04520006,Quebrada Larga
2022-01-12,0.0,-3.92,04520006,Quebrada Larga
2022-01-13,0.0,-3.83,04520006,Quebrada Larga
2022-01-14,0.0,-3.91,04520006,Quebrada Larga
2022-01-15,0.0,-3.86,04520006,Quebrada Larga
2022-01-16,0.0,-3.09,04520006,Quebrada Larga
2022-01-17,0.08,-2.21,04520006,Quebrada Larga
2022-01-18,0.12,-2.17,04520006,Quebrada Larga
2022-01-19,0.33,-1.96,04520006,Quebrada Larga
2022-01-20,0.29,-2.0,04520006,Quebrada Larga
2022-01-21,0.0,-2.38,04520006,Quebrada Larga
2022-01-22,0.62,-1.67,04520006,Quebrada Larga
2022-01-23,0.17,-2.12,04520006,Quebrada Larga
2022-01-24,0.12,-2.29,04520006,Quebrada Larga
2022-01-25,0.0,-2.62,04520006,Quebrada Larga
2022-01-26,0.12,-2.29,04520006,Quebrada Larga
2022-01-27,0.0,-3.08,04520006,Quebrada Larga
2022-01-28,0.0,-2.46,04520006,Quebrada Larga
2022-01-29,0.16,-2.25,04520006,Quebrada Larga
2022-01-30,0.38,-2.17,04520006,Quebrada Larga
2022-01-31,0.0,-2.79,04520006,Quebrada Larga
2022-02-01,0.0,-2.54,04520006,Quebrada Larga
2022-02-02,0.04,-2.25,04520006,Quebrada Larga
2022-02-03,0.06,-2.23,04520006,Quebrada Larga
2022-02-04,0.12,-2.17,04520006,Quebrada Larga
2022-02-05,0.21,-2.08,04520006,Quebrada Larga
2022-02-06,0.62,-2.08,04520006,Quebrada Larga
2022-02-07,0.01,-2.57,04520006,Quebrada Larga
2022-02-08,0.15,-2.29,04520006,Quebrada Larga
2022-02-09,0.0,-2.83,04520006,Quebrada Larga
2022-02-10,0.69,-2.0,04520006,Quebrada Larga
2022-02-11,0.83,-1.46,04520006,Quebrada Larga
2022-02-12,0.04,-2.25,04520006,Quebrada Larga
2022-02-13,0.52,-1.79,04520006,Quebrada Larga
2022-02-14,0.42,-1.75,04520006,Quebrada Larga
2022-02-15,0.93,-1.67,04520006,Quebrada Larga
2022-02-16,0.29,-2.08,04520006,Quebrada Larga
2022-02-17,0.0,-2.62,04520006,Quebrada Larga
2022-02-18,0.21,-2.08,04520006,Quebrada Larga
2022-02-19,0.12,-2.17,04520006,Quebrada Larga
2022-02-20,0.56,-1.83,04520006,Quebrada Larga
2022-02-21,0.25,-2.17,04520006,Quebrada Larga
2022-02-22,0.47,-1.83,04520006,Quebrada Larga
2022-02-23,0.63,-1.67,04520006,Quebrada Larga
2022-02-24,0.64,-1.75,04520006,Quebrada Larga
2022-02-25,0.46,-1.83,04520006,Quebrada Larga
2022-02-26,0.0,-2.38,04520006,Quebrada Larga
2022-02-27,0.0,-2.3,04520006,Quebrada Larga
2022-02-28,,-1.92,04520006,Quebrada Larga
2022-03-01,0.21,-2.08,04520006,Quebrada Larga
2022-03-02,0.2,-2.5,04520006,Quebrada Larga
2022-03-03,0.29,-2.33,04520006,Quebrada Larga
2022-03-04,0.17,-2.12,04520006,Quebrada Larga
2022-03-05,0.0,-2.5,04520006,Quebrada Larga
2022-03-06,0.0,-2.29,04520006,Quebrada Larga
2022-03-07,0.37,-1.92,04520006,Quebrada Larga
2022-03-08,0.9,-1.54,04520006,Quebrada Larga
2022-03-09,0.42,-1.88,04520006,Quebrada Larga
2022-03-10,0.96,-1.75,04520006,Quebrada Larga
2022-03-11,0.17,-2.12,04520006,Quebrada Larga
2022-03-12,0.46,-1.83,04520006,Quebrada Larga
2022-03-13,0.72,-1.87,04520006,Quebrada Larga
2022-03-14,0.0,-2.5,04520006,Quebrada Larga
2022-03-15,0.0,-2.38,04520006,Quebrada Larga
2022-03-16,0.04,-2.25,04520006,Quebrada Larga
2022-03-17,0.08,-2.21,04520006,Quebrada Larga
2022-03-18,0.46,-1.83,04520006,Quebrada Larga
2022-03-19,0.46,-1.83,04520006,Quebrada Larga
2022-03-20,0.08,-2.21,04520006,Quebrada Larga
2022-03-21,0.08,-2.21,04520006,Quebrada Larga
2022-03-22,0.29,-2.0,04520006,Quebrada Larga
2022-03-23,0.12,-2.17,04520006,Quebrada Larga
2022-03-24,1.28,-1.38,04520006,Quebrada Larga
2022-03-25,0.66,-1.74,04520006,Quebrada Larga
2022-03-26,0.17,-1.58,04520006,Quebrada Larga
2022-03-27,,-0.77,04520006,Quebrada Larga
2022-03-28,0.04,-2.25,04520006,Quebrada Larga
2022-03-29,0.42,-1.87,04520006,Quebrada Larga
2022-03-30,0.5,-1.79,04520006,Quebrada Larga
2022-03-31,0.5,-1.79,04520006,Quebrada Larga
2022-04-01,1.09,-1.71,04520006,Quebrada Larga
2022-04-02,0.53,-1.7,04520006,Quebrada Larga
2022-04-03,0.29,-2.0,04520006,Quebrada Larga
2022-04-04,0.67,-1.62,04520006,Quebrada Larga
2022-04-05,0.0,-2.29,04520006,Quebrada Larga
2022-04-06,0.64,-1.79,04520006,Quebrada Larga
2022-04-07,0.29,-2.0,04520006,Quebrada Larga
2022-04-08,0.38,-2.04,04520006,Quebrada Larga
2022-04-09,0.37,-1.92,04520006,Quebrada Larga
2022-04-10,1.2,-1.21,04520006,Quebrada Larga
2022-04-11,1.16,-1.13,04520006,Quebrada Larga
2022-04-12,1.08,-1.21,04520006,Quebrada Larga
2022-04-13,1.0,-1.29,04520006,Quebrada Larga
2022-04-14,0.09,-1.0,04520006,Quebrada Larga
2022-04-15,0.0,-1.29,04520006,Quebrada Larga
2022-04-16,0.0,-1.12,04520006,Quebrada Larga
2022-04-17,0.0,-1.29,04520006,Quebrada Larga
2022-04-18,0.0,-1.08,04520006,Quebrada Larga
2022-04-19,,-1.12,04520006,Quebrada Larga
2022-04-20,0.0,-1.12,04520006,Quebrada Larga
2022-04-21,,-0.96,04520006,Quebrada Larga
2022-04-22,0.0,-1.12,04520006,Quebrada Larga
2022-04-23,0.0,-1.46,04520006,Quebrada Larga
2022-04-24,0.22,-1.12,04520006,Quebrada Larga
2022-04-25,0.09,-1.5,04520006,Quebrada Larga
2022-04-26,0.05,-1.04,04520006,Quebrada Larga
2022-04-27,0.0,-1.38,04520006,Quebrada Larga
2022-04-28,0.0,-1.25,04520006,Quebrada Larga
2022-04-29,0.08,-0.82,04520006,Quebrada Larga
2022-04-30,0.0,-1.12,04520006,Quebrada Larga
2022-05-01,0.74,-0.83,04520006,Quebrada Larga
2022-05-02,0.05,-1.04,04520006,Quebrada Larga
2022-05-03,0.0,-1.65,04520006,Quebrada Larga
2022-05-04,,0.2,04520006,Quebrada Larga
2022-05-05,0.0,-1.15,04520006,Quebrada Larga
2022-05-06,0.0,-1.21,04520006,Quebrada Larga
2022-05-07,0.04,-0.84,04520006,Quebrada Larga
2022-05-08,0.37,-0.58,04520006,Quebrada Larga
2022-05-09,0.0,-1.67,04520006,Quebrada Larga
2022-05-10,0.04,-1.54,04520006,Quebrada Larga
2022-05-11,0.0,-1.13,04520006,Quebrada Larga
2022-05-12,1.29,0.21,04520006,Quebrada Larga
2022-05-13,0.32,-1.09,04520006,Quebrada Larga
2022-05-14,0.0,-1.1,04520006,Quebrada Larga
2022-05-15,0.39,-0.7,04520006,Quebrada Larga
2022-05-16,0.02,-1.38,04520006,Quebrada Larga
2022-05-17,0.17,-0.92,04520006,Quebrada Larga
2022-05-18,0.72,-0.58,04520006,Quebrada Larga
2022-05-19,0.0,-1.77,04520006,Quebrada Larga
2022-05-20,0.38,-0.71,04520006,Quebrada Larga
2022-05-21,0.45,-0.83,04520006,Quebrada Larga
2022-05-22,0.13,-0.96,04520006,Quebrada Larga
2022-05-23,0.08,-1.0,04520006,Quebrada Larga
2022-05-24,0.0,-1.2,04520006,Quebrada Larga
2022-05-25,0.09,-1.09,04520006,Quebrada Larga
2022-05-26,0.35,-0.83,04520006,Quebrada Larga
2022-05-27,1.09,-0.21,04520006,Quebrada Larga
2022-05-28,0.71,-0.38,04520006,Quebrada Larga
2022-05-29,1.09,-0.17,04520006,Quebrada Larga
2022-05-30,0.67,-0.42,04520006,Quebrada Larga
2022-05-31,4.74,3.65,04520006,Quebrada Larga
2022-06-01,31.23,30.14,04520006,Quebrada Larga
2022-06-02,25.81,24.73,04520006,Quebrada Larga
2022-06-03,41.36,40.28,04520006,Quebrada Larga
2022-06-04,57.83,56.74,04520006,Quebrada Larga
2022-06-05,53.13,52.05,04520006,Quebrada Larga
2022-06-06,50.63,49.54,04520006,Quebrada Larga
2022-06-07,43.88,42.79,04520006,Quebrada Larga
2022-06-08,39.96,38.88,04520006,Quebrada Larga
2022-06-09,37.25,36.17,04520006,Quebrada Larga
2022-06-10,35.55,34.46,04520006,Quebrada Larga
2022-06-11,35.3,34.21,04520006,Quebrada Larga
2022-06-12,33.73,32.64,04520006,Quebrada Larga
2022-06-13,31.77,30.71,04520006,Quebrada Larga
2022-06-14,30.71,29.62,04520006,Quebrada Larga
2022-06-15,30.42,29.33,04520006,Quebrada Larga
2022-06-16,30.42,29.33,04520006,Quebrada Larga
2022-06-17,29.75,28.67,04520006,Quebrada Larga
2022-06-18,28.84,27.75,04520006,Quebrada Larga
2022-06-19,28.3,27.21,04520006,Quebrada Larga
2022-06-20,28.84,27.12,04520006,Quebrada Larga
2022-06-21,28.61,27.42,04520006,Quebrada Larga
2022-06-22,33.39,32.3,04520006,Quebrada Larga
2022-06-23,37.71,36.62,04520006,Quebrada Larga
2022-06-24,36.55,35.46,04520006,Quebrada Larga
2022-06-25,35.0,33.92,04520006,Quebrada Larga
2022-06-26,31.71,30.62,04520006,Quebrada Larga
2022-06-27,31.81,31.17,04520006,Quebrada Larga
2022-06-28,33.74,32.65,04520006,Quebrada Larga
2022-06-29,33.13,32.04,04520006,Quebrada Larga
2022-06-30,31.0,29.92,04520006,Quebrada Larga
2022-07-01,31.09,36.46,04520006,Quebrada Larga
2022-07-02,30.26,29.29,04520006,Quebrada Larga
2022-07-03,29.38,28.29,04520006,Quebrada Larga
2022-07-04,29.13,42.29,04520006,Quebrada Larga
2022-07-05,28.3,27.21,04520006,Quebrada Larga
2022-07-06,27.84,26.75,04520006,Quebrada Larga
2022-07-07,25.88,24.79,04520006,Quebrada Larga
2022-07-08,38.64,36.57,04520006,Quebrada Larga
2022-07-09,36.21,35.12,04520006,Quebrada Larga
2022-07-10,39.54,39.0,04520006,Quebrada Larga
2022-07-11,59.38,57.95,04520006,Quebrada Larga
2022-07-12,56.3,55.21,04520006,Quebrada Larga
2022-07-13,55.05,53.96,04520006,Quebrada Larga
2022-07-14,64.77,63.68,04520006,Quebrada Larga
2022-07-15,89.35,88.26,04520006,Quebrada Larga
2022-07-16,87.04,85.95,04520006,Quebrada Larga
2022-07-17,87.45,86.04,04520006,Quebrada Larga
2022-07-18,84.71,83.62,04520006,Quebrada Larga
2022-07-19,81.21,80.12,04520006,Quebrada Larga
2022-07-20,78.71,77.62,04520006,Quebrada Larga
2022-07-21,76.59,75.5,04520006,Quebrada Larga
2022-07-22,75.34,74.25,04520006,Quebrada Larga
2022-07-23,73.42,72.33,04520006,Quebrada Larga
2022-07-24,72.42,71.33,04520006,Quebrada Larga
2022-07-25,70.92,69.83,04520006,Quebrada Larga
2022-07-26,69.42,68.33,04520006,Quebrada Larga
2022-07-27,68.46,67.38,04520006,Quebrada Larga
2022-07-28,66.42,65.33,04520006,Quebrada Larga
2022-07-29,65.21,64.12,04520006,Quebrada Larga
2022-07-30,64.75,63.67,04520006,Quebrada Larga
2022-07-31,64.13,63.04,04520006,Quebrada Larga
2022-08-01,63.96,62.88,04520006,Quebrada Larga
2022-08-02,62.84,61.75,04520006,Quebrada Larga
2022-08-03,71.14,70.05,04520006,Quebrada Larga
2022-08-04,72.8,71.71,04520006,Quebrada Larga
2022-08-05,71.05,69.96,04520006,Quebrada Larga
2022-08-06,73.38,74.16,04520006,Quebrada Larga
2022-08-07,97.75,97.04,04520006,Quebrada Larga
2022-08-08,92.05,90.96,04520006,Quebrada Larga
2022-08-09,88.13,87.04,04520006,Quebrada Larga
2022-08-10,86.35,85.46,04520006,Quebrada Larga
2022-08-11,84.88,83.79,04520006,Quebrada Larga
2022-08-12,83.75,82.67,04520006,Quebrada Larga
2022-08-13,82.13,81.04,04520006,Quebrada Larga
2022-08-14,82.43,81.46,04520006,Quebrada Larga
2022-08-15,82.42,81.33,04520006,Quebrada Larga
2022-08-16,82.5,81.42,04520006,Quebrada Larga
2022-08-17,84.87,83.78,04520006,Quebrada Larga
2022-08-18,84.71,83.62,04520006,Quebrada Larga
2022-08-19,83.09,82.0,04520006,Quebrada Larga
2022-08-20,82.21,81.12,04520006,Quebrada Larga
2022-08-21,81.61,80.12,04520006,Quebrada Larga
2022-08-22,79.59,78.5,04520006,Quebrada Larga
2022-08-23,79.38,78.29,04520006,Quebrada Larga
2022-08-24,79.3,78.21,04520006,Quebrada Larga
2022-08-25,77.88,76.79,04520006,Quebrada Larga
2022-08-26,77.5,76.42,04520006,Quebrada Larga
2022-08-27,77.09,76.0,04520006,Quebrada Larga
2022-08-28,75.67,74.58,04520006,Quebrada Larga
2022-08-29,74.8,73.71,04520006,Quebrada Larga
2022-08-30,74.59,73.5,04520006,Quebrada Larga
2022-08-31,73.84,72.75,04520006,Quebrada Larga
2022-09-01,73.88,72.79,04520006,Quebrada Larga
2022-09-02,73.75,72.67,04520006,Quebrada Larga
2022-09-03,73.17,72.08,04520006,Quebrada Larga
2022-09-04,71.84,70.75,04520006,Quebrada Larga
2022-09-05,72.54,71.0,04520006,Quebrada Larga
2022-09-06,71.17,82.5,04520006,Quebrada Larga
2022-09-07,69.38,68.29,04520006,Quebrada Larga
2022-09-08,65.09,64.0,04520006,Quebrada Larga
2022-09-09,63.84,62.75,04520006,Quebrada Larga
2022-09-10,63.75,62.67,04520006,Quebrada Larga
2022-09-11,63.42,62.33,04520006,Quebrada Larga
2022-09-12,64.36,63.27,04520006,Quebrada Larga
2022-09-13,64.13,75.62,04520006,Quebrada Larga
2022-09-14,61.65,60.57,04520006,Quebrada Larga
2022-09-15,61.3,60.21,04520006,Quebrada Larga
2022-09-16,59.84,58.75,04520006,Quebrada Larga
2022-09-17,60.21,59.12,04520006,Quebrada Larga
2022-09-18,59.81,58.72,04520006,Quebrada Larga
2022-09-19,59.42,58.33,04520006,Quebrada Larga
2022-09-20,59.55,58.46,04520006,Quebrada Larga
2022-09-21,58.71,57.62,04520006,Quebrada Larga
2022-09-22,58.81,57.73,04520006,Quebrada Larga
2022-09-23,58.62,57.39,04520006,Quebrada Larga
2022-09-24,58.69,57.6,04520006,Quebrada Larga
2022-09-25,56.96,55.46,04520006,Quebrada Larga
2022-09-26,57.09,69.65,04520006,Quebrada Larga
2022-09-27,55.97,54.88,04520006,Quebrada Larga
2022-09-28,63.39,62.3,04520006,Quebrada Larga
2022-09-29,59.88,58.79,04520006,Quebrada Larga
2022-09-30,58.17,57.08,04520006,Quebrada Larga
2022-10-01,57.46,56.38,04520006,Quebrada Larga
2022-10-02,54.71,53.62,04520006,Quebrada Larga
2022-10-03,51.13,50.04,04520006,Quebrada Larga
2022-10-04,46.92,45.83,04520006,Quebrada Larga
2022-10-05,51.36,76.88,04520006,Quebrada Larga
2022-10-06,53.63,52.54,04520006,Quebrada Larga
2022-10-07,46.88,45.79,04520006,Quebrada Larga
2022-10-08,44.84,43.75,04520006,Quebrada Larga
2022-10-09,43.71,42.62,04520006,Quebrada Larga
2022-10-10,43.75,42.67,04520006,Quebrada Larga
2022-10-11,42.63,41.54,04520006,Quebrada Larga
2022-10-12,40.67,39.58,04520006,Quebrada Larga
2022-10-13,36.38,35.29,04520006,Quebrada Larga
2022-10-14,32.96,31.88,04520006,Quebrada Larga
2022-10-15,28.92,27.83,04520006,Quebrada Larga
2022-10-16,26.84,25.75,04520006,Quebrada Larga
2022-10-17,23.75,22.67,04520006,Quebrada Larga
2022-10-18,21.56,20.62,04520006,Quebrada Larga
2022-10-19,20.17,33.83,04520006,Quebrada Larga
2022-10-20,18.09,17.0,04520006,Quebrada Larga
2022-10-21,16.17,15.08,04520006,Quebrada Larga
2022-10-22,14.09,27.92,04520006,Quebrada Larga
2022-10-23,9.57,8.48,04520006,Quebrada Larga
2022-10-24,2.5,1.42,04520006,Quebrada Larga
2022-10-25,0.0,-1.92,04520006,Quebrada Larga
2022-10-26,0.0,-2.12,04520006,Quebrada Larga
2022-10-27,0.0,-2.29,04520006,Quebrada Larga
2022-10-28,0.0,13.62,04520006,Quebrada Larga
2022-10-29,0.0,-2.08,04520006,Quebrada Larga
2022-10-30,0.0,-1.91,04520006,Quebrada Larga
2022-10-31,0.0,-2.04,04520006,Quebrada Larga
2022-11-01,0.0,-1.67,04520006,Quebrada Larga
2022-11-02,0.0,-2.46,04520006,Quebrada Larga
2022-11-03,0.0,-2.21,04520006,Quebrada Larga
2022-11-04,0.0,-2.17,04520006,Quebrada Larga
2022-11-05,0.0,-2.21,04520006,Quebrada Larga
2022-11-06,0.0,-2.0,04520006,Quebrada Larga
2022-11-07,0.0,-2.3,04520006,Quebrada Larga
2022-11-08,0.0,-2.17,04520006,Quebrada Larga
2022-11-09,0.0,-2.17,04520006,Quebrada Larga
2022-11-10,0.0,-2.17,04520006,Quebrada Larga
2022-11-11,0.0,-1.81,04520006,Quebrada Larga
2022-11-12,0.0,-1.75,04520006,Quebrada Larga
2022-11-13,0.0,-1.61,04520006,Quebrada Larga
2022-11-14,0.0,-2.08,04520006,Quebrada Larga
2022-11-15,0.0,-2.38,04520006,Quebrada Larga
2022-11-16,0.0,-2.0,04520006,Quebrada Larga
2022-11-17,0.0,-2.58,04520006,Quebrada Larga
2022-11-18,0.0,-2.67,04520006,Quebrada Larga
2022-11-19,0.0,-2.42,04520006,Quebrada Larga
2022-11-20,0.0,-1.96,04520006,Quebrada Larga
2022-11-21,0.0,-2.04,04520006,Quebrada Larga
2022-11-22,0.0,-1.79,04520006,Quebrada Larga
2022-11-23,0.0,-2.38,04520006,Quebrada Larga
2022-11-24,0.0,-2.58,04520006,Quebrada Larga
2022-11-25,0.0,-2.67,04520006,Quebrada Larga
2022-11-26,0.0,-2.29,04520006,Quebrada Larga
2022-11-27,0.0,-2.5,04520006,Quebrada Larga
2022-11-28,0.0,-2.0,04520006,Quebrada Larga
2022-11-29,0.0,-2.0,04520006,Quebrada Larga
2022-11-30,0.0,-1.54,04520006,Quebrada Larga
2022-12-01,0.0,-1.29,04520006,Quebrada Larga
2022-12-02,0.0,-2.08,04520006,Quebrada Larga
2022-12-03,0.0,-1.88,04520006,Quebrada Larga
2022-12-04,0.0,-2.17,04520006,Quebrada Larga
2022-12-05,0.0,-2.18,04520006,Quebrada Larga
2022-12-06,0.0,-2.14,04520006,Quebrada Larga
2022-12-07,0.0,-2.04,04520006,Quebrada Larga
2022-12-08,0.0,-1.96,04520006,Quebrada Larga
2022-12-09,0.0,-2.39,04520006,Quebrada Larga
2022-12-10,0.0,-2.58,04520006,Quebrada Larga
2022-12-11,0.0,-2.96,04520006,Quebrada Larga
2022-12-12,0.0,-2.88,04520006,Quebrada Larga
2022-12-13,0.0,-2.35,04520006,Quebrada Larga
2022-12-14,0.0,-2.26,04520006,Quebrada Larga
2022-12-15,0.0,-2.42,04520006,Quebrada Larga
2022-12-16,0.0,-2.17,04520006,Quebrada Larga
2022-12-17,0.0,-1.54,04520006,Quebrada Larga
2022-12-18,0.0,13.96,04520006,Quebrada Larga
2022-12-19,0.0,-1.75,04520006,Quebrada Larga
2022-12-20,0.0,-1.67,04520006,Quebrada Larga
2022-12-21,0.0,-1.71,04520006,Quebrada Larga
2022-12-22,0.0,-2.17,04520006,Quebrada Larga
2022-12-23,0.0,-1.46,04520006,Quebrada Larga
2022-12-24,0.0,-2.0,04520006,Quebrada Larga
2022-12-25,0.0,-1.42,04520006,Quebrada Larga
2022-12-26,0.0,-1.88,04520006,Quebrada Larga
2022-12-27,0.0,-1.22,04520006,Quebrada Larga
2022-12-28,0.0,-1.46,04520006,Quebrada Larga
2022-12-29,0.0,-1.96,04520006,Quebrada Larga
2022-12-30,0.0,-2.2,04520006,Quebrada Larga
2022-12-31,0.0,-1.79,04520006,Quebrada Larga
2023-01-01,0.0,-1.42,04520006,Quebrada Larga
2023-01-02,0.0,-1.62,04520006,Quebrada Larga
2023-01-03,0.0,-2.0,04520006,Quebrada Larga
2023-01-04,0.0,-2.17,04520006,Quebrada Larga
2023-01-05,0.0,-2.58,04520006,Quebrada Larga
2023-01-06,0.0,-1.88,04520006,Quebrada Larga
2023-01-07,0.0,-2.54,04520006,Quebrada Larga
2023-01-08,0.0,-2.21,04520006,Quebrada Larga
2023-01-09,0.0,-2.04,04520006,Quebrada Larga
2023-01-10,0.0,-2.21,04520006,Quebrada Larga
2023-01-11,0.0,-1.96,04520006,Quebrada Larga
2023-01-12,0.0,-1.83,04520006,Quebrada Larga
2023-01-13,0.0,-2.04,04520006,Quebrada Larga
2023-01-14,,-1.46,04520006,Quebrada Larga
2023-01-15,0.0,-2.12,04520006,Quebrada Larga
2023-01-16,0.0,-1.83,04520006,Quebrada Larga
2023-01-17,0.0,-1.83,04520006,Quebrada Larga
2023-01-18,0.0,-2.39,04520006,Quebrada Larga
2023-01-19,,-2.95,04520006,Quebrada Larga
2023-01-20,0.0,-2.29,04520006,Quebrada Larga
2023-01-21,0.0,-2.08,04520006,Quebrada Larga
2023-01-22,0.0,-2.5,04520006,Quebrada Larga
2023-01-23,0.0,-2.07,04520006,Quebrada Larga
2023-01-24,0.0,-1.67,04520006,Quebrada Larga
2023-01-25,0.0,-2.04,04520006,Quebrada Larga
2023-01-26,0.0,-1.75,04520006,Quebrada Larga
2023-01-27,0.0,-1.96,04520006,Quebrada Larga
2023-01-28,0.0,-2.43,04520006,Quebrada Larga
2023-01-29,0.0,-2.54,04520006,Quebrada Larga
2023-01-30,0.0,-2.83,04520006,Quebrada Larga
2023-01-31,0.0,-2.68,04520006,Quebrada Larga
2023-02-01,0.0,-2.0,04520006,Quebrada Larga
2023-02-02,0.0,-1.25,04520006,Quebrada Larga
2023-02-03,0.0,-2.05,04520006,Quebrada Larga
2023-02-04,0.0,-1.62,04520006,Quebrada Larga
2023-02-05,0.0,-1.75,04520006,Quebrada Larga
2023-02-06,0.0,-1.67,04520006,Quebrada Larga
2023-02-07,0.0,-1.38,04520006,Quebrada Larga
2023-02-08,0.0,-1.38,04520006,Quebrada Larga
2023-02-09,0.0,-1.08,04520006,Quebrada Larga
2023-02-10,0.0,-1.92,04520006,Quebrada Larga
2023-02-11,0.0,-1.65,04520006,Quebrada Larga
2023-02-12,0.0,-1.39,04520006,Quebrada Larga
2023-02-13,0.04,-1.25,04520006,Quebrada Larga
2023-02-14,0.0,-1.27,04520006,Quebrada Larga
2023-02-15,0.0,-2.13,04520006,Quebrada Larga
2023-02-16,0.0,-2.17,04520006,Quebrada Larga
2023-02-17,0.0,-1.5,04520006,Quebrada Larga
2023-02-18,0.0,-1.45,04520006,Quebrada Larga
2023-02-19,0.0,-1.46,04520006,Quebrada Larga
2023-02-20,0.0,-1.78,04520006,Quebrada Larga
2023-02-21,0.0,-1.67,04520006,Quebrada Larga
2023-02-22,0.19,-1.68,04520006,Quebrada Larga
2023-02-23,0.0,-1.83,04520006,Quebrada Larga
2023-02-24,0.0,-1.92,04520006,Quebrada Larga
2023-02-25,0.02,-1.74,04520006,Quebrada Larga
2023-02-26,0.24,-1.42,04520006,Quebrada Larga
2023-02-27,0.37,-1.5,04520006,Quebrada Larga
2023-02-28,0.0,-1.79,04520006,Quebrada Larga
2023-03-01,0.41,-1.35,04520006,Quebrada Larga
2023-03-02,,-2.46,04520006,Quebrada Larga
2023-03-03,0.0,-1.92,04520006,Quebrada Larga
2023-03-04,0.06,-2.0,04520006,Quebrada Larga
2023-03-05,0.0,-1.88,04520006,Quebrada Larga
2023-03-06,0.09,-1.67,04520006,Quebrada Larga
2023-03-07,0.37,-1.39,04520006,Quebrada Larga
2023-03-08,0.09,-1.67,04520006,Quebrada Larga
2023-03-09,0.0,-2.09,04520006,Quebrada Larga
2023-03-10,0.0,-1.91,04520006,Quebrada Larga
2023-03-11,0.0,-2.29,04520006,Quebrada Larga
2023-03-12,0.0,-2.83,04520006,Quebrada Larga
2023-03-13,0.0,-2.33,04520006,Quebrada Larga
2023-03-14,0.33,-1.59,04520006,Quebrada Larga
2023-03-15,0.6,-1.58,04520006,Quebrada Larga
2023-03-16,0.0,-2.3,04520006,Quebrada Larga
2023-03-17,0.0,-1.79,04520006,Quebrada Larga
2023-03-18,0.0,-1.96,04520006,Quebrada Larga
2023-03-19,0.0,-2.17,04520006,Quebrada Larga
2023-03-20,0.0,-2.17,04520006,Quebrada Larga
2023-03-21,0.02,-1.74,04520006,Quebrada Larga
2023-03-22,0.03,-2.0,04520006,Quebrada Larga
2023-03-23,0.0,-2.43,04520006,Quebrada Larga
2023-03-24,0.0,-2.14,04520006,Quebrada Larga
2023-03-25,0.0,-2.12,04520006,Quebrada Larga
2023-03-26,0.0,-2.29,04520006,Quebrada Larga
2023-03-27,0.0,-2.17,04520006,Quebrada Larga
2023-03-28,0.0,-2.0,04520006,Quebrada Larga
2023-03-29,0.05,-1.71,04520006,Quebrada Larga
2023-03-30,,-2.12,04520006,Quebrada Larga
2023-03-31,0.12,-1.83,04520006,Quebrada Larga
2023-04-01,0.22,-1.54,04520006,Quebrada Larga
2023-04-02,0.0,-1.67,04520006,Quebrada Larga
2023-04-03,0.33,-1.58,04520006,Quebrada Larga
2023-04-04,0.49,-1.5,04520006,Quebrada Larga
2023-04-05,0.09,-1.67,04520006,Quebrada Larga
2023-04-06,0.0,-1.88,04520006,Quebrada Larga
2023-04-07,0.0,-1.88,04520006,Quebrada Larga
2023-04-08,0.53,-1.5,04520006,Quebrada Larga
2023-04-09,0.51,-1.25,04520006,Quebrada Larga
2023-04-10,0.55,-1.21,04520006,Quebrada Larga
2023-04-11,0.68,-1.08,04520006,Quebrada Larga
2023-04-12,0.38,-1.65,04520006,Quebrada Larga
2023-04-13,0.22,-1.54,04520006,Quebrada Larga
2023-04-14,0.47,-1.29,04520006,Quebrada Larga
2023-04-15,0.47,-1.29,04520006,Quebrada Larga
2023-04-16,0.76,-1.04,04520006,Quebrada Larga
2023-04-17,0.54,-1.12,04520006,Quebrada Larga
2023-04-18,0.84,-0.92,04520006,Quebrada Larga
2023-04-19,0.62,14.17,04520006,Quebrada Larga
2023-04-20,0.14,-1.62,04520006,Quebrada Larga
2023-04-21,0.26,-1.5,04520006,Quebrada Larga
2023-04-22,0.26,-1.5,04520006,Quebrada Larga
2023-04-23,0.07,-1.96,04520006,Quebrada Larga
2023-04-24,0.76,-1.0,04520006,Quebrada Larga
2023-04-25,0.53,-1.39,04520006,Quebrada Larga
2023-04-26,1.05,-0.91,04520006,Quebrada Larga
2023-04-27,0.38,-1.08,04520006,Quebrada Larga
2023-04-28,0.53,-1.0,04520006,Quebrada Larga
2023-04-29,0.51,-1.25,04520006,Quebrada Larga
2023-04-30,0.51,-1.25,04520006,Quebrada Larga
2023-05-01,0.0,-1.29,04520006,Quebrada Larga
2023-05-02,0.0,-1.12,04520006,Quebrada Larga
2023-05-03,0.0,14.25,04520006,Quebrada Larga
2023-05-04,0.0,-1.12,04520006,Quebrada Larga
2023-05-05,0.12,-1.08,04520006,Quebrada Larga
2023-05-06,0.12,-1.04,04520006,Quebrada Larga
2023-05-07,0.0,-1.21,04520006,Quebrada Larga
2023-05-08,0.0,-1.33,04520006,Quebrada Larga
2023-05-09,0.0,-1.67,04520006,Quebrada Larga
2023-05-10,0.0,-1.75,04520006,Quebrada Larga
2023-05-11,0.0,-1.83,04520006,Quebrada Larga
2023-05-12,0.0,-1.71,04520006,Quebrada Larga
2023-05-13,0.0,-1.38,04520006,Quebrada Larga
2023-05-14,0.0,-1.42,04520006,Quebrada Larga
2023-05-15,0.0,-1.67,04520006,Quebrada Larga
2023-05-16,0.0,-1.5,04520006,Quebrada Larga
2023-05-17,0.0,-1.71,04520006,Quebrada Larga
2023-05-18,0.0,-1.67,04520006,Quebrada Larga
2023-05-19,0.0,-1.42,04520006,Quebrada Larga
2023-05-20,0.12,-1.12,04520006,Quebrada Larga
2023-05-21,0.12,-0.96,04520006,Quebrada Larga
2023-05-22,0.42,-0.71,04520006,Quebrada Larga
2023-05-23,0.12,-0.96,04520006,Quebrada Larga
2023-05-24,0.12,-1.0,04520006,Quebrada Larga
2023-05-25,,14.12,04520006,Quebrada Larga
2023-05-26,0.12,-0.96,04520006,Quebrada Larga
2023-05-27,0.17,-0.96,04520006,Quebrada Larga
2023-05-28,0.08,-1.04,04520006,Quebrada Larga
2023-05-29,0.17,-1.08,04520006,Quebrada Larga
2023-05-30,0.12,-1.0,04520006,Quebrada Larga
2023-05-31,0.0,-1.58,04520006,Quebrada Larga
2023-06-01,0.0,29.5,04520006,Quebrada Larga
2023-06-02,0.18,76.5,04520006,Quebrada Larga
2023-06-03,0.12,-1.21,04520006,Quebrada Larga
2023-06-04,0.0,44.88,04520006,Quebrada Larga
2023-06-05,0.0,-1.75,04520006,Quebrada Larga
2023-06-06,0.0,-1.42,04520006,Quebrada Larga
2023-06-07,0.0,-1.17,04520006,Quebrada Larga
2023-06-08,0.0,-1.38,04520006,Quebrada Larga
2023-06-09,0.0,-1.21,04520006,Quebrada Larga
2023-06-10,0.0,-1.61,04520006,Quebrada Larga
2023-06-11,0.12,76.58,04520006,Quebrada Larga
2023-06-12,0.12,14.38,04520006,Quebrada Larga
2023-06-13,0.29,-0.83,04520006,Quebrada Larga
2023-06-14,0.0,-1.39,04520006,Quebrada Larga
2023-06-15,0.0,-1.58,04520006,Quebrada Larga
2023-06-16,0.0,-1.67,04520006,Quebrada Larga
2023-06-17,0.0,-1.5,04520006,Quebrada Larga
2023-06-18,,60.29,04520006,Quebrada Larga
2023-06-19,0.0,-1.46,04520006,Quebrada Larga
2023-06-20,0.0,-1.39,04520006,Quebrada Larga
2023-06-21,0.08,-1.04,04520006,Quebrada Larga
2023-06-22,0.3,-0.83,04520006,Quebrada Larga
2023-06-23,1.48,0.35,04520006,Quebrada Larga
2023-06-24,1.92,0.79,04520006,Quebrada Larga
2023-06-25,2.62,1.5,04520006,Quebrada Larga
2023-06-26,2.83,1.71,04520006,Quebrada Larga
2023-06-27,1.6,15.71,04520006,Quebrada Larga
2023-06-28,0.29,-0.83,04520006,Quebrada Larga
2023-06-29,0.0,-2.17,04520006,Quebrada Larga
2023-06-30,0.0,-1.92,04520006,Quebrada Larga
2023-07-01,0.0,-1.88,04520006,Quebrada Larga
2023-07-02,0.0,-1.75,04520006,Quebrada Larga
2023-07-03,0.0,-1.52,04520006,Quebrada Larga
2023-07-04,0.0,-1.67,04520006,Quebrada Larga
2023-07-05,0.0,-1.5,04520006,Quebrada Larga
2023-07-06,0.0,-1.58,04520006,Quebrada Larga
2023-07-07,0.12,-1.12,04520006,Quebrada Larga
2023-07-08,0.0,-1.58,04520006,Quebrada Larga
2023-07-09,0.0,-1.75,04520006,Quebrada Larga
2023-07-10,0.0,-1.5,04520006,Quebrada Larga
2023-07-11,0.0,-0.58,04520006,Quebrada Larga
2023-07-12,6.22,5.09,04520006,Quebrada Larga
2023-07-13,3.08,1.96,04520006,Quebrada Larga
2023-07-14,2.96,1.83,04520006,Quebrada Larga
2023-07-15,2.92,1.79,04520006,Quebrada Larga
2023-07-16,0.96,-0.17,04520006,Quebrada Larga
2023-07-17,0.0,14.7,04520006,Quebrada Larga
2023-07-18,0.0,-2.04,04520006,Quebrada Larga
2023-07-19,0.0,-2.08,04520006,Quebrada Larga
2023-07-20,0.0,-1.88,04520006,Quebrada Larga
2023-07-21,0.0,-1.79,04520006,Quebrada Larga
2023-07-22,0.0,-1.62,04520006,Quebrada Larga
2023-07-23,0.0,-1.96,04520006,Quebrada Larga
2023-07-24,0.0,-1.46,04520006,Quebrada Larga
2023-07-25,0.0,14.29,04520006,Quebrada Larga
2023-07-26,0.0,-1.96,04520006,Quebrada Larga
2023-07-27,0.0,-1.79,04520006,Quebrada Larga
2023-07-28,0.0,-2.0,04520006,Quebrada Larga
2023-07-29,0.0,-1.75,04520006,Quebrada Larga
2023-07-30,0.07,14.78,04520006,Quebrada Larga
2023-07-31,0.0,65.77,04520006,Quebrada Larga
2023-08-01,0.0,-1.67,04520006,Quebrada Larga
2023-08-02,0.0,-1.71,04520006,Quebrada Larga
2023-08-03,0.0,-1.75,04520006,Quebrada Larga
2023-08-04,0.19,-1.62,04520006,Quebrada Larga
2023-08-05,0.14,-1.57,04520006,Quebrada Larga
2023-08-06,0.14,-1.46,04520006,Quebrada Larga
2023-08-07,0.39,-1.21,04520006,Quebrada Larga
2023-08-08,0.12,-1.83,04520006,Quebrada Larga
2023-08-09,0.18,-1.42,04520006,Quebrada Larga
2023-08-10,0.55,-1.04,04520006,Quebrada Larga
2023-08-11,0.46,-1.25,04520006,Quebrada Larga
2023-08-12,0.0,-1.79,04520006,Quebrada Larga
2023-08-13,0.0,-1.83,04520006,Quebrada Larga
2023-08-14,0.39,-1.21,04520006,Quebrada Larga
2023-08-15,0.39,-1.21,04520006,Quebrada Larga
2023-08-16,0.12,-1.58,04520006,Quebrada Larga
2023-08-17,0.18,-1.42,04520006,Quebrada Larga
2023-08-18,0.6,-1.29,04520006,Quebrada Larga
2023-08-19,1.72,0.12,04520006,Quebrada Larga
2023-08-20,2.69,1.12,04520006,Quebrada Larga
2023-08-21,2.14,0.54,04520006,Quebrada Larga
2023-08-22,1.83,31.04,04520006,Quebrada Larga
2023-08-23,1.2,15.17,04520006,Quebrada Larga
2023-08-24,0.01,-1.58,04520006,Quebrada Larga
2023-08-25,0.0,-1.62,04520006,Quebrada Larga
2023-08-26,0.43,-1.17,04520006,Quebrada Larga
2023-08-27,0.35,-1.25,04520006,Quebrada Larga
2023-08-28,0.6,-1.04,04520006,Quebrada Larga
2023-08-29,0.39,-1.21,04520006,Quebrada Larga
2023-08-30,0.26,-1.33,04520006,Quebrada Larga
2023-08-31,0.14,-1.42,04520006,Quebrada Larga
2023-09-01,0.6,-0.83,04520006,Quebrada Larga
2023-09-02,1.07,-0.67,04520006,Quebrada Larga
2023-09-03,0.68,-1.21,04520006,Quebrada Larga
2023-09-04,1.19,-0.52,04520006,Quebrada Larga
2023-09-05,0.51,-1.08,04520006,Quebrada Larga
2023-09-06,1.31,-0.26,04520006,Quebrada Larga
2023-09-07,0.68,-0.92,04520006,Quebrada Larga
2023-09-08,0.94,-0.75,04520006,Quebrada Larga
2023-09-09,1.1,-0.5,04520006,Quebrada Larga
2023-09-10,0.94,-0.79,04520006,Quebrada Larga
2023-09-11,0.9,-0.79,04520006,Quebrada Larga
2023-09-12,2.1,0.5,04520006,Quebrada Larga
2023-09-13,1.76,0.17,04520006,Quebrada Larga
2023-09-14,0.03,-1.88,04520006,Quebrada Larga
2023-09-15,0.05,-1.54,04520006,Quebrada Larga
2023-09-16,0.43,-1.17,04520006,Quebrada Larga
2023-09-17,0.36,-1.62,04520006,Quebrada Larga
2023-09-18,0.18,-1.42,04520006,Quebrada Larga
2023-09-19,0.17,-1.75,04520006,Quebrada Larga
2023-09-20,0.22,-1.38,04520006,Quebrada Larga
2023-09-21,0.2,-1.39,04520006,Quebrada Larga
2023-09-22,0.05,-1.54,04520006,Quebrada Larga
2023-09-23,0.0,-1.64,04520006,Quebrada Larga
2023-09-24,0.0,-2.08,04520006,Quebrada Larga
2023-09-25,0.21,-1.71,04520006,Quebrada Larga
2023-09-26,0.26,-1.33,04520006,Quebrada Larga
2023-09-27,0.0,-1.79,04520006,Quebrada Larga
2023-09-28,0.12,-1.48,04520006,Quebrada Larga
2023-09-29,0.0,-1.79,04520006,Quebrada Larga
2023-09-30,0.0,-1.7,04520006,Quebrada Larga
2023-10-01,0.0,-2.14,04520006,Quebrada Larga
2023-10-02,0.15,-1.33,04520006,Quebrada Larga
2023-10-03,0.55,-1.04,04520006,Quebrada Larga
2023-10-04,0.33,-1.38,04520006,Quebrada Larga
2023-10-05,0.39,-1.21,04520006,Quebrada Larga
2023-10-06,,-0.62,04520006,Quebrada Larga
2023-10-07,0.33,-1.26,04520006,Quebrada Larga
2023-10-08,0.55,-1.25,04520006,Quebrada Larga
2023-10-09,0.0,-1.79,04520006,Quebrada Larga
2023-10-10,0.01,-1.58,04520006,Quebrada Larga
2023-10-11,0.19,-1.67,04520006,Quebrada Larga
2023-10-12,0.1,14.65,04520006,Quebrada Larga
2023-10-13,0.0,-1.96,04520006,Quebrada Larga
2023-10-14,0.0,31.95,04520006,Quebrada Larga
2023-10-15,,111.7,04520006,Quebrada Larga
2023-10-16,,184.14,04520006,Quebrada Larga
2023-10-17,0.0,30.65,04520006,Quebrada Larga
2023-10-18,0.46,-1.25,04520006,Quebrada Larga
2023-10-19,0.0,-2.04,04520006,Quebrada Larga
2023-10-20,0.0,-2.14,04520006,Quebrada Larga
2023-10-21,0.0,-1.96,04520006,Quebrada Larga
2023-10-22,0.0,44.25,04520006,Quebrada Larga
2023-10-23,0.0,-1.79,04520006,Quebrada Larga
2023-10-24,0.0,13.58,04520006,Quebrada Larga
2023-10-25,0.03,-1.57,04520006,Quebrada Larga
2023-10-26,0.64,-1.09,04520006,Quebrada Larga
2023-10-27,0.8,-0.79,04520006,Quebrada Larga
2023-10-28,0.81,-0.92,04520006,Quebrada Larga
2023-10-29,0.3,-1.29,04520006,Quebrada Larga
2023-10-30,0.68,-0.91,04520006,Quebrada Larga
2023-10-31,0.73,-0.96,04520006,Quebrada Larga
2023-11-01,1.18,-0.42,04520006,Quebrada Larga
2023-11-02,1.4,-0.43,04520006,Quebrada Larga
2023-11-03,0.25,-1.35,04520006,Quebrada Larga
2023-11-04,0.43,-1.17,04520006,Quebrada Larga
2023-11-05,0.51,-1.08,04520006,Quebrada Larga
2023-11-06,0.0,-1.71,04520006,Quebrada Larga
2023-11-07,0.33,14.21,04520006,Quebrada Larga
2023-11-08,0.0,75.83,04520006,Quebrada Larga
2023-11-09,0.99,-0.61,04520006,Quebrada Larga
2023-11-10,1.23,-0.38,04520006,Quebrada Larga
2023-11-11,0.68,-0.91,04520006,Quebrada Larga
2023-11-12,0.65,-0.95,04520006,Quebrada Larga
2023-11-13,1.14,-0.67,04520006,Quebrada Larga
2023-11-14,1.28,-0.54,04520006,Quebrada Larga
2023-11-15,1.14,-0.46,04520006,Quebrada Larga
2023-11-16,1.4,-0.58,04520006,Quebrada Larga
2023-11-17,1.35,-0.25,04520006,Quebrada Larga
2023-11-18,1.12,14.92,04520006,Quebrada Larga
2023-11-19,0.68,-0.92,04520006,Quebrada Larga
2023-11-20,0.68,-0.92,04520006,Quebrada Larga
2023-11-21,0.76,-0.83,04520006,Quebrada Larga
2023-11-22,0.02,-0.88,04520006,Quebrada Larga
2023-11-23,0.0,-0.95,04520006,Quebrada Larga
2023-11-24,0.0,-0.91,04520006,Quebrada Larga
2023-11-25,0.04,-0.86,04520006,Quebrada Larga
2023-11-26,0.0,-1.04,04520006,Quebrada Larga
2023-11-27,0.12,-0.96,04520006,Quebrada Larga
2023-11-28,0.0,-1.35,04520006,Quebrada Larga
2023-11-29,0.0,-1.17,04520006,Quebrada Larga
2023-11-30,0.07,-0.83,04520006,Quebrada Larga
2023-12-01,,-0.71,04520006,Quebrada Larga
2023-12-02,0.0,-1.21,04520006,Quebrada Larga
2023-12-03,0.0,-1.23,04520006,Quebrada Larga
2023-12-04,0.0,-1.22,04520006,Quebrada Larga
2023-12-05,0.0,-1.08,04520006,Quebrada Larga
2023-12-06,0.31,-0.58,04520006,Quebrada Larga
2023-12-07,0.03,-0.86,04520006,Quebrada Larga
2023-12-08,0.0,-1.29,04520006,Quebrada Larga
2023-12-09,0.0,-1.17,04520006,Quebrada Larga
2023-12-10,0.0,-1.67,04520006,Quebrada Larga
2023-12-11,0.0,-1.48,04520006,Quebrada Larga
2023-12-12,0.0,-1.09,04520006,Quebrada Larga
2023-12-13,0.0,-1.0,04520006,Quebrada Larga
2023-12-14,,,04520006,Quebrada Larga
2023-12-15,,,04520006,Quebrada Larga
2023-12-16,,,04520006,Quebrada Larga
2023-12-17,,,04520006,Quebrada Larga
2023-12-18,,,04520006,Quebrada Larga
2023-12-19,,,04520006,Quebrada Larga
2023-12-20,,,04520006,Quebrada Larga
2023-12-21,,,04520006,Quebrada Larga
2023-12-22,,,04520006,Quebrada Larga
2023-12-23,,,04520006,Quebrada Larga
2023-12-24,,,04520006,Quebrada Larga
2023-12-25,,,04520006,Quebrada Larga
2023-12-26,,,04520006,Quebrada Larga
2023-12-27,,,04520006,Quebrada Larga
2023-12-28,,,04520006,Quebrada Larga
2023-12-29,,,04520006,Quebrada Larga
2023-12-30,,,04520006,Quebrada Larga
2023-12-31,,,04520006,Quebrada Larga
2024-01-01,,,04520006,Quebrada Larga
2024-01-02,,,04520006,Quebrada Larga
2024-01-03,,,04520006,Quebrada Larga
2024-01-04,,,04520006,Quebrada Larga
2024-01-05,,,04520006,Quebrada Larga
2024-01-06,,,04520006,Quebrada Larga
2024-01-07,,,04520006,Quebrada Larga
2024-01-08,,,04520006,Quebrada Larga
2024-01-09,,,04520006,Quebrada Larga
2024-01-10,,,04520006,Quebrada Larga
2024-01-11,,,04520006,Quebrada Larga
2024-01-12,,,04520006,Quebrada Larga
2024-01-13,,,04520006,Quebrada Larga
2024-01-14,,,04520006,Quebrada Larga
2024-01-15,,,04520006,Quebrada Larga
2024-01-16,,,04520006,Quebrada Larga
2024-01-17,,,04520006,Quebrada Larga
2024-01-18,,,04520006,Quebrada Larga
2024-01-19,,,04520006,Quebrada Larga
2024-01-20,,,04520006,Quebrada Larga
2024-01-21,,,04520006,Quebrada Larga
2024-01-22,,,04520006,Quebrada Larga
2024-01-23,,,04520006,Quebrada Larga
2024-01-24,,,04520006,Quebrada Larga
2024-01-25,,,04520006,Quebrada Larga
2024-01-26,,,04520006,Quebrada Larga
2024-01-27,,,04520006,Quebrada Larga
2024-01-28,,,04520006,Quebrada Larga
2024-01-29,,,04520006,Quebrada Larga
2024-01-30,,,04520006,Quebrada Larga
2024-01-31,,,04520006,Quebrada Larga
2024-02-01,,,04520006,Quebrada Larga
2024-02-02,,,04520006,Quebrada Larga
2024-02-03,,,04520006,Quebrada Larga
2024-02-04,,,04520006,Quebrada Larga
2024-02-05,,,04520006,Quebrada Larga
2024-02-06,,,04520006,Quebrada Larga
2024-02-07,,,04520006,Quebrada Larga
2024-02-08,,,04520006,Quebrada Larga
2024-02-09,,,04520006,Quebrada Larga
2024-02-10,,,04520006,Quebrada Larga
2024-02-11,,,04520006,Quebrada Larga
2024-02-12,,,04520006,Quebrada Larga
2024-02-13,,,04520006,Quebrada Larga
2024-02-14,,,04520006,Quebrada Larga
2024-02-15,,,04520006,Quebrada Larga
2024-02-16,,,04520006,Quebrada Larga
2024-02-17,,,04520006,Quebrada Larga
2024-02-18,,,04520006,Quebrada Larga
2024-02-19,,,04520006,Quebrada Larga
2024-02-20,,,04520006,Quebrada Larga
2024-02-21,,,04520006,Quebrada Larga
2024-02-22,,,04520006,Quebrada Larga
2024-02-23,,,04520006,Quebrada Larga
2024-02-24,,,04520006,Quebrada Larga
2024-02-25,,,04520006,Quebrada Larga
2024-02-26,,,04520006,Quebrada Larga
2024-02-27,,,04520006,Quebrada Larga
2024-02-28,,,04520006,Quebrada Larga
2024-02-29,,,04520006,Quebrada Larga
2024-03-01,,,04520006,Quebrada Larga
2024-03-02,,,04520006,Quebrada Larga
2024-03-03,,,04520006,Quebrada Larga
2024-03-04,,,04520006,Quebrada Larga
2024-03-05,,,04520006,Quebrada Larga
2024-03-06,,,04520006,Quebrada Larga
2024-03-07,,,04520006,Quebrada Larga
2024-03-08,,,04520006,Quebrada Larga
2024-03-09,,,04520006,Quebrada Larga
2024-03-10,,,04520006,Quebrada Larga
2024-03-11,,,04520006,Quebrada Larga
2024-03-12,,,04520006,Quebrada Larga
2024-03-13,,,04520006,Quebrada Larga
2024-03-14,,,04520006,Quebrada Larga
2024-03-15,,,04520006,Quebrada Larga
2024-03-16,,,04520006,Quebrada Larga
2024-03-17,,,04520006,Quebrada Larga
2024-03-18,,,04520006,Quebrada Larga
2024-03-19,,,04520006,Quebrada Larga
2024-03-20,,,04520006,Quebrada Larga
2024-03-21,,,04520006,Quebrada Larga
2024-03-22,,,04520006,Quebrada Larga
2024-03-23,,,04520006,Quebrada Larga
2024-03-24,,,04520006,Quebrada Larga
2024-03-25,,,04520006,Quebrada Larga
2024-03-26,,,04520006,Quebrada Larga
2024-03-27,,,04520006,Quebrada Larga
2024-03-28,,,04520006,Quebrada Larga
2024-03-29,,,04520006,Quebrada Larga
2024-03-30,,,04520006,Quebrada Larga
2024-03-31,,,04520006,Quebrada Larga
2024-04-01,,,04520006,Quebrada Larga
2024-04-02,,,04520006,Quebrada Larga
2024-04-03,,,04520006,Quebrada Larga
2024-04-04,,,04520006,Quebrada Larga
2024-04-05,,,04520006,Quebrada Larga
2024-04-06,,,04520006,Quebrada Larga
2024-04-07,,,04520006,Quebrada Larga
2024-04-08,,,04520006,Quebrada Larga
2024-04-09,,,04520006,Quebrada Larga
2024-04-10,,,04520006,Quebrada Larga
2024-04-11,,,04520006,Quebrada Larga
2024-04-12,,,04520006,Quebrada Larga
2024-04-13,,,04520006,Quebrada Larga
2024-04-14,,,04520006,Quebrada Larga
2024-04-15,,,04520006,Quebrada Larga
2024-04-16,,,04520006,Quebrada Larga
2024-04-17,,,04520006,Quebrada Larga
2024-04-18,,,04520006,Quebrada Larga
2024-04-19,,,04520006,Quebrada Larga
2024-04-20,,,04520006,Quebrada Larga
2024-04-21,,,04520006,Quebrada Larga
2024-04-22,,,04520006,Quebrada Larga
2024-04-23,,,04520006,Quebrada Larga
2024-04-24,,,04520006,Quebrada Larga
2024-04-25,,,04520006,Quebrada Larga
2024-04-26,,,04520006,Quebrada Larga
2024-04-27,,,04520006,Quebrada Larga
2024-04-28,,,04520006,Quebrada Larga
2024-04-29,,,04520006,Quebrada Larga
2024-04-30,,,04520006,Quebrada Larga
2024-05-01,,,04520006,Quebrada Larga
2024-05-02,,,04520006,Quebrada Larga
2024-05-03,,,04520006,Quebrada Larga
2024-05-04,,,04520006,Quebrada Larga
2024-05-05,,,04520006,Quebrada Larga
2024-05-06,,,04520006,Quebrada Larga
2024-05-07,8.19,7.3,04520006,Quebrada Larga
2024-05-08,10.68,9.78,04520006,Quebrada Larga
2024-05-09,7.39,6.5,04520006,Quebrada Larga
2024-05-10,6.27,5.38,04520006,Quebrada Larga
2024-05-11,4.31,3.42,04520006,Quebrada Larga
2024-05-12,3.19,2.29,04520006,Quebrada Larga
2024-05-13,1.64,0.75,04520006,Quebrada Larga
2024-05-14,0.89,-0.05,04520006,Quebrada Larga
2024-05-15,0.89,-0.21,04520006,Quebrada Larga
2024-05-16,0.39,-0.5,04520006,Quebrada Larga
2024-05-17,0.89,-0.25,04520006,Quebrada Larga
2024-05-18,0.62,-0.27,04520006,Quebrada Larga
2024-05-19,0.89,-0.24,04520006,Quebrada Larga
2024-05-20,0.89,-0.25,04520006,Quebrada Larga
2024-05-21,5.35,4.46,04520006,Quebrada Larga
2024-05-22,18.23,17.33,04520006,Quebrada Larga
2024-05-23,58.27,57.38,04520006,Quebrada Larga
2024-05-24,53.98,53.08,04520006,Quebrada Larga
2024-05-25,47.77,46.88,04520006,Quebrada Larga
2024-05-26,43.44,42.54,04520006,Quebrada Larga
2024-05-27,40.89,39.92,04520006,Quebrada Larga
2024-05-28,39.12,38.23,04520006,Quebrada Larga
2024-05-29,,,04520006,Quebrada Larga
2024-05-30,29.89,29.0,04520006,Quebrada Larga
2024-05-31,29.27,28.38,04520006,Quebrada Larga
2024-06-01,26.06,25.39,04520006,Quebrada Larga
2024-06-02,25.6,24.71,04520006,Quebrada Larga
2024-06-03,24.89,24.0,04520006,Quebrada Larga
2024-06-04,24.42,23.52,04520006,Quebrada Larga
2024-06-05,23.89,23.0,04520006,Quebrada Larga
2024-06-06,23.89,23.0,04520006,Quebrada Larga
2024-06-07,23.48,22.58,04520006,Quebrada Larga
2024-06-08,21.89,21.18,04520006,Quebrada Larga
2024-06-09,21.23,20.33,04520006,Quebrada Larga
2024-06-10,20.89,19.83,04520006,Quebrada Larga
2024-06-11,19.35,18.46,04520006,Quebrada Larga
2024-06-12,18.21,17.32,04520006,Quebrada Larga
2024-06-13,20.68,19.78,04520006,Quebrada Larga
2024-06-14,48.31,47.42,04520006,Quebrada Larga
2024-06-15,60.81,59.92,04520006,Quebrada Larga
2024-06-16,55.64,54.75,04520006,Quebrada Larga
2024-06-17,53.11,52.22,04520006,Quebrada Larga
2024-06-18,49.85,48.96,04520006,Quebrada Larga
2024-06-19,46.56,45.91,04520006,Quebrada Larga
2024-06-20,45.39,44.5,04520006,Quebrada Larga
2024-06-21,43.76,42.87,04520006,Quebrada Larga
2024-06-22,58.85,56.79,04520006,Quebrada Larga
2024-06-23,59.94,59.04,04520006,Quebrada Larga
2024-06-24,55.79,54.38,04520006,Quebrada Larga
2024-06-25,49.73,48.83,04520006,Quebrada Larga
2024-06-26,48.89,48.0,04520006,Quebrada Larga
2024-06-27,48.89,48.0,04520006,Quebrada Larga
2024-06-28,48.35,47.46,04520006,Quebrada Larga
2024-06-29,47.89,47.0,04520006,Quebrada Larga
2024-06-30,47.89,46.95,04520006,Quebrada Larga
2024-07-01,47.89,46.79,04520006,Quebrada Larga
2024-07-02,46.89,46.05,04520006,Quebrada Larga
2024-07-03,46.89,45.96,04520006,Quebrada Larga
2024-07-04,45.89,45.12,04520006,Quebrada Larga
2024-07-05,45.89,44.78,04520006,Quebrada Larga
2024-07-06,44.89,43.92,04520006,Quebrada Larga
2024-07-07,44.89,43.75,04520006,Quebrada Larga
2024-07-08,43.89,43.12,04520006,Quebrada Larga
2024-07-09,43.89,43.04,04520006,Quebrada Larga
2024-07-10,43.89,43.09,04520006,Quebrada Larga
2024-07-11,43.89,43.08,04520006,Quebrada Larga
2024-07-12,43.89,42.96,04520006,Quebrada Larga
2024-07-13,43.89,42.96,04520006,Quebrada Larga
2024-07-14,43.89,42.92,04520006,Quebrada Larga
2024-07-15,43.89,42.79,04520006,Quebrada Larga
2024-07-16,42.89,42.21,04520006,Quebrada Larga
2024-07-17,42.89,42.0,04520006,Quebrada Larga
2024-07-18,42.89,41.88,04520006,Quebrada Larga
2024-07-19,41.31,40.42,04520006,Quebrada Larga
2024-07-20,39.89,39.12,04520006,Quebrada Larga
2024-07-21,39.89,39.0,04520006,Quebrada Larga
2024-07-22,39.89,39.0,04520006,Quebrada Larga
2024-07-23,39.52,38.62,04520006,Quebrada Larga
2024-07-24,39.23,38.33,04520006,Quebrada Larga
2024-07-25,38.89,38.21,04520006,Quebrada Larga
2024-07-26,38.89,38.0,04520006,Quebrada Larga
2024-07-27,38.89,38.0,04520006,Quebrada Larga
2024-07-28,38.89,38.0,04520006,Quebrada Larga
2024-07-29,38.89,38.0,04520006,Quebrada Larga
2024-07-30,38.56,37.67,04520006,Quebrada Larga
2024-07-31,37.89,37.0,04520006,Quebrada Larga
2024-08-01,37.31,36.42,04520006,Quebrada Larga
2024-08-02,53.52,52.62,04520006,Quebrada Larga
2024-08-03,69.02,68.12,04520006,Quebrada Larga
2024-08-04,69.08,68.42,04520006,Quebrada Larga
2024-08-05,66.89,65.96,04520006,Quebrada Larga
2024-08-06,64.89,64.33,04520006,Quebrada Larga
2024-08-07,64.19,63.29,04520006,Quebrada Larga
2024-08-08,61.89,61.17,04520006,Quebrada Larga
2024-08-09,61.89,61.0,04520006,Quebrada Larga
2024-08-10,60.89,60.08,04520006,Quebrada Larga
2024-08-11,60.42,59.52,04520006,Quebrada Larga
2024-08-12,59.23,58.33,04520006,Quebrada Larga
2024-08-13,57.89,57.21,04520006,Quebrada Larga
2024-08-14,56.89,56.08,04520006,Quebrada Larga
2024-08-15,56.89,56.0,04520006,Quebrada Larga
2024-08-16,56.77,55.88,04520006,Quebrada Larga
2024-08-17,56.48,55.58,04520006,Quebrada Larga
2024-08-18,60.39,59.5,04520006,Quebrada Larga
2024-08-19,64.52,63.62,04520006,Quebrada Larga
2024-08-20,63.14,62.25,04520006,Quebrada Larga
2024-08-21,62.64,61.75,04520006,Quebrada Larga
2024-08-22,62.02,61.12,04520006,Quebrada Larga
2024-08-23,60.52,59.62,04520006,Quebrada Larga
2024-08-24,59.89,59.0,04520006,Quebrada Larga
2024-08-25,59.81,58.92,04520006,Quebrada Larga
2024-08-26,58.98,58.08,04520006,Quebrada Larga
2024-08-27,58.89,58.0,04520006,Quebrada Larga
2024-08-28,58.48,57.58,04520006,Quebrada Larga
2024-08-29,56.48,55.58,04520006,Quebrada Larga
2024-08-30,56.98,56.08,04520006,Quebrada Larga
2024-08-31,56.73,55.83,04520006,Quebrada Larga
2024-09-01,55.1,54.21,04520006,Quebrada Larga
2024-09-02,53.27,52.38,04520006,Quebrada Larga
2024-09-03,51.85,50.96,04520006,Quebrada Larga
2024-09-04,51.19,50.29,04520006,Quebrada Larga
2024-09-05,50.72,49.83,04520006,Quebrada Larga
2024-09-06,48.77,47.88,04520006,Quebrada Larga
2024-09-07,48.76,47.87,04520006,Quebrada Larga
2024-09-08,48.63,47.74,04520006,Quebrada Larga
2024-09-09,47.77,46.88,04520006,Quebrada Larga
2024-09-10,47.02,46.12,04520006,Quebrada Larga
2024-09-11,45.89,45.0,04520006,Quebrada Larga
2024-09-12,45.89,45.0,04520006,Quebrada Larga
2024-09-13,45.81,44.92,04520006,Quebrada Larga
2024-09-14,45.85,44.96,04520006,Quebrada Larga
2024-09-15,45.64,44.75,04520006,Quebrada Larga
2024-09-16,45.71,44.82,04520006,Quebrada Larga
2024-09-17,43.73,42.83,04520006,Quebrada Larga
2024-09-18,38.1,37.21,04520006,Quebrada Larga
2024-09-19,36.73,35.83,04520006,Quebrada Larga
2024-09-20,36.06,35.17,04520006,Quebrada Larga
2024-09-21,35.48,34.58,04520006,Quebrada Larga
2024-09-22,35.89,35.0,04520006,Quebrada Larga
2024-09-23,35.89,35.0,04520006,Quebrada Larga
2024-09-24,35.89,35.0,04520006,Quebrada Larga
2024-09-25,35.77,34.88,04520006,Quebrada Larga
2024-09-26,35.73,34.83,04520006,Quebrada Larga
2024-09-27,35.03,34.14,04520006,Quebrada Larga
2024-09-28,32.39,31.5,04520006,Quebrada Larga
2024-09-29,31.02,30.13,04520006,Quebrada Larga
2024-09-30,28.11,27.22,04520006,Quebrada Larga
2024-10-01,23.31,22.42,04520006,Quebrada Larga
2024-10-02,17.68,16.78,04520006,Quebrada Larga
2024-10-03,15.52,14.62,04520006,Quebrada Larga
2024-10-04,13.68,12.78,04520006,Quebrada Larga
2024-10-05,11.35,10.46,04520006,Quebrada Larga
2024-10-06,8.53,7.64,04520006,Quebrada Larga
2024-10-07,15.39,14.5,04520006,Quebrada Larga
2024-10-08,12.19,11.29,04520006,Quebrada Larga
2024-10-09,12.55,11.65,04520006,Quebrada Larga
2024-10-10,8.59,7.7,04520006,Quebrada Larga
2024-10-11,3.72,2.83,04520006,Quebrada Larga
2024-10-12,1.02,0.13,04520006,Quebrada Larga
2024-10-13,0.94,0.05,04520006,Quebrada Larga
2024-10-14,0.89,0.0,04520006,Quebrada Larga
2024-10-15,1.39,0.5,04520006,Quebrada Larga
2024-10-16,1.48,0.58,04520006,Quebrada Larga
2024-10-17,1.48,0.58,04520006,Quebrada Larga
2024-10-18,1.37,0.48,04520006,Quebrada Larga
2024-10-19,0.25,0.75,04520006,Quebrada Larga
2024-10-20,0.04,0.54,04520006,Quebrada Larga
2024-10-21,0.29,0.79,04520006,Quebrada Larga
2024-10-22,0.21,0.71,04520006,Quebrada Larga
2024-10-23,0.28,0.78,04520006,Quebrada Larga
2024-10-24,0.25,0.75,04520006,Quebrada Larga
2024-10-25,0.12,0.62,04520006,Quebrada Larga
2024-10-26,0.17,0.67,04520006,Quebrada Larga
2024-10-27,0.08,0.58,04520006,Quebrada Larga
2024-10-28,0.0,0.29,04520006,Quebrada Larga
2024-10-29,0.0,0.43,04520006,Quebrada Larga
2024-10-30,0.0,0.35,04520006,Quebrada Larga
2024-10-31,0.0,0.42,04520006,Quebrada Larga
2024-11-01,0.02,0.52,04520006,Quebrada Larga
2024-11-02,0.12,0.62,04520006,Quebrada Larga
2024-11-03,0.17,0.67,04520006,Quebrada Larga
2024-11-04,0.17,0.67,04520006,Quebrada Larga
2024-11-05,0.17,0.67,04520006,Quebrada Larga
2024-11-06,0.12,0.62,04520006,Quebrada Larga
2024-11-07,0.0,0.46,04520006,Quebrada Larga
2024-11-08,0.0,0.43,04520006,Quebrada Larga
2024-11-09,0.0,0.38,04520006,Quebrada Larga
2024-11-10,0.0,0.5,04520006,Quebrada Larga
2024-11-11,0.0,0.5,04520006,Quebrada Larga
2024-11-12,0.0,0.38,04520006,Quebrada Larga
2024-11-13,0.0,0.21,04520006,Quebrada Larga
2024-11-14,0.0,0.25,04520006,Quebrada Larga
2024-11-15,0.0,0.12,04520006,Quebrada Larga
2024-11-16,0.0,0.43,04520006,Quebrada Larga
2024-11-17,0.0,0.21,04520006,Quebrada Larga
2024-11-18,0.0,0.33,04520006,Quebrada Larga
2024-11-19,0.0,0.46,04520006,Quebrada Larga
2024-11-20,0.11,0.61,04520006,Quebrada Larga
2024-11-21,0.29,0.79,04520006,Quebrada Larga
2024-11-22,0.75,0.75,04520006,Quebrada Larga
2024-11-23,0.71,0.71,04520006,Quebrada Larga
2024-11-24,0.75,0.75,04520006,Quebrada Larga
2024-11-25,0.55,0.55,04520006,Quebrada Larga
2024-11-26,0.67,0.67,04520006,Quebrada Larga
2024-11-27,0.38,0.38,04520006,Quebrada Larga
2024-11-28,0.62,0.62,04520006,Quebrada Larga
2024-11-29,0.38,0.38,04520006,Quebrada Larga
2024-11-30,0.29,0.29,04520006,Quebrada Larga
2024-12-01,0.38,0.38,04520006,Quebrada Larga
2024-12-02,0.33,0.33,04520006,Quebrada Larga
2024-12-03,0.46,0.46,04520006,Quebrada Larga
2024-12-04,0.17,0.17,04520006,Quebrada Larga
2024-12-05,0.08,0.08,04520006,Quebrada Larga
2024-12-06,0.12,0.12,04520006,Quebrada Larga
2024-12-07,0.25,0.25,04520006,Quebrada Larga
2024-12-08,0.33,0.33,04520006,Quebrada Larga
2024-12-09,0.12,0.12,04520006,Quebrada Larga
2024-12-10,0.08,0.08,04520006,Quebrada Larga
2024-12-11,0.13,0.13,04520006,Quebrada Larga
2024-12-12,0.08,0.08,04520006,Quebrada Larga
2024-12-13,0.22,0.22,04520006,Quebrada Larga
2024-12-14,0.12,0.12,04520006,Quebrada Larga
2024-12-15,0.25,0.25,04520006,Quebrada Larga
2024-12-16,0.21,0.21,04520006,Quebrada Larga
2024-12-17,0.25,0.25,04520006,Quebrada Larga
2024-12-18,,0.79,04520006,Quebrada Larga
2024-12-19,0.33,0.33,04520006,Quebrada Larga
2024-12-20,0.12,0.12,04520006,Quebrada Larga
2024-12-21,0.12,0.12,04520006,Quebrada Larga
2024-12-22,0.12,0.12,04520006,Quebrada Larga
2024-12-23,0.08,0.08,04520006,Quebrada Larga
2024-12-24,0.04,0.04,04520006,Quebrada Larga
2024-12-25,0.0,0.0,04520006,Quebrada Larga
2024-12-26,0.04,0.04,04520006,Quebrada Larga
2024-12-27,0.08,0.08,04520006,Quebrada Larga
2024-12-28,0.04,0.04,04520006,Quebrada Larga
2024-12-29,0.17,0.17,04520006,Quebrada Larga
2024-12-30,0.08,0.08,04520006,Quebrada Larga
2024-12-31,0.0,0.0,04520006,Quebrada Larga
2025-01-01,0.042,0.042,04520006,Quebrada Larga
2025-01-02,0.167,0.167,04520006,Quebrada Larga
2025-01-03,0.208,0.208,04520006,Quebrada Larga
2025-01-04,0.042,0.042,04520006,Quebrada Larga
2025-01-05,0.125,0.125,04520006,Quebrada Larga
2025-01-06,0.208,0.208,04520006,Quebrada Larga
2025-01-07,0.292,0.292,04520006,Quebrada Larga
2025-01-08,0.292,0.292,04520006,Quebrada Larga
2025-01-09,0.25,0.25,04520006,Quebrada Larga
2025-01-10,0.348,0.348,04520006,Quebrada Larga
2025-01-11,0.125,0.125,04520006,Quebrada Larga
2025-01-12,0.042,0.042,04520006,Quebrada Larga
2025-01-13,0.208,0.208,04520006,Quebrada Larga
2025-01-14,0.5,0.5,04520006,Quebrada Larga
2025-01-15,0.13,0.13,04520006,Quebrada Larga
2025-01-16,0.708,0.708,04520006,Quebrada Larga
2025-01-17,0.5,0.5,04520006,Quebrada Larga
2025-01-18,0.333,0.333,04520006,Quebrada Larga
2025-01-19,0.583,0.583,04520006,Quebrada Larga
2025-01-20,0.458,0.458,04520006,Quebrada Larga
2025-01-21,0.542,0.542,04520006,Quebrada Larga
2025-01-22,0.833,0.833,04520006,Quebrada Larga
2025-01-23,0.625,0.625,04520006,Quebrada Larga
2025-01-24,0.0,0.0,04520006,Quebrada Larga
2025-01-25,0.083,0.083,04520006,Quebrada Larga
2025-01-26,0.042,0.042,04520006,Quebrada Larga
2025-01-27,0.304,0.304,04520006,Quebrada Larga
2025-01-28,0.958,0.958,04520006,Quebrada Larga
2025-01-29,0.0,0.0,04520006,Quebrada Larga
2025-01-30,0.0,0.0,04520006,Quebrada Larga
2025-01-31,0.458,0.458,04520006,Quebrada Larga
2025-02-01,0.917,0.917,04520006,Quebrada Larga
2025-02-02,0.792,0.792,04520006,Quebrada Larga
2025-02-03,0.783,0.783,04520006,Quebrada Larga
2025-02-04,0.261,0.261,04520006,Quebrada Larga
2025-02-05,0.5,0.5,04520006,Quebrada Larga
2025-02-06,0.261,0.261,04520006,Quebrada Larga
2025-02-07,0.348,0.348,04520006,Quebrada Larga
2025-02-08,0.0,0.0,04520006,Quebrada Larga
2025-02-09,0.333,0.333,04520006,Quebrada Larga
2025-02-10,0.222,0.222,04520006,Quebrada Larga
2025-02-11,0.2,0.2,04520006,Quebrada Larga
2025-02-12,0.263,0.263,04520006,Quebrada Larga
2025-02-13,0.13,0.13,04520006,Quebrada Larga
2025-02-14,0.143,0.143,04520006,Quebrada Larga
2025-02-15,0.208,0.208,04520006,Quebrada Larga
2025-02-16,0.167,0.167,04520006,Quebrada Larga
2025-02-17,0.167,0.167,04520006,Quebrada Larga
2025-02-18,0.125,0.125,04520006,Quebrada Larga
2025-02-19,0.0,0.0,04520006,Quebrada Larga
2025-02-20,0.217,0.217,04520006,Quebrada Larga
2025-02-21,0.375,0.375,04520006,Quebrada Larga
2025-02-22,0.087,0.087,04520006,Quebrada Larga
2025-02-23,0.043,0.043,04520006,Quebrada Larga
2025-02-24,0.174,0.174,04520006,Quebrada Larga
2025-02-25,0.208,0.208,04520006,Quebrada Larga
2025-02-26,0.409,0.409,04520006,Quebrada Larga
2025-02-27,0.0,0.0,04520006,Quebrada Larga
2025-02-28,0.958,0.958,04520006,Quebrada Larga
2025-03-01,0.583,0.583,04520006,Quebrada Larga
2025-03-02,0.208,0.208,04520006,Quebrada Larga
2025-03-03,0.565,0.565,04520006,Quebrada Larga
2025-03-04,0.542,0.542,04520006,Quebrada Larga
2025-03-05,0.542,0.542,04520006,Quebrada Larga
2025-03-06,0.591,0.591,04520006,Quebrada Larga
2025-03-07,0.348,0.348,04520006,Quebrada Larga
2025-03-08,0.0,0.0,04520006,Quebrada Larga
2025-03-09,0.083,0.083,04520006,Quebrada Larga
2025-03-10,0.208,0.208,04520006,Quebrada Larga
2025-03-11,0.174,0.174,04520006,Quebrada Larga
2025-03-12,0.087,0.087,04520006,Quebrada Larga
2025-03-13,0.125,0.125,04520006,Quebrada Larga
2025-03-14,0.083,0.083,04520006,Quebrada Larga
2025-03-15,0.25,0.25,04520006,Quebrada Larga
2025-03-16,0.565,0.565,04520006,Quebrada Larga
2025-03-17,0.304,0.304,04520006,Quebrada Larga
2025-03-18,0.417,0.417,04520006,Quebrada Larga
2025-03-19,0.375,0.375,04520006,Quebrada Larga
2025-03-20,0.833,0.833,04520006,Quebrada Larga
2025-03-21,0.696,0.696,04520006,Quebrada Larga
2025-03-22,0.75,0.75,04520006,Quebrada Larga
2025-03-23,0.417,0.417,04520006,Quebrada Larga
2025-03-24,0.75,0.75,04520006,Quebrada Larga
2025-03-25,0.375,0.375,04520006,Quebrada Larga
2025-03-26,0.25,0.25,04520006,Quebrada Larga
2025-03-27,0.125,0.125,04520006,Quebrada Larga
2025-03-28,0.167,0.167,04520006,Quebrada Larga
2025-03-29,0.333,0.333,04520006,Quebrada Larga
2025-03-30,0.083,0.083,04520006,Quebrada Larga
2025-03-31,-0.042,-0.042,04520006,Quebrada Larga
2025-04-01,0.083,0.083,04520006,Quebrada Larga
2025-04-02,0.087,0.087,04520006,Quebrada Larga
2025-04-03,0.042,0.042,04520006,Quebrada Larga
2025-04-04,-0.042,-0.042,04520006,Quebrada Larga
2025-04-05,-0.083,-0.083,04520006,Quebrada Larga
2025-04-06,0.042,0.042,04520006,Quebrada Larga
2025-04-07,-0.042,-0.042,04520006,Quebrada Larga
2025-04-08,0.042,0.042,04520006,Quebrada Larga
2025-04-09,0.0,0.0,04520006,Quebrada Larga
2025-04-10,-0.083,-0.083,04520006,Quebrada Larga
2025-04-11,0.0,0.0,04520006,Quebrada Larga
2025-04-12,-0.083,-0.083,04520006,Quebrada Larga
2025-04-13,0.042,0.042,04520006,Quebrada Larga
2025-04-14,0.0,0.0,04520006,Quebrada Larga
2025-04-15,0.0,0.0,04520006,Quebrada Larga
2025-04-16,0.042,0.042,04520006,Quebrada Larga
2025-04-17,0.042,0.042,04520006,Quebrada Larga
2025-04-18,0.0,0.0,04520006,Quebrada Larga
2025-04-19,0.0,0.0,04520006,Quebrada Larga
2025-04-20,0.0,0.0,04520006,Quebrada Larga
2025-04-21,0.0,0.0,04520006,Quebrada Larga
2025-04-22,-0.042,-0.042,04520006,Quebrada Larga
2025-04-23,0.0,0.0,04520006,Quebrada Larga
2025-04-24,0.042,0.042,04520006,Quebrada Larga
2025-04-25,0.0,0.0,04520006,Quebrada Larga
2025-04-26,-0.042,-0.042,04520006,Quebrada Larga
2025-04-27,0.0,0.0,04520006,Quebrada Larga
2025-04-28,-0.042,-0.042,04520006,Quebrada Larga
2025-04-29,-0.083,-0.083,04520006,Quebrada Larga
2025-04-30,0.0,0.0,04520006,Quebrada Larga
2025-05-01,0.0,0.0,04520006,Quebrada Larga
2025-05-02,-0.083,-0.083,04520006,Quebrada Larga
2025-05-03,-0.083,-0.083,04520006,Quebrada Larga
2025-05-04,-0.042,-0.042,04520006,Quebrada Larga
2025-05-05,-0.083,-0.083,04520006,Quebrada Larga
2025-05-06,0.0,0.0,04520006,Quebrada Larga
2025-05-07,-0.042,-0.042,04520006,Quebrada Larga
2025-05-08,0.0,0.0,04520006,Quebrada Larga
2025-05-09,0.083,0.083,04520006,Quebrada Larga
2025-05-10,-0.125,-0.125,04520006,Quebrada Larga
2025-05-11,-0.042,-0.042,04520006,Quebrada Larga
2025-05-12,-0.083,-0.083,04520006,Quebrada Larga
2025-05-13,-0.125,-0.125,04520006,Quebrada Larga
2025-05-14,-0.042,-0.042,04520006,Quebrada Larga
2025-05-15,-0.042,-0.042,04520006,Quebrada Larga
2025-05-16,0.0,0.0,04520006,Quebrada Larga
2025-05-17,0.0,0.0,04520006,Quebrada Larga
2025-05-18,0.0,0.0,04520006,Quebrada Larga
2025-05-19,0.0,0.0,04520006,Quebrada Larga
2025-05-20,-0.042,-0.042,04520006,Quebrada Larga
2025-05-21,-0.083,-0.083,04520006,Quebrada Larga
2025-05-22,-0.043,-0.043,04520006,Quebrada Larga
2025-05-23,-0.083,-0.083,04520006,Quebrada Larga
2025-05-24,-0.083,-0.083,04520006,Quebrada Larga
2025-05-25,-0.083,-0.083,04520006,Quebrada Larga
2025-05-26,0.0,0.0,04520006,Quebrada Larga
2025-05-27,0.0,0.0,04520006,Quebrada Larga
2025-05-28,-0.083,-0.083,04520006,Quebrada Larga
2025-05-29,-0.083,-0.083,04520006,Quebrada Larga
2025-05-30,-0.083,-0.083,04520006,Quebrada Larga
2025-05-31,-0.083,-0.083,04520006,Quebrada Larga
2025-06-01,-0.042,-0.042,04520006,Quebrada Larga
2025-06-02,-0.042,-0.042,04520006,Quebrada Larga
2025-06-03,-0.042,-0.042,04520006,Quebrada Larga
2025-06-04,0.0,0.0,04520006,Quebrada Larga
2025-06-05,0.0,0.0,04520006,Quebrada Larga
2025-06-06,-0.042,-0.042,04520006,Quebrada Larga
2025-06-07,0.043,0.043,04520006,Quebrada Larga
2025-06-08,-0.083,-0.083,04520006,Quebrada Larga
2025-06-09,0.0,0.0,04520006,Quebrada Larga
2025-06-10,-0.125,-0.125,04520006,Quebrada Larga
2025-06-11,-0.083,-0.083,04520006,Quebrada Larga
2025-06-12,0.0,0.0,04520006,Quebrada Larga
2025-06-13,,,04520006,Quebrada Larga
2025-06-14,,,04520006,Quebrada Larga
2025-06-15,0.0,0.0,04520006,Quebrada Larga
2025-06-16,0.0,0.0,04520006,Quebrada Larga
2025-06-17,,,04520006,Quebrada Larga
2025-06-18,,,04520006,Quebrada Larga
2025-06-19,,,04520006,Quebrada Larga
2025-06-20,,,04520006,Quebrada Larga
2025-06-21,,,04520006,Quebrada Larga
2025-06-22,,,04520006,Quebrada Larga
2025-06-23,,,04520006,Quebrada Larga
2025-06-24,,,04520006,Quebrada Larga
2025-06-25,,,04520006,Quebrada Larga
2025-06-26,,,04520006,Quebrada Larga
2025-06-27,,,04520006,Quebrada Larga
2025-06-28,,,04520006,Quebrada Larga
2025-06-29,,,04520006,Quebrada Larga
2025-06-30,,,04520006,Quebrada Larga
2025-07-01,,,04520006,Quebrada Larga
2025-07-02,0.0,0.0,04520006,Quebrada Larga
2025-07-03,0.0,0.0,04520006,Quebrada Larga
2025-07-04,0.0,0.0,04520006,Quebrada Larga
2025-07-05,0.0,0.0,04520006,Quebrada Larga
2025-07-06,0.042,0.042,04520006,Quebrada Larga
2025-07-07,0.0,0.0,04520006,Quebrada Larga
2025-07-08,0.0,0.0,04520006,Quebrada Larga
2025-07-09,0.0,0.0,04520006,Quebrada Larga
2025-07-10,0.292,0.292,04520006,Quebrada Larga
2025-07-11,0.0,0.0,04520006,Quebrada Larga
2025-07-12,0.0,0.0,04520006,Quebrada Larga
2025-07-13,0.0,0.0,04520006,Quebrada Larga
2025-07-14,0.0,0.0,04520006,Quebrada Larga
2025-07-15,0.0,0.0,04520006,Quebrada Larga
2025-07-16,0.0,0.0,04520006,Quebrada Larga
2025-07-17,0.0,0.0,04520006,Quebrada Larga
2025-07-18,-0.043,-0.043,04520006,Quebrada Larga
2025-07-19,0.0,0.0,04520006,Quebrada Larga
2025-07-20,-0.043,-0.043,04520006,Quebrada Larga
2025-07-21,0.0,0.0,04520006,Quebrada Larga
2025-07-22,0.0,0.0,04520006,Quebrada Larga
2025-07-23,0.0,0.0,04520006,Quebrada Larga
2025-07-24,0.0,0.0,04520006,Quebrada Larga
2025-07-25,0.0,0.0,04520006,Quebrada Larga
2025-07-26,0.136,0.136,04520006,Quebrada Larga
2025-07-27,0.042,0.042,04520006,Quebrada Larga
2025-07-28,0.0,0.0,04520006,Quebrada Larga
2025-07-29,0.0,0.0,04520006,Quebrada Larga
2025-07-30,0.0,0.0,04520006,Quebrada Larga
2025-07-31,0.0,0.0,04520006,Quebrada Larga
2025-08-01,,,04520006,Quebrada Larga
2025-08-02,,,04520006,Quebrada Larga
2025-08-03,,,04520006,Quebrada Larga
2025-08-04,,,04520006,Quebrada Larga
2025-08-05,,,04520006,Quebrada Larga
2025-08-06,,,04520006,Quebrada Larga
2025-08-07,,,04520006,Quebrada Larga
2025-08-08,,,04520006,Quebrada Larga
2025-08-09,,,04520006,Quebrada Larga
2025-08-10,,,04520006,Quebrada Larga
2025-08-11,,,04520006,Quebrada Larga
2025-08-12,,,04520006,Quebrada Larga
2025-08-13,,,04520006,Quebrada Larga
2025-08-14,,,04520006,Quebrada Larga
2025-08-15,,,04520006,Quebrada Larga
2025-08-16,,,04520006,Quebrada Larga
2025-08-17,,,04520006,Quebrada Larga
2025-08-18,,,04520006,Quebrada Larga
2025-08-19,,,04520006,Quebrada Larga
2025-08-20,,,04520006,Quebrada Larga
2025-08-21,,,04520006,Quebrada Larga
2025-08-22,,,04520006,Quebrada Larga
2025-08-23,,,04520006,Quebrada Larga
2025-08-24,,,04520006,Quebrada Larga
2025-08-25,,,04520006,Quebrada Larga
2025-08-26,,,04520006,Quebrada Larga
2025-08-27,,,04520006,Quebrada Larga
2025-08-28,,,04520006,Quebrada Larga
2025-08-29,,,04520006,Quebrada Larga
2025-08-30,,,04520006,Quebrada Larga
2025-08-31,,,04520006,Quebrada Larga
2025-09-01,,,04520006,Quebrada Larga
2025-09-02,,,04520006,Quebrada Larga
2025-09-03,,,04520006,Quebrada Larga
2025-09-04,,,04520006,Quebrada Larga
2025-09-05,,,04520006,Quebrada Larga
2025-09-06,,,04520006,Quebrada Larga
2025-09-07,,,04520006,Quebrada Larga
2025-09-08,,,04520006,Quebrada Larga
2025-09-09,,,04520006,Quebrada Larga
2025-09-10,,,04520006,Quebrada Larga
2025-09-11,,,04520006,Quebrada Larga
2025-09-12,,,04520006,Quebrada Larga
2025-09-13,,,04520006,Quebrada Larga
2025-09-14,,,04520006,Quebrada Larga
2025-09-15,,,04520006,Quebrada Larga
2025-09-16,,,04520006,Quebrada Larga
2025-09-17,,,04520006,Quebrada Larga
2025-09-18,,,04520006,Quebrada Larga
2025-09-19,,,04520006,Quebrada Larga
2025-09-20,,,04520006,Quebrada Larga
2025-09-21,,,04520006,Quebrada Larga
2025-09-22,,,04520006,Quebrada Larga
2025-09-23,,,04520006,Quebrada Larga
2025-09-24,0.0,0.0,04520006,Quebrada Larga
2025-09-25,0.0,0.0,04520006,Quebrada Larga
2025-09-26,0.13,0.13,04520006,Quebrada Larga
2025-09-27,0.0,0.0,04520006,Quebrada Larga
2025-09-28,0.0,0.0,04520006,Quebrada Larga
2025-09-29,0.042,0.042,04520006,Quebrada Larga
2025-09-30,0.0,0.0,04520006,Quebrada Larga
2025-10-01,0.042,0.042,04520006,Quebrada Larga
2025-10-02,0.042,0.042,04520006,Quebrada Larga
2025-10-03,0.0,0.0,04520006,Quebrada Larga
2025-10-04,0.083,0.083,04520006,Quebrada Larga
2025-10-05,0.208,0.208,04520006,Quebrada Larga
2025-10-06,0.591,0.591,04520006,Quebrada Larga
2025-10-07,0.5,0.5,04520006,Quebrada Larga
2025-10-08,0.167,0.167,04520006,Quebrada Larga
2025-10-09,0.083,0.083,04520006,Quebrada Larga
2025-10-10,0.333,0.333,04520006,Quebrada Larga
2025-10-11,0.042,0.042,04520006,Quebrada Larga
2025-10-12,0.167,0.167,04520006,Quebrada Larga
2025-10-13,0.167,0.167,04520006,Quebrada Larga
2025-10-14,0.286,0.286,04520006,Quebrada Larga
2025-10-15,0.042,0.042,04520006,Quebrada Larga
2025-10-16,0.125,0.125,04520006,Quebrada Larga
2025-10-17,0.174,0.174,04520006,Quebrada Larga
2025-10-18,0.167,0.167,04520006,Quebrada Larga
2025-10-19,0.083,0.083,04520006,Quebrada Larga
2025-10-20,0.167,0.167,04520006,Quebrada Larga
2025-10-21,0.25,0.25,04520006,Quebrada Larga
2025-10-22,0.208,0.208,04520006,Quebrada Larga
2025-10-23,0.13,0.13,04520006,Quebrada Larga
2025-10-24,0.0,0.0,04520006,Quebrada Larga
2025-10-25,0.25,0.25,04520006,Quebrada Larga
2025-10-26,0.25,0.25,04520006,Quebrada Larga
2025-10-27,0.208,0.208,04520006,Quebrada Larga
2025-10-28,0.5,0.5,04520006,Quebrada Larga
2025-10-29,0.375,0.375,04520006,Quebrada Larga
2025-10-30,0.625,0.625,04520006,Quebrada Larga
2025-10-31,0.083,0.083,04520006,Quebrada Larga
2025-11-01,0.042,0.042,04520006,Quebrada Larga
2025-11-02,0.208,0.208,04520006,Quebrada Larga
2025-11-03,0.208,0.208,04520006,Quebrada Larga
2025-11-04,0.391,0.391,04520006,Quebrada Larga
2025-11-05,0.667,0.667,04520006,Quebrada Larga
2025-11-06,0.0,0.0,04520006,Quebrada Larga
2025-11-07,0.0,0.0,04520006,Quebrada Larga
2025-11-08,0.619,0.619,04520006,Quebrada Larga
2025-11-09,0.583,0.583,04520006,Quebrada Larga
2025-11-10,0.773,0.773,04520006,Quebrada Larga
2025-11-11,0.75,0.75,04520006,Quebrada Larga
2025-11-12,0.833,0.833,04520006,Quebrada Larga
2025-11-13,0.913,0.913,04520006,Quebrada Larga
2025-11-14,0.917,0.917,04520006,Quebrada Larga
2025-11-15,0.917,0.917,04520006,Quebrada Larga
2025-11-16,0.826,0.826,04520006,Quebrada Larga
2025-11-17,0.727,0.727,04520006,Quebrada Larga
2025-11-18,0.545,0.545,04520006,Quebrada Larga
2025-11-19,0.565,0.565,04520006,Quebrada Larga
2025-11-20,0.5,0.5,04520006,Quebrada Larga
2025-11-21,,,04520006,Quebrada Larga
2025-11-22,0.625,0.625,04520006,Quebrada Larga
2025-11-23,0.167,0.167,04520006,Quebrada Larga
2025-11-24,0.208,0.208,04520006,Quebrada Larga
2025-11-25,0.25,0.25,04520006,Quebrada Larga
2025-11-26,0.125,0.125,04520006,Quebrada Larga
2025-11-27,0.375,0.375,04520006,Quebrada Larga
2025-11-28,0.375,0.375,04520006,Quebrada Larga
2025-11-29,0.208,0.208,04520006,Quebrada Larga
2025-11-30,0.333,0.333,04520006,Quebrada Larga
2025-12-01,0.25,0.25,04520006,Quebrada Larga
2025-12-02,0.478,0.478,04520006,Quebrada Larga
2025-12-03,0.333,0.333,04520006,Quebrada Larga
2025-12-04,0.261,0.261,04520006,Quebrada Larga
2025-12-05,0.217,0.217,04520006,Quebrada Larga
2025-12-06,0.875,0.875,04520006,Quebrada Larga
2025-12-07,0.708,0.708,04520006,Quebrada Larga
2025-12-08,0.583,0.583,04520006,Quebrada Larga
2025-12-09,0.458,0.458,04520006,Quebrada Larga
2025-12-10,0.542,0.542,04520006,Quebrada Larga
2025-12-11,0.708,0.708,04520006,Quebrada Larga
2025-12-12,0.783,0.783,04520006,Quebrada Larga
2025-12-13,0.792,0.792,04520006,Quebrada Larga
2025-12-14,0.458,0.458,04520006,Quebrada Larga
2025-12-15,0.833,0.833,04520006,Quebrada Larga
2025-12-16,0.375,0.375,04520006,Quebrada Larga
2025-12-17,0.292,0.292,04520006,Quebrada Larga
2025-12-18,0.333,0.333,04520006,Quebrada Larga
2025-12-19,0.292,0.292,04520006,Quebrada Larga
2025-12-20,0.292,0.292,04520006,Quebrada Larga
2025-12-21,0.208,0.208,04520006,Quebrada Larga
2025-12-22,0.208,0.208,04520006,Quebrada Larga
2025-12-23,0.25,0.25,04520006,Quebrada Larga
2025-12-24,0.25,0.25,04520006,Quebrada Larga
2025-12-25,0.417,0.417,04520006,Quebrada Larga
2025-12-26,0.167,0.167,04520006,Quebrada Larga
2025-12-27,0.125,0.125,04520006,Quebrada Larga
2025-12-28,0.042,0.042,04520006,Quebrada Larga
2025-12-29,0.435,0.435,04520006,Quebrada Larga
2025-12-30,0.75,0.75,04520006,Quebrada Larga
2025-12-31,0.417,0.417,04520006,Quebrada Larga
2026-01-01,0.583,0.583,04520006,Quebrada Larga
2026-01-02,0.167,0.167,04520006,Quebrada Larga
2026-01-03,0.5,0.5,04520006,Quebrada Larga
2026-01-04,0.875,0.875,04520006,Quebrada Larga
2026-01-05,0.75,0.75,04520006,Quebrada Larga
2026-01-06,0.833,0.833,04520006,Quebrada Larga
2026-01-07,0.875,0.875,04520006,Quebrada Larga
2026-01-08,0.957,0.957,04520006,Quebrada Larga
2026-01-09,0.917,0.917,04520006,Quebrada Larga
2026-01-10,0.875,0.875,04520006,Quebrada Larga
2026-01-11,0.917,0.917,04520006,Quebrada Larga
2026-01-12,0.958,0.958,04520006,Quebrada Larga
2026-01-13,0.875,0.875,04520006,Quebrada Larga
2026-01-14,0.913,0.913,04520006,Quebrada Larga
2026-01-15,1.0,1.0,04520006,Quebrada Larga
2026-01-16,0.917,0.917,04520006,Quebrada Larga
2026-01-17,0.958,0.958,04520006,Quebrada Larga
2026-01-18,0.875,0.875,04520006,Quebrada Larga
2026-01-19,0.913,0.913,04520006,Quebrada Larga
2026-01-20,0.833,0.833,04520006,Quebrada Larga
2026-01-21,0.833,0.833,04520006,Quebrada Larga
2026-01-22,0.875,0.875,04520006,Quebrada Larga
2026-01-23,0.958,0.958,04520006,Quebrada Larga
2026-01-24,0.875,0.875,04520006,Quebrada Larga
2026-01-25,0.917,0.917,04520006,Quebrada Larga
2026-01-26,0.857,0.857,04520006,Quebrada Larga
2026-01-27,0.87,0.87,04520006,Quebrada Larga
2026-01-28,0.875,0.875,04520006,Quebrada Larga
2026-01-29,0.958,0.958,04520006,Quebrada Larga
2026-01-30,0.957,0.957,04520006,Quebrada Larga
2026-01-31,0.909,0.909,04520006,Quebrada Larga
2026-02-01,1.0,1.0,04520006,Quebrada Larga
2026-02-02,0.783,0.783,04520006,Quebrada Larga
2026-02-03,0.652,0.652,04520006,Quebrada Larga
2026-02-04,0.917,0.917,04520006,Quebrada Larga
2026-02-05,0.958,0.958,04520006,Quebrada Larga
2026-02-06,0.957,0.957,04520006,Quebrada Larga
2026-02-07,1.042,1.042,04520006,Quebrada Larga
2026-02-08,0.958,0.958,04520006,Quebrada Larga
2026-02-09,1.083,1.083,04520006,Quebrada Larga
2026-02-10,1.0,1.0,04520006,Quebrada Larga
2026-02-11,1.087,1.087,04520006,Quebrada Larga
2026-02-12,0.955,0.955,04520006,Quebrada Larga
2026-02-13,1.0,1.0,04520006,Quebrada Larga
2026-02-14,0.958,0.958,04520006,Quebrada Larga
2026-02-15,1.042,1.042,04520006,Quebrada Larga
2026-02-16,0.957,0.957,04520006,Quebrada Larga
2026-02-17,1.043,1.043,04520006,Quebrada Larga
2026-02-18,0.913,0.913,04520006,Quebrada Larga
2026-02-19,0.958,0.958,04520006,Quebrada Larga
2026-02-20,0.913,0.913,04520006,Quebrada Larga
2026-02-21,1.125,1.125,04520006,Quebrada Larga
2026-02-22,1.083,1.083,04520006,Quebrada Larga
2026-02-23,1.042,1.042,04520006,Quebrada Larga
2026-02-24,1.083,1.083,04520006,Quebrada Larga
2026-02-25,1.125,1.125,04520006,Quebrada Larga
2026-02-26,1.174,1.174,04520006,Quebrada Larga
2026-02-27,1.087,1.087,04520006,Quebrada Larga
2026-02-28,1.083,1.083,04520006,Quebrada Larga
2026-03-01,1.0,1.0,04520006,Quebrada Larga
2026-03-02,1.087,1.087,04520006,Quebrada Larga
2026-03-03,1.042,1.042,04520006,Quebrada Larga
2026-03-04,1.0,1.0,04520006,Quebrada Larga
2026-03-05,0.87,0.87,04520006,Quebrada Larga
2026-03-06,1.042,1.042,04520006,Quebrada Larga
2026-03-07,1.042,1.042,04520006,Quebrada Larga
2026-03-08,1.292,1.292,04520006,Quebrada Larga
2026-03-09,0.75,0.75,04520006,Quebrada Larga
2026-03-10,0.875,0.875,04520006,Quebrada Larga
2026-03-11,0.826,0.826,04520006,Quebrada Larga
2026-03-12,0.708,0.708,04520006,Quebrada Larga
2026-03-13,0.792,0.792,04520006,Quebrada Larga
2026-03-14,0.833,0.833,04520006,Quebrada Larga
2026-03-15,0.875,0.875,04520006,Quebrada Larga
2026-03-16,0.833,0.833,04520006,Quebrada Larga
2026-03-17,0.417,0.417,04520006,Quebrada Larga
2026-03-18,0.542,0.542,04520006,Quebrada Larga
2026-03-19,0.667,0.667,04520006,Quebrada Larga
2026-03-20,0.708,0.708,04520006,Quebrada Larga
2026-03-21,0.458,0.458,04520006,Quebrada Larga
2026-03-22,0.625,0.625,04520006,Quebrada Larga
2026-03-23,0.583,0.583,04520006,Quebrada Larga
2026-03-24,0.652,0.652,04520006,Quebrada Larga
2026-03-25,0.667,0.667,04520006,Quebrada Larga
2026-03-26,0.625,0.625,04520006,Quebrada Larga
2026-03-27,0.333,0.333,04520006,Quebrada Larga
2026-03-28,0.565,0.565,04520006,Quebrada Larga
2026-03-29,0.375,0.375,04520006,Quebrada Larga
2026-03-30,0.292,0.292,04520006,Quebrada Larga
2026-03-31,0.5,0.5,04520006,Quebrada Larga
2026-04-01,0.5,0.5,04520006,Quebrada Larga
2026-04-02,0.583,0.583,04520006,Quebrada Larga
2026-04-03,0.25,0.25,04520006,Quebrada Larga
2026-04-04,0.458,0.458,04520006,Quebrada Larga
2026-04-05,0.583,0.583,04520006,Quebrada Larga
2026-04-06,0.625,0.625,04520006,Quebrada Larga
2026-04-07,0.708,0.708,04520006,Quebrada Larga
2026-04-08,0.667,0.667,04520006,Quebrada Larga
2026-04-09,0.708,0.708,04520006,Quebrada Larga
2026-04-10,0.75,0.75,04520006,Quebrada Larga
2026-04-11,0.667,0.667,04520006,Quebrada Larga
2026-04-12,0.333,0.333,04520006,Quebrada Larga
2026-04-13,0.708,0.708,04520006,Quebrada Larga
2026-04-14,0.708,0.708,04520006,Quebrada Larga
2026-04-15,0.87,0.87,04520006,Quebrada Larga
2026-04-16,0.739,0.739,04520006,Quebrada Larga
2026-04-17,0.542,0.542,04520006,Quebrada Larga
2026-04-18,0.458,0.458,04520006,Quebrada Larga
2026-04-19,0.208,0.208,04520006,Quebrada Larga
2026-04-20,0.75,0.75,04520006,Quebrada Larga
2026-04-21,0.458,0.458,04520006,Quebrada Larga
2026-04-22,0.583,0.583,04520006,Quebrada Larga
2026-04-23,0.542,0.542,04520006,Quebrada Larga
2026-04-24,0.542,0.542,04520006,Quebrada Larga
2026-04-25,0.667,0.667,04520006,Quebrada Larga
2026-04-26,0.792,0.792,04520006,Quebrada Larga
2026-04-27,0.75,0.75,04520006,Quebrada Larga
2026-04-28,0.333,0.333,04520006,Quebrada Larga
2026-04-29,0.458,0.458,04520006,Quebrada Larga
2026-04-30,0.417,0.417,04520006,Quebrada Larga
2026-05-01,0.5,0.5,04520006,Quebrada Larga
2026-05-02,0.667,0.667,04520006,Quebrada Larga
2026-05-03,0.417,0.417,04520006,Quebrada Larga
2026-05-04,0.417,0.417,04520006,Quebrada Larga
2026-05-05,0.583,0.583,04520006,Quebrada Larga
2026-05-06,0.826,0.826,04520006,Quebrada Larga
2026-05-07,0.667,0.667,04520006,Quebrada Larga
2026-05-08,0.783,0.783,04520006,Quebrada Larga
2026-05-09,0.458,0.458,04520006,Quebrada Larga
2026-05-10,0.292,0.292,04520006,Quebrada Larga
2026-05-11,0.5,0.5,04520006,Quebrada Larga
2026-05-12,0.667,0.667,04520006,Quebrada Larga
2026-05-13,0.5,0.5,04520006,Quebrada Larga
2026-05-14,0.667,0.667,04520006,Quebrada Larga
2026-05-15,0.5,0.5,04520006,Quebrada Larga
2026-05-16,0.583,0.583,04520006,Quebrada Larga
2026-05-17,0.667,0.667,04520006,Quebrada Larga
2026-05-18,0.75,0.75,04520006,Quebrada Larga
2026-05-19,0.708,0.708,04520006,Quebrada Larga
2026-05-20,0.5,0.5,04520006,Quebrada Larga
2026-05-21,0.667,0.667,04520006,Quebrada Larga
2026-05-22,0.667,0.667,04520006,Quebrada Larga
2026-05-23,0.5,0.5,04520006,Quebrada Larga
2026-05-24,0.458,0.458,04520006,Quebrada Larga
2026-05-25,0.391,0.391,04520006,Quebrada Larga
2026-05-26,0.375,0.375,04520006,Quebrada Larga
2026-05-27,0.375,0.375,04520006,Quebrada Larga
2026-05-28,0.5,0.5,04520006,Quebrada Larga
2026-05-29,0.708,0.708,04520006,Quebrada Larga
2026-05-30,0.625,0.625,04520006,Quebrada Larga
2026-05-31,0.667,0.667,04520006,Quebrada Larga
2026-06-01,0.5,0.5,04520006,Quebrada Larga
2026-06-02,0.417,0.417,04520006,Quebrada Larga
2026-06-03,0.417,0.417,04520006,Quebrada Larga
2026-06-04,0.542,0.542,04520006,Quebrada Larga
2026-06-05,0.583,0.583,04520006,Quebrada Larga
2026-06-06,0.333,0.333,04520006,Quebrada Larga
2026-06-07,0.542,0.542,04520006,Quebrada Larga
2026-06-08,0.542,0.542,04520006,Quebrada Larga
2026-06-09,0.625,0.625,04520006,Quebrada Larga
2026-06-10,14.375,14.375,04520006,Quebrada Larga
2026-06-11,18.333,18.333,04520006,Quebrada Larga
2026-06-12,13.458,13.458,04520006,Quebrada Larga
2026-06-13,11.292,11.292,04520006,Quebrada Larga
2026-06-14,10.375,10.375,04520006,Quebrada Larga
2026-06-15,9.042,9.042,04520006,Quebrada Larga
2026-06-16,7.958,7.958,04520006,Quebrada Larga
2026-06-17,8.542,8.542,04520006,Quebrada Larga
2026-06-18,17.583,17.583,04520006,Quebrada Larga
2026-06-19,14.833,14.833,04520006,Quebrada Larga
2026-06-20,13.208,13.208,04520006,Quebrada Larga
2026-06-21,11.292,11.292,04520006,Quebrada Larga
2026-06-22,10.583,10.583,04520006,Quebrada Larga
2026-06-23,10.292,10.292,04520006,Quebrada Larga
2026-06-24,10.542,10.542,04520006,Quebrada Larga
2026-06-25,9.458,9.458,04520006,Quebrada Larga
2026-06-26,9.0,9.0,04520006,Quebrada Larga
2026-06-27,8.75,8.75,04520006,Quebrada Larga
2026-06-28,8.042,8.042,04520006,Quebrada Larga
2026-06-29,8.0,8.0,04520006,Quebrada Larga
2026-06-30,7.667,7.667,04520006,Quebrada Larga
2026-07-01,6.958,6.958,04520006,Quebrada Larga
2026-07-02,6.875,6.875,04520006,Quebrada Larga
2026-07-03,6.0,6.0,04520006,Quebrada Larga
2026-07-04,5.417,5.417,04520006,Quebrada Larga
2026-07-05,4.75,4.75,04520006,Quebrada Larga
2026-07-06,4.542,4.542,04520006,Quebrada Larga
2026-07-07,4.0,4.0,04520006,Quebrada Larga
2026-07-08,3.917,3.917,04520006,Quebrada Larga
2026-07-09,3.708,3.708,04520006,Quebrada Larga
2026-07-10,3.042,3.042,04520006,Quebrada Larga
2026-07-11,3.0,3.0,04520006,Quebrada Larga
2026-07-12,2.208,2.208,04520006,Quebrada Larga
2026-07-13,0.875,0.875,04520006,Quebrada Larga
2026-07-14,1.0,1.0,04520006,Quebrada Larga
2026-07-15,1.556,1.556,04520006,Quebrada Larga
2026-07-16,15.357,15.357,04520006,Quebrada Larga
2026-07-17,56.417,56.417,04520006,Quebrada Larga
2026-07-18,108.375,108.375,04520006,Quebrada Larga
2026-07-19,146.208,146.208,04520006,Quebrada Larga
2026-07-20,183.125,183.125,04520006,Quebrada Larga
2026-07-21,194.917,194.917,04520006,Quebrada Larga
2026-07-22,186.875,186.875,04520006,Quebrada Larga
2026-07-23,182.625,182.625,04520006,Quebrada Larga
2026-07-24,185.292,185.292,04520006,Quebrada Larga
2026-07-25,174.458,174.458,04520006,Quebrada Larga
2026-07-26,169.333,169.333,04520006,Quebrada Larga
2026-07-27,166.833,166.833,04520006,Quebrada Larga
2026-07-28,164.542,164.542,04520006,Quebrada Larga
2026-07-29,159.958,159.958,04520006,Quebrada Larga
2026-07-30,154.792,154.792,04520006,Quebrada Larga
2026-07-31,164.0,164.0,04520006,Quebrada Larga
2026-08-01,177.458,177.458,04520006,Quebrada Larga
2026-08-02,169.208,169.208,04520006,Quebrada Larga
2026-08-03,166.042,166.042,04520006,Quebrada Larga
2026-08-04,164.083,164.083,04520006,Quebrada Larga
2026-08-05,159.792,159.792,04520006,Quebrada Larga
2026-08-06,151.958,151.958,04520006,Quebrada Larga
2026-08-07,149.708,149.708,04520006,Quebrada Larga
2026-08-08,147.5,147.5,04520006,Quebrada Larga
2026-08-09,145.75,145.75,04520006,Quebrada Larga
2026-08-10,143.917,143.917,04520006,Quebrada Larga
2026-08-11,142.125,142.125,04520006,Quebrada Larga
2026-08-12,174.0,174.0,04520006,Quebrada Larga
2026-08-13,179.333,179.333,04520006,Quebrada Larga
2026-08-14,182.083,182.083,04520006,Quebrada Larga
2026-08-15,183.083,183.083,04520006,Quebrada Larga
2026-08-16,191.0,191.0,04520006,Quebrada Larga
2026-08-17,186.583,186.583,04520006,Quebrada Larga
2026-08-18,182.75,182.75,04520006,Quebrada Larga
2026-08-19,179.458,179.458,04520006,Quebrada Larga
2026-08-20,176.652,176.652,04520006,Quebrada Larga
2026-08-21,173.042,173.042,04520006,Quebrada Larga
2026-08-22,168.667,168.667,04520006,Quebrada Larga
2026-08-23,164.458,164.458,04520006,Quebrada Larga
2026-08-24,161.417,161.417,04520006,Quebrada Larga
2026-08-25,160.875,160.875,04520006,Quebrada Larga
2026-08-26,160.125,160.125,04520006,Quebrada Larga
2026-08-27,158.917,158.917,04520006,Quebrada Larga
2026-08-28,157.458,157.458,04520006,Quebrada Larga
2026-08-29,157.0,157.0,04520006,Quebrada Larga
2026-08-30,156.875,156.875,04520006,Quebrada Larga
2026-08-31,158.458,158.458,04520006,Quebrada Larga
